id,type,amount,touristId,zone,timestamp
1,TICKET,25.0,1,Lugar de Arribo,2026-05-21T14:45:06.342755400
2,TICKET,25.0,2,Lugar de Arribo,2026-05-21T14:45:06.347224
3,TICKET,25.0,3,Lugar de Arribo,2026-05-21T14:45:06.348453800
4,TICKET,25.0,4,Lugar de Arribo,2026-05-21T14:45:06.348453800
5,TICKET,25.0,5,Lugar de Arribo,2026-05-21T14:45:06.349589300
1,ENCLOSURE_FEE_BASIC,10.0,1,Recinto Básico,2026-05-21T14:45:06.350774100
1,SPA_SERVICE,20.0,2,Baños y SPA,2026-05-21T14:45:06.353169600
1,ENCLOSURE_FEE_PREMIUM,30.0,2,Recinto Premium,2026-05-21T14:45:06.354171500
1,SOUVENIR,15.0,3,Recinto Central,2026-05-21T14:45:06.354171500
1,ENCLOSURE_FEE_VIP,75.0,3,Recinto VIP,2026-05-21T14:45:06.355510600
2,SOUVENIR,15.0,4,Recinto Central,2026-05-21T14:45:06.355510600
2,ENCLOSURE_FEE_VIP,75.0,4,Recinto VIP,2026-05-21T14:45:06.356927500
3,SOUVENIR,15.0,5,Recinto Central,2026-05-21T14:45:06.357923500
2,ENCLOSURE_FEE_BASIC,10.0,5,Recinto Básico,2026-05-21T14:45:06.357923500
6,TICKET,25.0,6,Lugar de Arribo,2026-05-21T14:45:06.368006800
7,TICKET,25.0,7,Lugar de Arribo,2026-05-21T14:45:06.369162700
8,TICKET,25.0,8,Lugar de Arribo,2026-05-21T14:45:06.369162700
9,TICKET,25.0,9,Lugar de Arribo,2026-05-21T14:45:06.370486400
10,TICKET,25.0,10,Lugar de Arribo,2026-05-21T14:45:06.370486400
4,SOUVENIR,15.0,1,Recinto Central,2026-05-21T14:45:06.371485800
3,ENCLOSURE_FEE_BASIC,10.0,1,Recinto Básico,2026-05-21T14:45:06.371485800
2,ENCLOSURE_FEE_PREMIUM,30.0,2,Recinto Premium,2026-05-21T14:45:06.372483
4,ENCLOSURE_FEE_BASIC,10.0,3,Recinto Básico,2026-05-21T14:45:06.373486700
3,ENCLOSURE_FEE_PREMIUM,30.0,4,Recinto Premium,2026-05-21T14:45:06.373486700
5,SOUVENIR,15.0,5,Recinto Central,2026-05-21T14:45:06.374483900
4,ENCLOSURE_FEE_PREMIUM,30.0,5,Recinto Premium,2026-05-21T14:45:06.375487700
6,SOUVENIR,15.0,6,Recinto Central,2026-05-21T14:45:06.375487700
3,ENCLOSURE_FEE_VIP,75.0,6,Recinto VIP,2026-05-21T14:45:06.376738300
7,SOUVENIR,15.0,7,Recinto Central,2026-05-21T14:45:06.376738300
2,SPA_SERVICE,20.0,7,Baños y SPA,2026-05-21T14:45:06.378139600
5,ENCLOSURE_FEE_PREMIUM,30.0,7,Recinto Premium,2026-05-21T14:45:06.378139600
6,ENCLOSURE_FEE_PREMIUM,30.0,8,Recinto Premium,2026-05-21T14:45:06.378139600
8,SOUVENIR,15.0,9,Recinto Central,2026-05-21T14:45:06.379137200
3,SPA_SERVICE,20.0,9,Baños y SPA,2026-05-21T14:45:06.379137200
4,ENCLOSURE_FEE_VIP,75.0,9,Recinto VIP,2026-05-21T14:45:06.379137200
9,SOUVENIR,15.0,10,Recinto Central,2026-05-21T14:45:06.380460400
4,SPA_SERVICE,20.0,10,Baños y SPA,2026-05-21T14:45:06.381461700
5,ENCLOSURE_FEE_BASIC,10.0,10,Recinto Básico,2026-05-21T14:45:06.381461700
11,TICKET,25.0,11,Lugar de Arribo,2026-05-21T14:45:06.382671900
12,TICKET,25.0,12,Lugar de Arribo,2026-05-21T14:45:06.384054700
13,TICKET,25.0,13,Lugar de Arribo,2026-05-21T14:45:06.384054700
14,TICKET,25.0,14,Lugar de Arribo,2026-05-21T14:45:06.385556600
15,TICKET,25.0,15,Lugar de Arribo,2026-05-21T14:45:06.385556600
6,ENCLOSURE_FEE_BASIC,10.0,1,Recinto Básico,2026-05-21T14:45:06.386555
7,ENCLOSURE_FEE_BASIC,10.0,2,Recinto Básico,2026-05-21T14:45:06.386555
10,SOUVENIR,15.0,3,Recinto Central,2026-05-21T14:45:06.387819500
8,ENCLOSURE_FEE_BASIC,10.0,3,Recinto Básico,2026-05-21T14:45:06.388816400
7,ENCLOSURE_FEE_PREMIUM,30.0,4,Recinto Premium,2026-05-21T14:45:06.388816400
11,SOUVENIR,15.0,5,Recinto Central,2026-05-21T14:45:06.389816500
9,ENCLOSURE_FEE_BASIC,10.0,5,Recinto Básico,2026-05-21T14:45:06.389816500
12,SOUVENIR,15.0,6,Recinto Central,2026-05-21T14:45:06.390814300
5,ENCLOSURE_FEE_VIP,75.0,6,Recinto VIP,2026-05-21T14:45:06.390814300
8,ENCLOSURE_FEE_PREMIUM,30.0,7,Recinto Premium,2026-05-21T14:45:06.391815600
9,ENCLOSURE_FEE_PREMIUM,30.0,8,Recinto Premium,2026-05-21T14:45:06.391815600
13,SOUVENIR,15.0,9,Recinto Central,2026-05-21T14:45:06.392815
6,ENCLOSURE_FEE_VIP,75.0,9,Recinto VIP,2026-05-21T14:45:06.392815
14,SOUVENIR,15.0,10,Recinto Central,2026-05-21T14:45:06.393814800
10,ENCLOSURE_FEE_PREMIUM,30.0,10,Recinto Premium,2026-05-21T14:45:06.393814800
15,SOUVENIR,15.0,11,Recinto Central,2026-05-21T14:45:06.394821700
11,ENCLOSURE_FEE_PREMIUM,30.0,11,Recinto Premium,2026-05-21T14:45:06.394821700
16,SOUVENIR,15.0,12,Recinto Central,2026-05-21T14:45:06.396315500
12,ENCLOSURE_FEE_PREMIUM,30.0,12,Recinto Premium,2026-05-21T14:45:06.396315500
13,ENCLOSURE_FEE_PREMIUM,30.0,13,Recinto Premium,2026-05-21T14:45:06.397339300
10,ENCLOSURE_FEE_BASIC,10.0,14,Recinto Básico,2026-05-21T14:45:06.397339300
17,SOUVENIR,15.0,15,Recinto Central,2026-05-21T14:45:06.398338700
7,ENCLOSURE_FEE_VIP,75.0,15,Recinto VIP,2026-05-21T14:45:06.398849600
16,TICKET,25.0,16,Lugar de Arribo,2026-05-21T14:45:06.400862700
17,TICKET,25.0,17,Lugar de Arribo,2026-05-21T14:45:06.401861800
18,TICKET,25.0,18,Lugar de Arribo,2026-05-21T14:45:06.402866
19,TICKET,25.0,19,Lugar de Arribo,2026-05-21T14:45:06.402866
20,TICKET,25.0,20,Lugar de Arribo,2026-05-21T14:45:06.403868700
11,ENCLOSURE_FEE_BASIC,10.0,1,Recinto Básico,2026-05-21T14:45:06.403868700
18,SOUVENIR,15.0,2,Recinto Central,2026-05-21T14:45:06.404868600
8,ENCLOSURE_FEE_VIP,75.0,2,Recinto VIP,2026-05-21T14:45:06.405870500
5,SPA_SERVICE,20.0,3,Baños y SPA,2026-05-21T14:45:06.405870500
12,ENCLOSURE_FEE_BASIC,10.0,3,Recinto Básico,2026-05-21T14:45:06.406861100
14,ENCLOSURE_FEE_PREMIUM,30.0,4,Recinto Premium,2026-05-21T14:45:06.407954900
13,ENCLOSURE_FEE_BASIC,10.0,5,Recinto Básico,2026-05-21T14:45:06.407954900
19,SOUVENIR,15.0,6,Recinto Central,2026-05-21T14:45:06.407954900
14,ENCLOSURE_FEE_BASIC,10.0,6,Recinto Básico,2026-05-21T14:45:06.409298200
9,ENCLOSURE_FEE_VIP,75.0,7,Recinto VIP,2026-05-21T14:45:06.409298200
15,ENCLOSURE_FEE_BASIC,10.0,8,Recinto Básico,2026-05-21T14:45:06.410299500
15,ENCLOSURE_FEE_PREMIUM,30.0,9,Recinto Premium,2026-05-21T14:45:06.410299500
16,ENCLOSURE_FEE_PREMIUM,30.0,10,Recinto Premium,2026-05-21T14:45:06.411432700
20,SOUVENIR,15.0,11,Recinto Central,2026-05-21T14:45:06.412444300
10,ENCLOSURE_FEE_VIP,75.0,11,Recinto VIP,2026-05-21T14:45:06.412444300
17,ENCLOSURE_FEE_PREMIUM,30.0,12,Recinto Premium,2026-05-21T14:45:06.412444300
18,ENCLOSURE_FEE_PREMIUM,30.0,13,Recinto Premium,2026-05-21T14:45:06.413646100
16,ENCLOSURE_FEE_BASIC,10.0,14,Recinto Básico,2026-05-21T14:45:06.414649700
11,ENCLOSURE_FEE_VIP,75.0,15,Recinto VIP,2026-05-21T14:45:06.415641700
17,ENCLOSURE_FEE_BASIC,10.0,16,Recinto Básico,2026-05-21T14:45:06.415641700
12,ENCLOSURE_FEE_VIP,75.0,17,Recinto VIP,2026-05-21T14:45:06.416651900
18,ENCLOSURE_FEE_BASIC,10.0,18,Recinto Básico,2026-05-21T14:45:06.416651900
21,SOUVENIR,15.0,19,Recinto Central,2026-05-21T14:45:06.417644400
13,ENCLOSURE_FEE_VIP,75.0,19,Recinto VIP,2026-05-21T14:45:06.418644700
14,ENCLOSURE_FEE_VIP,75.0,20,Recinto VIP,2026-05-21T14:45:06.419964400
21,TICKET,25.0,21,Lugar de Arribo,2026-05-21T14:45:06.420962300
22,TICKET,25.0,22,Lugar de Arribo,2026-05-21T14:45:06.422447300
23,TICKET,25.0,23,Lugar de Arribo,2026-05-21T14:45:06.423450900
24,TICKET,25.0,24,Lugar de Arribo,2026-05-21T14:45:06.424810200
25,TICKET,25.0,25,Lugar de Arribo,2026-05-21T14:45:06.424810200
19,ENCLOSURE_FEE_BASIC,10.0,1,Recinto Básico,2026-05-21T14:45:06.426312600
22,SOUVENIR,15.0,2,Recinto Central,2026-05-21T14:45:06.426312600
20,ENCLOSURE_FEE_BASIC,10.0,2,Recinto Básico,2026-05-21T14:45:06.427310700
19,ENCLOSURE_FEE_PREMIUM,30.0,3,Recinto Premium,2026-05-21T14:45:06.428310400
15,ENCLOSURE_FEE_VIP,75.0,4,Recinto VIP,2026-05-21T14:45:06.428310400
23,SOUVENIR,15.0,5,Recinto Central,2026-05-21T14:45:06.429647200
21,ENCLOSURE_FEE_BASIC,10.0,5,Recinto Básico,2026-05-21T14:45:06.429647200
24,SOUVENIR,15.0,6,Recinto Central,2026-05-21T14:45:06.430648200
22,ENCLOSURE_FEE_BASIC,10.0,6,Recinto Básico,2026-05-21T14:45:06.430648200
20,ENCLOSURE_FEE_PREMIUM,30.0,7,Recinto Premium,2026-05-21T14:45:06.431650
25,SOUVENIR,15.0,8,Recinto Central,2026-05-21T14:45:06.432651900
21,ENCLOSURE_FEE_PREMIUM,30.0,8,Recinto Premium,2026-05-21T14:45:06.433665400
16,ENCLOSURE_FEE_VIP,75.0,9,Recinto VIP,2026-05-21T14:45:06.434923300
26,SOUVENIR,15.0,10,Recinto Central,2026-05-21T14:45:06.434923300
22,ENCLOSURE_FEE_PREMIUM,30.0,10,Recinto Premium,2026-05-21T14:45:06.436189600
27,SOUVENIR,15.0,11,Recinto Central,2026-05-21T14:45:06.437181900
23,ENCLOSURE_FEE_PREMIUM,30.0,11,Recinto Premium,2026-05-21T14:45:06.437181900
28,SOUVENIR,15.0,12,Recinto Central,2026-05-21T14:45:06.438183
24,ENCLOSURE_FEE_PREMIUM,30.0,12,Recinto Premium,2026-05-21T14:45:06.439184
29,SOUVENIR,15.0,13,Recinto Central,2026-05-21T14:45:06.439184
25,ENCLOSURE_FEE_PREMIUM,30.0,13,Recinto Premium,2026-05-21T14:45:06.440182200
30,SOUVENIR,15.0,14,Recinto Central,2026-05-21T14:45:06.441186100
17,ENCLOSURE_FEE_VIP,75.0,14,Recinto VIP,2026-05-21T14:45:06.441186100
18,ENCLOSURE_FEE_VIP,75.0,15,Recinto VIP,2026-05-21T14:45:06.441186100
19,ENCLOSURE_FEE_VIP,75.0,16,Recinto VIP,2026-05-21T14:45:06.442319900
23,ENCLOSURE_FEE_BASIC,10.0,17,Recinto Básico,2026-05-21T14:45:06.442319900
31,SOUVENIR,15.0,18,Recinto Central,2026-05-21T14:45:06.443604800
26,ENCLOSURE_FEE_PREMIUM,30.0,18,Recinto Premium,2026-05-21T14:45:06.444605100
32,SOUVENIR,15.0,19,Recinto Central,2026-05-21T14:45:06.445723500
20,ENCLOSURE_FEE_VIP,75.0,19,Recinto VIP,2026-05-21T14:45:06.445723500
27,ENCLOSURE_FEE_PREMIUM,30.0,20,Recinto Premium,2026-05-21T14:45:06.446728800
33,SOUVENIR,15.0,21,Recinto Central,2026-05-21T14:45:06.446728800
28,ENCLOSURE_FEE_PREMIUM,30.0,21,Recinto Premium,2026-05-21T14:45:06.447728800
29,ENCLOSURE_FEE_PREMIUM,30.0,22,Recinto Premium,2026-05-21T14:45:06.447728800
30,ENCLOSURE_FEE_PREMIUM,30.0,23,Recinto Premium,2026-05-21T14:45:06.448730500
24,ENCLOSURE_FEE_BASIC,10.0,24,Recinto Básico,2026-05-21T14:45:06.449241200
34,SOUVENIR,15.0,25,Recinto Central,2026-05-21T14:45:06.450255300
21,ENCLOSURE_FEE_VIP,75.0,25,Recinto VIP,2026-05-21T14:45:06.450255300
26,TICKET,25.0,26,Lugar de Arribo,2026-05-21T14:45:06.452277100
27,TICKET,25.0,27,Lugar de Arribo,2026-05-21T14:45:06.453272800
28,TICKET,25.0,28,Lugar de Arribo,2026-05-21T14:45:06.454271100
29,TICKET,25.0,29,Lugar de Arribo,2026-05-21T14:45:06.454271100
30,TICKET,25.0,30,Lugar de Arribo,2026-05-21T14:45:06.454271100
22,ENCLOSURE_FEE_VIP,75.0,1,Recinto VIP,2026-05-21T14:45:06.455265900
23,ENCLOSURE_FEE_VIP,75.0,2,Recinto VIP,2026-05-21T14:45:06.456267700
31,ENCLOSURE_FEE_PREMIUM,30.0,3,Recinto Premium,2026-05-21T14:45:06.456267700
32,ENCLOSURE_FEE_PREMIUM,30.0,4,Recinto Premium,2026-05-21T14:45:06.457267400
25,ENCLOSURE_FEE_BASIC,10.0,5,Recinto Básico,2026-05-21T14:45:06.457267400
35,SOUVENIR,15.0,6,Recinto Central,2026-05-21T14:45:06.458267
33,ENCLOSURE_FEE_PREMIUM,30.0,6,Recinto Premium,2026-05-21T14:45:06.458267
34,ENCLOSURE_FEE_PREMIUM,30.0,7,Recinto Premium,2026-05-21T14:45:06.458267
26,ENCLOSURE_FEE_BASIC,10.0,8,Recinto Básico,2026-05-21T14:45:06.459267
36,SOUVENIR,15.0,9,Recinto Central,2026-05-21T14:45:06.459267
35,ENCLOSURE_FEE_PREMIUM,30.0,9,Recinto Premium,2026-05-21T14:45:06.459267
36,ENCLOSURE_FEE_PREMIUM,30.0,10,Recinto Premium,2026-05-21T14:45:06.460268200
37,ENCLOSURE_FEE_PREMIUM,30.0,11,Recinto Premium,2026-05-21T14:45:06.460268200
24,ENCLOSURE_FEE_VIP,75.0,12,Recinto VIP,2026-05-21T14:45:06.461263200
38,ENCLOSURE_FEE_PREMIUM,30.0,13,Recinto Premium,2026-05-21T14:45:06.461263200
25,ENCLOSURE_FEE_VIP,75.0,14,Recinto VIP,2026-05-21T14:45:06.462281300
27,ENCLOSURE_FEE_BASIC,10.0,15,Recinto Básico,2026-05-21T14:45:06.462281300
28,ENCLOSURE_FEE_BASIC,10.0,16,Recinto Básico,2026-05-21T14:45:06.462281300
29,ENCLOSURE_FEE_BASIC,10.0,17,Recinto Básico,2026-05-21T14:45:06.463286200
39,ENCLOSURE_FEE_PREMIUM,30.0,18,Recinto Premium,2026-05-21T14:45:06.463286200
26,ENCLOSURE_FEE_VIP,75.0,19,Recinto VIP,2026-05-21T14:45:06.464752900
40,ENCLOSURE_FEE_PREMIUM,30.0,20,Recinto Premium,2026-05-21T14:45:06.464752900
37,SOUVENIR,15.0,21,Recinto Central,2026-05-21T14:45:06.465752800
41,ENCLOSURE_FEE_PREMIUM,30.0,21,Recinto Premium,2026-05-21T14:45:06.465752800
27,ENCLOSURE_FEE_VIP,75.0,22,Recinto VIP,2026-05-21T14:45:06.466751300
38,SOUVENIR,15.0,23,Recinto Central,2026-05-21T14:45:06.467261300
42,ENCLOSURE_FEE_PREMIUM,30.0,23,Recinto Premium,2026-05-21T14:45:06.467261300
28,ENCLOSURE_FEE_VIP,75.0,24,Recinto VIP,2026-05-21T14:45:06.468633400
43,ENCLOSURE_FEE_PREMIUM,30.0,25,Recinto Premium,2026-05-21T14:45:06.468633400
30,ENCLOSURE_FEE_BASIC,10.0,26,Recinto Básico,2026-05-21T14:45:06.469980700
31,ENCLOSURE_FEE_BASIC,10.0,27,Recinto Básico,2026-05-21T14:45:06.470981600
32,ENCLOSURE_FEE_BASIC,10.0,28,Recinto Básico,2026-05-21T14:45:06.470981600
33,ENCLOSURE_FEE_BASIC,10.0,29,Recinto Básico,2026-05-21T14:45:06.471980
44,ENCLOSURE_FEE_PREMIUM,30.0,30,Recinto Premium,2026-05-21T14:45:06.471980
45,ENCLOSURE_FEE_PREMIUM,30.0,1,Recinto Premium,2026-05-21T14:45:06.473487400
34,ENCLOSURE_FEE_BASIC,10.0,2,Recinto Básico,2026-05-21T14:45:06.474497300
6,SPA_SERVICE,20.0,3,Baños y SPA,2026-05-21T14:45:06.474497300
29,ENCLOSURE_FEE_VIP,75.0,3,Recinto VIP,2026-05-21T14:45:06.475916800
30,ENCLOSURE_FEE_VIP,75.0,4,Recinto VIP,2026-05-21T14:45:06.475916800
39,SOUVENIR,15.0,5,Recinto Central,2026-05-21T14:45:06.476920600
7,SPA_SERVICE,20.0,5,Baños y SPA,2026-05-21T14:45:06.477917300
31,ENCLOSURE_FEE_VIP,75.0,5,Recinto VIP,2026-05-21T14:45:06.477917300
40,SOUVENIR,15.0,6,Recinto Central,2026-05-21T14:45:06.477917300
35,ENCLOSURE_FEE_BASIC,10.0,6,Recinto Básico,2026-05-21T14:45:06.479074400
32,ENCLOSURE_FEE_VIP,75.0,7,Recinto VIP,2026-05-21T14:45:06.479074400
46,ENCLOSURE_FEE_PREMIUM,30.0,8,Recinto Premium,2026-05-21T14:45:06.480476200
41,SOUVENIR,15.0,9,Recinto Central,2026-05-21T14:45:06.480476200
47,ENCLOSURE_FEE_PREMIUM,30.0,9,Recinto Premium,2026-05-21T14:45:06.480476200
36,ENCLOSURE_FEE_BASIC,10.0,10,Recinto Básico,2026-05-21T14:45:06.481899800
42,SOUVENIR,15.0,11,Recinto Central,2026-05-21T14:45:06.481899800
33,ENCLOSURE_FEE_VIP,75.0,11,Recinto VIP,2026-05-21T14:45:06.482902300
48,ENCLOSURE_FEE_PREMIUM,30.0,12,Recinto Premium,2026-05-21T14:45:06.484039600
49,ENCLOSURE_FEE_PREMIUM,30.0,13,Recinto Premium,2026-05-21T14:45:06.484039600
43,SOUVENIR,15.0,14,Recinto Central,2026-05-21T14:45:06.485042200
37,ENCLOSURE_FEE_BASIC,10.0,14,Recinto Básico,2026-05-21T14:45:06.485042200
34,ENCLOSURE_FEE_VIP,75.0,15,Recinto VIP,2026-05-21T14:45:06.486046400
50,ENCLOSURE_FEE_PREMIUM,30.0,16,Recinto Premium,2026-05-21T14:45:06.486046400
35,ENCLOSURE_FEE_VIP,75.0,17,Recinto VIP,2026-05-21T14:45:06.487480200
38,ENCLOSURE_FEE_BASIC,10.0,18,Recinto Básico,2026-05-21T14:45:06.487480200
36,ENCLOSURE_FEE_VIP,75.0,19,Recinto VIP,2026-05-21T14:45:06.487480200
51,ENCLOSURE_FEE_PREMIUM,30.0,20,Recinto Premium,2026-05-21T14:45:06.488483200
39,ENCLOSURE_FEE_BASIC,10.0,21,Recinto Básico,2026-05-21T14:45:06.488483200
37,ENCLOSURE_FEE_VIP,75.0,22,Recinto VIP,2026-05-21T14:45:06.489524900
40,ENCLOSURE_FEE_BASIC,10.0,23,Recinto Básico,2026-05-21T14:45:06.489524900
41,ENCLOSURE_FEE_BASIC,10.0,24,Recinto Básico,2026-05-21T14:45:06.489524900
38,ENCLOSURE_FEE_VIP,75.0,25,Recinto VIP,2026-05-21T14:45:06.489524900
52,ENCLOSURE_FEE_PREMIUM,30.0,26,Recinto Premium,2026-05-21T14:45:06.491019800
44,SOUVENIR,15.0,27,Recinto Central,2026-05-21T14:45:06.491019800
42,ENCLOSURE_FEE_BASIC,10.0,27,Recinto Básico,2026-05-21T14:45:06.492019900
45,SOUVENIR,15.0,28,Recinto Central,2026-05-21T14:45:06.492019900
43,ENCLOSURE_FEE_BASIC,10.0,28,Recinto Básico,2026-05-21T14:45:06.492019900
53,ENCLOSURE_FEE_PREMIUM,30.0,29,Recinto Premium,2026-05-21T14:45:06.493244300
44,ENCLOSURE_FEE_BASIC,10.0,30,Recinto Básico,2026-05-21T14:45:06.493244300
45,ENCLOSURE_FEE_BASIC,10.0,1,Recinto Básico,2026-05-21T14:45:06.494464200
46,SOUVENIR,15.0,2,Recinto Central,2026-05-21T14:45:06.494464200
39,ENCLOSURE_FEE_VIP,75.0,2,Recinto VIP,2026-05-21T14:45:06.495643900
46,ENCLOSURE_FEE_BASIC,10.0,3,Recinto Básico,2026-05-21T14:45:06.495643900
54,ENCLOSURE_FEE_PREMIUM,30.0,4,Recinto Premium,2026-05-21T14:45:06.496646500
55,ENCLOSURE_FEE_PREMIUM,30.0,5,Recinto Premium,2026-05-21T14:45:06.497675900
47,SOUVENIR,15.0,6,Recinto Central,2026-05-21T14:45:06.497675900
56,ENCLOSURE_FEE_PREMIUM,30.0,6,Recinto Premium,2026-05-21T14:45:06.498675900
48,SOUVENIR,15.0,7,Recinto Central,2026-05-21T14:45:06.498675900
57,ENCLOSURE_FEE_PREMIUM,30.0,7,Recinto Premium,2026-05-21T14:45:06.498675900
49,SOUVENIR,15.0,8,Recinto Central,2026-05-21T14:45:06.499726700
58,ENCLOSURE_FEE_PREMIUM,30.0,8,Recinto Premium,2026-05-21T14:45:06.499726700
8,SPA_SERVICE,20.0,9,Baños y SPA,2026-05-21T14:45:06.499726700
47,ENCLOSURE_FEE_BASIC,10.0,9,Recinto Básico,2026-05-21T14:45:06.501098500
9,SPA_SERVICE,20.0,10,Baños y SPA,2026-05-21T14:45:06.501098500
59,ENCLOSURE_FEE_PREMIUM,30.0,10,Recinto Premium,2026-05-21T14:45:06.502391900
50,SOUVENIR,15.0,11,Recinto Central,2026-05-21T14:45:06.502391900
40,ENCLOSURE_FEE_VIP,75.0,11,Recinto VIP,2026-05-21T14:45:06.503766800
51,SOUVENIR,15.0,12,Recinto Central,2026-05-21T14:45:06.503766800
41,ENCLOSURE_FEE_VIP,75.0,12,Recinto VIP,2026-05-21T14:45:06.503766800
60,ENCLOSURE_FEE_PREMIUM,30.0,13,Recinto Premium,2026-05-21T14:45:06.504948700
42,ENCLOSURE_FEE_VIP,75.0,14,Recinto VIP,2026-05-21T14:45:06.504948700
52,SOUVENIR,15.0,15,Recinto Central,2026-05-21T14:45:06.504948700
43,ENCLOSURE_FEE_VIP,75.0,15,Recinto VIP,2026-05-21T14:45:06.506181100
48,ENCLOSURE_FEE_BASIC,10.0,16,Recinto Básico,2026-05-21T14:45:06.506181100
44,ENCLOSURE_FEE_VIP,75.0,17,Recinto VIP,2026-05-21T14:45:06.506685600
49,ENCLOSURE_FEE_BASIC,10.0,18,Recinto Básico,2026-05-21T14:45:06.507695800
53,SOUVENIR,15.0,19,Recinto Central,2026-05-21T14:45:06.507695800
61,ENCLOSURE_FEE_PREMIUM,30.0,19,Recinto Premium,2026-05-21T14:45:06.507695800
45,ENCLOSURE_FEE_VIP,75.0,20,Recinto VIP,2026-05-21T14:45:06.509170800
50,ENCLOSURE_FEE_BASIC,10.0,21,Recinto Básico,2026-05-21T14:45:06.509170800
54,SOUVENIR,15.0,22,Recinto Central,2026-05-21T14:45:06.510172900
46,ENCLOSURE_FEE_VIP,75.0,22,Recinto VIP,2026-05-21T14:45:06.511176500
55,SOUVENIR,15.0,23,Recinto Central,2026-05-21T14:45:06.511176500
47,ENCLOSURE_FEE_VIP,75.0,23,Recinto VIP,2026-05-21T14:45:06.512511300
48,ENCLOSURE_FEE_VIP,75.0,24,Recinto VIP,2026-05-21T14:45:06.512511300
56,SOUVENIR,15.0,25,Recinto Central,2026-05-21T14:45:06.513905300
51,ENCLOSURE_FEE_BASIC,10.0,25,Recinto Básico,2026-05-21T14:45:06.515363
52,ENCLOSURE_FEE_BASIC,10.0,26,Recinto Básico,2026-05-21T14:45:06.515363
57,SOUVENIR,15.0,27,Recinto Central,2026-05-21T14:45:06.516547900
49,ENCLOSURE_FEE_VIP,75.0,27,Recinto VIP,2026-05-21T14:45:06.517547700
58,SOUVENIR,15.0,28,Recinto Central,2026-05-21T14:45:06.517547700
53,ENCLOSURE_FEE_BASIC,10.0,28,Recinto Básico,2026-05-21T14:45:06.519045500
59,SOUVENIR,15.0,29,Recinto Central,2026-05-21T14:45:06.520555200
62,ENCLOSURE_FEE_PREMIUM,30.0,29,Recinto Premium,2026-05-21T14:45:06.520555200
63,ENCLOSURE_FEE_PREMIUM,30.0,30,Recinto Premium,2026-05-21T14:45:06.521562500
54,ENCLOSURE_FEE_BASIC,10.0,1,Recinto Básico,2026-05-21T14:45:06.522562900
60,SOUVENIR,15.0,2,Recinto Central,2026-05-21T14:45:06.522562900
64,ENCLOSURE_FEE_PREMIUM,30.0,2,Recinto Premium,2026-05-21T14:45:06.523680500
55,ENCLOSURE_FEE_BASIC,10.0,3,Recinto Básico,2026-05-21T14:45:06.523680500
61,SOUVENIR,15.0,4,Recinto Central,2026-05-21T14:45:06.524803100
56,ENCLOSURE_FEE_BASIC,10.0,4,Recinto Básico,2026-05-21T14:45:06.524803100
62,SOUVENIR,15.0,5,Recinto Central,2026-05-21T14:45:06.525814300
50,ENCLOSURE_FEE_VIP,75.0,5,Recinto VIP,2026-05-21T14:45:06.525814300
63,SOUVENIR,15.0,6,Recinto Central,2026-05-21T14:45:06.525814300
65,ENCLOSURE_FEE_PREMIUM,30.0,6,Recinto Premium,2026-05-21T14:45:06.526814300
66,ENCLOSURE_FEE_PREMIUM,30.0,7,Recinto Premium,2026-05-21T14:45:06.526814300
64,SOUVENIR,15.0,8,Recinto Central,2026-05-21T14:45:06.526814300
51,ENCLOSURE_FEE_VIP,75.0,8,Recinto VIP,2026-05-21T14:45:06.526814300
57,ENCLOSURE_FEE_BASIC,10.0,9,Recinto Básico,2026-05-21T14:45:06.528248700
67,ENCLOSURE_FEE_PREMIUM,30.0,10,Recinto Premium,2026-05-21T14:45:06.528248700
58,ENCLOSURE_FEE_BASIC,10.0,11,Recinto Básico,2026-05-21T14:45:06.529325400
68,ENCLOSURE_FEE_PREMIUM,30.0,12,Recinto Premium,2026-05-21T14:45:06.529325400
65,SOUVENIR,15.0,13,Recinto Central,2026-05-21T14:45:06.529325400
59,ENCLOSURE_FEE_BASIC,10.0,13,Recinto Básico,2026-05-21T14:45:06.530324200
60,ENCLOSURE_FEE_BASIC,10.0,14,Recinto Básico,2026-05-21T14:45:06.530324200
66,SOUVENIR,15.0,15,Recinto Central,2026-05-21T14:45:06.530324200
52,ENCLOSURE_FEE_VIP,75.0,15,Recinto VIP,2026-05-21T14:45:06.530324200
67,SOUVENIR,15.0,16,Recinto Central,2026-05-21T14:45:06.531607
69,ENCLOSURE_FEE_PREMIUM,30.0,16,Recinto Premium,2026-05-21T14:45:06.531607
70,ENCLOSURE_FEE_PREMIUM,30.0,17,Recinto Premium,2026-05-21T14:45:06.531607
53,ENCLOSURE_FEE_VIP,75.0,18,Recinto VIP,2026-05-21T14:45:06.531607
71,ENCLOSURE_FEE_PREMIUM,30.0,19,Recinto Premium,2026-05-21T14:45:06.533064300
54,ENCLOSURE_FEE_VIP,75.0,20,Recinto VIP,2026-05-21T14:45:06.533064300
61,ENCLOSURE_FEE_BASIC,10.0,21,Recinto Básico,2026-05-21T14:45:06.534066
68,SOUVENIR,15.0,22,Recinto Central,2026-05-21T14:45:06.534066
55,ENCLOSURE_FEE_VIP,75.0,22,Recinto VIP,2026-05-21T14:45:06.535428100
69,SOUVENIR,15.0,23,Recinto Central,2026-05-21T14:45:06.535428100
56,ENCLOSURE_FEE_VIP,75.0,23,Recinto VIP,2026-05-21T14:45:06.536893600
62,ENCLOSURE_FEE_BASIC,10.0,24,Recinto Básico,2026-05-21T14:45:06.536893600
57,ENCLOSURE_FEE_VIP,75.0,25,Recinto VIP,2026-05-21T14:45:06.538122800
70,SOUVENIR,15.0,26,Recinto Central,2026-05-21T14:45:06.538122800
58,ENCLOSURE_FEE_VIP,75.0,26,Recinto VIP,2026-05-21T14:45:06.538122800
59,ENCLOSURE_FEE_VIP,75.0,27,Recinto VIP,2026-05-21T14:45:06.538122800
60,ENCLOSURE_FEE_VIP,75.0,28,Recinto VIP,2026-05-21T14:45:06.539538300
63,ENCLOSURE_FEE_BASIC,10.0,29,Recinto Básico,2026-05-21T14:45:06.539538300
61,ENCLOSURE_FEE_VIP,75.0,30,Recinto VIP,2026-05-21T14:45:06.540540900
72,ENCLOSURE_FEE_PREMIUM,30.0,1,Recinto Premium,2026-05-21T14:45:06.540540900
71,SOUVENIR,15.0,2,Recinto Central,2026-05-21T14:45:06.543315900
62,ENCLOSURE_FEE_VIP,75.0,2,Recinto VIP,2026-05-21T14:45:06.545525100
10,SPA_SERVICE,20.0,3,Baños y SPA,2026-05-21T14:45:06.546697700
63,ENCLOSURE_FEE_VIP,75.0,3,Recinto VIP,2026-05-21T14:45:06.546697700
64,ENCLOSURE_FEE_VIP,75.0,4,Recinto VIP,2026-05-21T14:45:06.546697700
65,ENCLOSURE_FEE_VIP,75.0,5,Recinto VIP,2026-05-21T14:45:06.548180900
72,SOUVENIR,15.0,6,Recinto Central,2026-05-21T14:45:06.548690600
64,ENCLOSURE_FEE_BASIC,10.0,6,Recinto Básico,2026-05-21T14:45:06.548690600
73,ENCLOSURE_FEE_PREMIUM,30.0,7,Recinto Premium,2026-05-21T14:45:06.549701
74,ENCLOSURE_FEE_PREMIUM,30.0,8,Recinto Premium,2026-05-21T14:45:06.549701
66,ENCLOSURE_FEE_VIP,75.0,9,Recinto VIP,2026-05-21T14:45:06.549701
67,ENCLOSURE_FEE_VIP,75.0,10,Recinto VIP,2026-05-21T14:45:06.550702300
65,ENCLOSURE_FEE_BASIC,10.0,11,Recinto Básico,2026-05-21T14:45:06.551712100
73,SOUVENIR,15.0,12,Recinto Central,2026-05-21T14:45:06.551712100
68,ENCLOSURE_FEE_VIP,75.0,12,Recinto VIP,2026-05-21T14:45:06.551712100
69,ENCLOSURE_FEE_VIP,75.0,13,Recinto VIP,2026-05-21T14:45:06.552704
74,SOUVENIR,15.0,14,Recinto Central,2026-05-21T14:45:06.552704
66,ENCLOSURE_FEE_BASIC,10.0,14,Recinto Básico,2026-05-21T14:45:06.553702300
67,ENCLOSURE_FEE_BASIC,10.0,15,Recinto Básico,2026-05-21T14:45:06.553702300
75,SOUVENIR,15.0,16,Recinto Central,2026-05-21T14:45:06.554860400
75,ENCLOSURE_FEE_PREMIUM,30.0,16,Recinto Premium,2026-05-21T14:45:06.554860400
68,ENCLOSURE_FEE_BASIC,10.0,17,Recinto Básico,2026-05-21T14:45:06.554860400
76,SOUVENIR,15.0,18,Recinto Central,2026-05-21T14:45:06.556229200
69,ENCLOSURE_FEE_BASIC,10.0,18,Recinto Básico,2026-05-21T14:45:06.556229200
76,ENCLOSURE_FEE_PREMIUM,30.0,19,Recinto Premium,2026-05-21T14:45:06.557225500
77,ENCLOSURE_FEE_PREMIUM,30.0,20,Recinto Premium,2026-05-21T14:45:06.557225500
70,ENCLOSURE_FEE_BASIC,10.0,21,Recinto Básico,2026-05-21T14:45:06.558445600
77,SOUVENIR,15.0,22,Recinto Central,2026-05-21T14:45:06.558445600
70,ENCLOSURE_FEE_VIP,75.0,22,Recinto VIP,2026-05-21T14:45:06.558445600
71,ENCLOSURE_FEE_VIP,75.0,23,Recinto VIP,2026-05-21T14:45:06.559450100
72,ENCLOSURE_FEE_VIP,75.0,24,Recinto VIP,2026-05-21T14:45:06.560450200
73,ENCLOSURE_FEE_VIP,75.0,25,Recinto VIP,2026-05-21T14:45:06.560450200
74,ENCLOSURE_FEE_VIP,75.0,26,Recinto VIP,2026-05-21T14:45:06.560450200
78,ENCLOSURE_FEE_PREMIUM,30.0,27,Recinto Premium,2026-05-21T14:45:06.561446700
79,ENCLOSURE_FEE_PREMIUM,30.0,28,Recinto Premium,2026-05-21T14:45:06.561446700
75,ENCLOSURE_FEE_VIP,75.0,29,Recinto VIP,2026-05-21T14:45:06.561446700
76,ENCLOSURE_FEE_VIP,75.0,30,Recinto VIP,2026-05-21T14:45:06.561446700
71,ENCLOSURE_FEE_BASIC,10.0,1,Recinto Básico,2026-05-21T14:45:06.562920400
77,ENCLOSURE_FEE_VIP,75.0,2,Recinto VIP,2026-05-21T14:45:06.564372100
72,ENCLOSURE_FEE_BASIC,10.0,3,Recinto Básico,2026-05-21T14:45:06.564372100
78,SOUVENIR,15.0,4,Recinto Central,2026-05-21T14:45:06.565380500
78,ENCLOSURE_FEE_VIP,75.0,4,Recinto VIP,2026-05-21T14:45:06.565380500
79,SOUVENIR,15.0,5,Recinto Central,2026-05-21T14:45:06.565380500
79,ENCLOSURE_FEE_VIP,75.0,5,Recinto VIP,2026-05-21T14:45:06.566887900
80,ENCLOSURE_FEE_VIP,75.0,6,Recinto VIP,2026-05-21T14:45:06.567407100
80,SOUVENIR,15.0,7,Recinto Central,2026-05-21T14:45:06.567407100
11,SPA_SERVICE,20.0,7,Baños y SPA,2026-05-21T14:45:06.568415500
73,ENCLOSURE_FEE_BASIC,10.0,7,Recinto Básico,2026-05-21T14:45:06.568415500
81,ENCLOSURE_FEE_VIP,75.0,8,Recinto VIP,2026-05-21T14:45:06.569419700
81,SOUVENIR,15.0,9,Recinto Central,2026-05-21T14:45:06.569419700
80,ENCLOSURE_FEE_PREMIUM,30.0,9,Recinto Premium,2026-05-21T14:45:06.570674300
81,ENCLOSURE_FEE_PREMIUM,30.0,10,Recinto Premium,2026-05-21T14:45:06.570674300
82,SOUVENIR,15.0,11,Recinto Central,2026-05-21T14:45:06.571675500
74,ENCLOSURE_FEE_BASIC,10.0,11,Recinto Básico,2026-05-21T14:45:06.571675500
82,ENCLOSURE_FEE_PREMIUM,30.0,12,Recinto Premium,2026-05-21T14:45:06.571675500
75,ENCLOSURE_FEE_BASIC,10.0,13,Recinto Básico,2026-05-21T14:45:06.572674900
83,SOUVENIR,15.0,14,Recinto Central,2026-05-21T14:45:06.572674900
76,ENCLOSURE_FEE_BASIC,10.0,14,Recinto Básico,2026-05-21T14:45:06.572674900
77,ENCLOSURE_FEE_BASIC,10.0,15,Recinto Básico,2026-05-21T14:45:06.574132900
83,ENCLOSURE_FEE_PREMIUM,30.0,16,Recinto Premium,2026-05-21T14:45:06.574132900
84,ENCLOSURE_FEE_PREMIUM,30.0,17,Recinto Premium,2026-05-21T14:45:06.575472400
84,SOUVENIR,15.0,18,Recinto Central,2026-05-21T14:45:06.575472400
82,ENCLOSURE_FEE_VIP,75.0,18,Recinto VIP,2026-05-21T14:45:06.575472400
85,SOUVENIR,15.0,19,Recinto Central,2026-05-21T14:45:06.575472400
78,ENCLOSURE_FEE_BASIC,10.0,19,Recinto Básico,2026-05-21T14:45:06.576606500
79,ENCLOSURE_FEE_BASIC,10.0,20,Recinto Básico,2026-05-21T14:45:06.576606500
80,ENCLOSURE_FEE_BASIC,10.0,21,Recinto Básico,2026-05-21T14:45:06.576606500
86,SOUVENIR,15.0,22,Recinto Central,2026-05-21T14:45:06.577608100
83,ENCLOSURE_FEE_VIP,75.0,22,Recinto VIP,2026-05-21T14:45:06.577608100
87,SOUVENIR,15.0,23,Recinto Central,2026-05-21T14:45:06.577608100
85,ENCLOSURE_FEE_PREMIUM,30.0,23,Recinto Premium,2026-05-21T14:45:06.579037500
81,ENCLOSURE_FEE_BASIC,10.0,24,Recinto Básico,2026-05-21T14:45:06.579037500
88,SOUVENIR,15.0,25,Recinto Central,2026-05-21T14:45:06.579037500
84,ENCLOSURE_FEE_VIP,75.0,25,Recinto VIP,2026-05-21T14:45:06.580145700
82,ENCLOSURE_FEE_BASIC,10.0,26,Recinto Básico,2026-05-21T14:45:06.580145700
89,SOUVENIR,15.0,27,Recinto Central,2026-05-21T14:45:06.580145700
85,ENCLOSURE_FEE_VIP,75.0,27,Recinto VIP,2026-05-21T14:45:06.581292900
90,SOUVENIR,15.0,28,Recinto Central,2026-05-21T14:45:06.581292900
86,ENCLOSURE_FEE_PREMIUM,30.0,28,Recinto Premium,2026-05-21T14:45:06.581292900
87,ENCLOSURE_FEE_PREMIUM,30.0,29,Recinto Premium,2026-05-21T14:45:06.582302800
86,ENCLOSURE_FEE_VIP,75.0,30,Recinto VIP,2026-05-21T14:45:06.582302800
87,ENCLOSURE_FEE_VIP,75.0,1,Recinto VIP,2026-05-21T14:45:06.583795200
91,SOUVENIR,15.0,2,Recinto Central,2026-05-21T14:45:06.583795200
88,ENCLOSURE_FEE_VIP,75.0,2,Recinto VIP,2026-05-21T14:45:06.584848300
92,SOUVENIR,15.0,3,Recinto Central,2026-05-21T14:45:06.585839700
89,ENCLOSURE_FEE_VIP,75.0,3,Recinto VIP,2026-05-21T14:45:06.585839700
93,SOUVENIR,15.0,4,Recinto Central,2026-05-21T14:45:06.586841400
83,ENCLOSURE_FEE_BASIC,10.0,4,Recinto Básico,2026-05-21T14:45:06.587922500
84,ENCLOSURE_FEE_BASIC,10.0,5,Recinto Básico,2026-05-21T14:45:06.587922500
94,SOUVENIR,15.0,6,Recinto Central,2026-05-21T14:45:06.589392400
90,ENCLOSURE_FEE_VIP,75.0,6,Recinto VIP,2026-05-21T14:45:06.589392400
95,SOUVENIR,15.0,7,Recinto Central,2026-05-21T14:45:06.589392400
85,ENCLOSURE_FEE_BASIC,10.0,7,Recinto Básico,2026-05-21T14:45:06.590511900
91,ENCLOSURE_FEE_VIP,75.0,8,Recinto VIP,2026-05-21T14:45:06.590511900
92,ENCLOSURE_FEE_VIP,75.0,9,Recinto VIP,2026-05-21T14:45:06.590511900
96,SOUVENIR,15.0,10,Recinto Central,2026-05-21T14:45:06.590511900
93,ENCLOSURE_FEE_VIP,75.0,10,Recinto VIP,2026-05-21T14:45:06.591787100
94,ENCLOSURE_FEE_VIP,75.0,11,Recinto VIP,2026-05-21T14:45:06.591787100
86,ENCLOSURE_FEE_BASIC,10.0,12,Recinto Básico,2026-05-21T14:45:06.591787100
87,ENCLOSURE_FEE_BASIC,10.0,13,Recinto Básico,2026-05-21T14:45:06.593055500
97,SOUVENIR,15.0,14,Recinto Central,2026-05-21T14:45:06.593055500
88,ENCLOSURE_FEE_PREMIUM,30.0,14,Recinto Premium,2026-05-21T14:45:06.593055500
98,SOUVENIR,15.0,15,Recinto Central,2026-05-21T14:45:06.594390800
89,ENCLOSURE_FEE_PREMIUM,30.0,15,Recinto Premium,2026-05-21T14:45:06.594390800
90,ENCLOSURE_FEE_PREMIUM,30.0,16,Recinto Premium,2026-05-21T14:45:06.594390800
99,SOUVENIR,15.0,17,Recinto Central,2026-05-21T14:45:06.595891500
95,ENCLOSURE_FEE_VIP,75.0,17,Recinto VIP,2026-05-21T14:45:06.595891500
91,ENCLOSURE_FEE_PREMIUM,30.0,18,Recinto Premium,2026-05-21T14:45:06.595891500
96,ENCLOSURE_FEE_VIP,75.0,19,Recinto VIP,2026-05-21T14:45:06.596895500
88,ENCLOSURE_FEE_BASIC,10.0,20,Recinto Básico,2026-05-21T14:45:06.596895500
92,ENCLOSURE_FEE_PREMIUM,30.0,21,Recinto Premium,2026-05-21T14:45:06.596895500
100,SOUVENIR,15.0,22,Recinto Central,2026-05-21T14:45:06.596895500
89,ENCLOSURE_FEE_BASIC,10.0,22,Recinto Básico,2026-05-21T14:45:06.596895500
90,ENCLOSURE_FEE_BASIC,10.0,23,Recinto Básico,2026-05-21T14:45:06.598405600
97,ENCLOSURE_FEE_VIP,75.0,24,Recinto VIP,2026-05-21T14:45:06.598405600
101,SOUVENIR,15.0,25,Recinto Central,2026-05-21T14:45:06.598405600
91,ENCLOSURE_FEE_BASIC,10.0,25,Recinto Básico,2026-05-21T14:45:06.598405600
92,ENCLOSURE_FEE_BASIC,10.0,26,Recinto Básico,2026-05-21T14:45:06.599863500
98,ENCLOSURE_FEE_VIP,75.0,27,Recinto VIP,2026-05-21T14:45:06.599863500
102,SOUVENIR,15.0,28,Recinto Central,2026-05-21T14:45:06.599863500
99,ENCLOSURE_FEE_VIP,75.0,28,Recinto VIP,2026-05-21T14:45:06.600868900
100,ENCLOSURE_FEE_VIP,75.0,29,Recinto VIP,2026-05-21T14:45:06.600868900
93,ENCLOSURE_FEE_PREMIUM,30.0,30,Recinto Premium,2026-05-21T14:45:06.600868900
101,ENCLOSURE_FEE_VIP,75.0,1,Recinto VIP,2026-05-21T14:45:06.602866100
102,ENCLOSURE_FEE_VIP,75.0,2,Recinto VIP,2026-05-21T14:45:06.603866800
12,SPA_SERVICE,20.0,3,Baños y SPA,2026-05-21T14:45:06.603866800
103,ENCLOSURE_FEE_VIP,75.0,3,Recinto VIP,2026-05-21T14:45:06.603866800
94,ENCLOSURE_FEE_PREMIUM,30.0,4,Recinto Premium,2026-05-21T14:45:06.603866800
104,ENCLOSURE_FEE_VIP,75.0,5,Recinto VIP,2026-05-21T14:45:06.605507500
93,ENCLOSURE_FEE_BASIC,10.0,6,Recinto Básico,2026-05-21T14:45:06.605507500
105,ENCLOSURE_FEE_VIP,75.0,7,Recinto VIP,2026-05-21T14:45:06.606720600
103,SOUVENIR,15.0,8,Recinto Central,2026-05-21T14:45:06.606720600
106,ENCLOSURE_FEE_VIP,75.0,8,Recinto VIP,2026-05-21T14:45:06.606720600
107,ENCLOSURE_FEE_VIP,75.0,9,Recinto VIP,2026-05-21T14:45:06.607950500
94,ENCLOSURE_FEE_BASIC,10.0,10,Recinto Básico,2026-05-21T14:45:06.607950500
104,SOUVENIR,15.0,11,Recinto Central,2026-05-21T14:45:06.607950500
108,ENCLOSURE_FEE_VIP,75.0,11,Recinto VIP,2026-05-21T14:45:06.607950500
105,SOUVENIR,15.0,12,Recinto Central,2026-05-21T14:45:06.607950500
109,ENCLOSURE_FEE_VIP,75.0,12,Recinto VIP,2026-05-21T14:45:06.609468200
95,ENCLOSURE_FEE_BASIC,10.0,13,Recinto Básico,2026-05-21T14:45:06.610458900
95,ENCLOSURE_FEE_PREMIUM,30.0,14,Recinto Premium,2026-05-21T14:45:06.610458900
96,ENCLOSURE_FEE_PREMIUM,30.0,15,Recinto Premium,2026-05-21T14:45:06.610458900
106,SOUVENIR,15.0,16,Recinto Central,2026-05-21T14:45:06.611456600
97,ENCLOSURE_FEE_PREMIUM,30.0,16,Recinto Premium,2026-05-21T14:45:06.611964
107,SOUVENIR,15.0,17,Recinto Central,2026-05-21T14:45:06.611964
96,ENCLOSURE_FEE_BASIC,10.0,17,Recinto Básico,2026-05-21T14:45:06.611964
97,ENCLOSURE_FEE_BASIC,10.0,18,Recinto Básico,2026-05-21T14:45:06.612977900
110,ENCLOSURE_FEE_VIP,75.0,19,Recinto VIP,2026-05-21T14:45:06.612977900
108,SOUVENIR,15.0,20,Recinto Central,2026-05-21T14:45:06.612977900
98,ENCLOSURE_FEE_PREMIUM,30.0,20,Recinto Premium,2026-05-21T14:45:06.612977900
109,SOUVENIR,15.0,21,Recinto Central,2026-05-21T14:45:06.614494800
99,ENCLOSURE_FEE_PREMIUM,30.0,21,Recinto Premium,2026-05-21T14:45:06.614494800
110,SOUVENIR,15.0,22,Recinto Central,2026-05-21T14:45:06.615509300
98,ENCLOSURE_FEE_BASIC,10.0,22,Recinto Básico,2026-05-21T14:45:06.615509300
111,ENCLOSURE_FEE_VIP,75.0,23,Recinto VIP,2026-05-21T14:45:06.616510500
99,ENCLOSURE_FEE_BASIC,10.0,24,Recinto Básico,2026-05-21T14:45:06.616510500
112,ENCLOSURE_FEE_VIP,75.0,25,Recinto VIP,2026-05-21T14:45:06.616510500
111,SOUVENIR,15.0,26,Recinto Central,2026-05-21T14:45:06.617510
113,ENCLOSURE_FEE_VIP,75.0,26,Recinto VIP,2026-05-21T14:45:06.617510
100,ENCLOSURE_FEE_PREMIUM,30.0,27,Recinto Premium,2026-05-21T14:45:06.618514700
101,ENCLOSURE_FEE_PREMIUM,30.0,28,Recinto Premium,2026-05-21T14:45:06.618514700
100,ENCLOSURE_FEE_BASIC,10.0,29,Recinto Básico,2026-05-21T14:45:06.619511800
112,SOUVENIR,15.0,30,Recinto Central,2026-05-21T14:45:06.620513600
101,ENCLOSURE_FEE_BASIC,10.0,30,Recinto Básico,2026-05-21T14:45:06.620513600
114,ENCLOSURE_FEE_VIP,75.0,1,Recinto VIP,2026-05-21T14:45:06.621792
115,ENCLOSURE_FEE_VIP,75.0,2,Recinto VIP,2026-05-21T14:45:06.622788100
113,SOUVENIR,15.0,3,Recinto Central,2026-05-21T14:45:06.622788100
102,ENCLOSURE_FEE_BASIC,10.0,3,Recinto Básico,2026-05-21T14:45:06.623817700
103,ENCLOSURE_FEE_BASIC,10.0,4,Recinto Básico,2026-05-21T14:45:06.623817700
104,ENCLOSURE_FEE_BASIC,10.0,5,Recinto Básico,2026-05-21T14:45:06.623817700
114,SOUVENIR,15.0,6,Recinto Central,2026-05-21T14:45:06.625153400
105,ENCLOSURE_FEE_BASIC,10.0,6,Recinto Básico,2026-05-21T14:45:06.625153400
115,SOUVENIR,15.0,7,Recinto Central,2026-05-21T14:45:06.626424800
116,ENCLOSURE_FEE_VIP,75.0,7,Recinto VIP,2026-05-21T14:45:06.626424800
117,ENCLOSURE_FEE_VIP,75.0,8,Recinto VIP,2026-05-21T14:45:06.626424800
106,ENCLOSURE_FEE_BASIC,10.0,9,Recinto Básico,2026-05-21T14:45:06.627419
118,ENCLOSURE_FEE_VIP,75.0,10,Recinto VIP,2026-05-21T14:45:06.627419
116,SOUVENIR,15.0,11,Recinto Central,2026-05-21T14:45:06.627419
119,ENCLOSURE_FEE_VIP,75.0,11,Recinto VIP,2026-05-21T14:45:06.628549100
120,ENCLOSURE_FEE_VIP,75.0,12,Recinto VIP,2026-05-21T14:45:06.628549100
117,SOUVENIR,15.0,13,Recinto Central,2026-05-21T14:45:06.628549100
107,ENCLOSURE_FEE_BASIC,10.0,13,Recinto Básico,2026-05-21T14:45:06.629940900
102,ENCLOSURE_FEE_PREMIUM,30.0,14,Recinto Premium,2026-05-21T14:45:06.629940900
118,SOUVENIR,15.0,15,Recinto Central,2026-05-21T14:45:06.629940900
121,ENCLOSURE_FEE_VIP,75.0,15,Recinto VIP,2026-05-21T14:45:06.630940300
103,ENCLOSURE_FEE_PREMIUM,30.0,16,Recinto Premium,2026-05-21T14:45:06.630940300
104,ENCLOSURE_FEE_PREMIUM,30.0,17,Recinto Premium,2026-05-21T14:45:06.631941600
122,ENCLOSURE_FEE_VIP,75.0,18,Recinto VIP,2026-05-21T14:45:06.631941600
123,ENCLOSURE_FEE_VIP,75.0,19,Recinto VIP,2026-05-21T14:45:06.631941600
124,ENCLOSURE_FEE_VIP,75.0,20,Recinto VIP,2026-05-21T14:45:06.633361500
119,SOUVENIR,15.0,21,Recinto Central,2026-05-21T14:45:06.633361500
105,ENCLOSURE_FEE_PREMIUM,30.0,21,Recinto Premium,2026-05-21T14:45:06.633361500
108,ENCLOSURE_FEE_BASIC,10.0,22,Recinto Básico,2026-05-21T14:45:06.634374700
109,ENCLOSURE_FEE_BASIC,10.0,23,Recinto Básico,2026-05-21T14:45:06.635388600
120,SOUVENIR,15.0,24,Recinto Central,2026-05-21T14:45:06.635388600
110,ENCLOSURE_FEE_BASIC,10.0,24,Recinto Básico,2026-05-21T14:45:06.636563900
121,SOUVENIR,15.0,25,Recinto Central,2026-05-21T14:45:06.637559900
111,ENCLOSURE_FEE_BASIC,10.0,25,Recinto Básico,2026-05-21T14:45:06.637559900
112,ENCLOSURE_FEE_BASIC,10.0,26,Recinto Básico,2026-05-21T14:45:06.638568400
113,ENCLOSURE_FEE_BASIC,10.0,27,Recinto Básico,2026-05-21T14:45:06.638568400
122,SOUVENIR,15.0,28,Recinto Central,2026-05-21T14:45:06.639566500
106,ENCLOSURE_FEE_PREMIUM,30.0,28,Recinto Premium,2026-05-21T14:45:06.639566500
123,SOUVENIR,15.0,29,Recinto Central,2026-05-21T14:45:06.639566500
107,ENCLOSURE_FEE_PREMIUM,30.0,29,Recinto Premium,2026-05-21T14:45:06.640569600
108,ENCLOSURE_FEE_PREMIUM,30.0,30,Recinto Premium,2026-05-21T14:45:06.640569600
114,ENCLOSURE_FEE_BASIC,10.0,1,Recinto Básico,2026-05-21T14:45:06.641578500
109,ENCLOSURE_FEE_PREMIUM,30.0,2,Recinto Premium,2026-05-21T14:45:06.642566
110,ENCLOSURE_FEE_PREMIUM,30.0,3,Recinto Premium,2026-05-21T14:45:06.642566
115,ENCLOSURE_FEE_BASIC,10.0,4,Recinto Básico,2026-05-21T14:45:06.642566
116,ENCLOSURE_FEE_BASIC,10.0,5,Recinto Básico,2026-05-21T14:45:06.643569700
124,SOUVENIR,15.0,6,Recinto Central,2026-05-21T14:45:06.643569700
111,ENCLOSURE_FEE_PREMIUM,30.0,6,Recinto Premium,2026-05-21T14:45:06.643569700
117,ENCLOSURE_FEE_BASIC,10.0,7,Recinto Básico,2026-05-21T14:45:06.644970600
125,ENCLOSURE_FEE_VIP,75.0,8,Recinto VIP,2026-05-21T14:45:06.644970600
118,ENCLOSURE_FEE_BASIC,10.0,9,Recinto Básico,2026-05-21T14:45:06.644970600
119,ENCLOSURE_FEE_BASIC,10.0,10,Recinto Básico,2026-05-21T14:45:06.644970600
125,SOUVENIR,15.0,11,Recinto Central,2026-05-21T14:45:06.646477400
126,ENCLOSURE_FEE_VIP,75.0,11,Recinto VIP,2026-05-21T14:45:06.646477400
112,ENCLOSURE_FEE_PREMIUM,30.0,12,Recinto Premium,2026-05-21T14:45:06.646477400
120,ENCLOSURE_FEE_BASIC,10.0,13,Recinto Básico,2026-05-21T14:45:06.647855600
126,SOUVENIR,15.0,14,Recinto Central,2026-05-21T14:45:06.648360600
127,ENCLOSURE_FEE_VIP,75.0,14,Recinto VIP,2026-05-21T14:45:06.648360600
121,ENCLOSURE_FEE_BASIC,10.0,15,Recinto Básico,2026-05-21T14:45:06.648360600
127,SOUVENIR,15.0,16,Recinto Central,2026-05-21T14:45:06.649369100
122,ENCLOSURE_FEE_BASIC,10.0,16,Recinto Básico,2026-05-21T14:45:06.649369100
128,SOUVENIR,15.0,17,Recinto Central,2026-05-21T14:45:06.649369100
128,ENCLOSURE_FEE_VIP,75.0,17,Recinto VIP,2026-05-21T14:45:06.649369100
129,SOUVENIR,15.0,18,Recinto Central,2026-05-21T14:45:06.650716300
113,ENCLOSURE_FEE_PREMIUM,30.0,18,Recinto Premium,2026-05-21T14:45:06.651864700
114,ENCLOSURE_FEE_PREMIUM,30.0,19,Recinto Premium,2026-05-21T14:45:06.652857600
130,SOUVENIR,15.0,20,Recinto Central,2026-05-21T14:45:06.653854500
115,ENCLOSURE_FEE_PREMIUM,30.0,20,Recinto Premium,2026-05-21T14:45:06.653854500
131,SOUVENIR,15.0,21,Recinto Central,2026-05-21T14:45:06.654961100
116,ENCLOSURE_FEE_PREMIUM,30.0,21,Recinto Premium,2026-05-21T14:45:06.655965
132,SOUVENIR,15.0,22,Recinto Central,2026-05-21T14:45:06.655965
129,ENCLOSURE_FEE_VIP,75.0,22,Recinto VIP,2026-05-21T14:45:06.655965
123,ENCLOSURE_FEE_BASIC,10.0,23,Recinto Básico,2026-05-21T14:45:06.656962700
133,SOUVENIR,15.0,24,Recinto Central,2026-05-21T14:45:06.657471900
124,ENCLOSURE_FEE_BASIC,10.0,24,Recinto Básico,2026-05-21T14:45:06.657471900
130,ENCLOSURE_FEE_VIP,75.0,25,Recinto VIP,2026-05-21T14:45:06.658489100
131,ENCLOSURE_FEE_VIP,75.0,26,Recinto VIP,2026-05-21T14:45:06.659481700
134,SOUVENIR,15.0,27,Recinto Central,2026-05-21T14:45:06.659481700
132,ENCLOSURE_FEE_VIP,75.0,27,Recinto VIP,2026-05-21T14:45:06.659481700
135,SOUVENIR,15.0,28,Recinto Central,2026-05-21T14:45:06.660991200
117,ENCLOSURE_FEE_PREMIUM,30.0,28,Recinto Premium,2026-05-21T14:45:06.660991200
136,SOUVENIR,15.0,29,Recinto Central,2026-05-21T14:45:06.660991200
125,ENCLOSURE_FEE_BASIC,10.0,29,Recinto Básico,2026-05-21T14:45:06.662185400
118,ENCLOSURE_FEE_PREMIUM,30.0,30,Recinto Premium,2026-05-21T14:45:06.662185400
119,ENCLOSURE_FEE_PREMIUM,30.0,1,Recinto Premium,2026-05-21T14:45:06.664601
137,SOUVENIR,15.0,2,Recinto Central,2026-05-21T14:45:06.664601
126,ENCLOSURE_FEE_BASIC,10.0,2,Recinto Básico,2026-05-21T14:45:06.665603300
138,SOUVENIR,15.0,3,Recinto Central,2026-05-21T14:45:06.665603300
120,ENCLOSURE_FEE_PREMIUM,30.0,3,Recinto Premium,2026-05-21T14:45:06.665603300
127,ENCLOSURE_FEE_BASIC,10.0,4,Recinto Básico,2026-05-21T14:45:06.665603300
121,ENCLOSURE_FEE_PREMIUM,30.0,5,Recinto Premium,2026-05-21T14:45:06.667113200
139,SOUVENIR,15.0,6,Recinto Central,2026-05-21T14:45:06.668130700
133,ENCLOSURE_FEE_VIP,75.0,6,Recinto VIP,2026-05-21T14:45:06.668130700
140,SOUVENIR,15.0,7,Recinto Central,2026-05-21T14:45:06.668130700
122,ENCLOSURE_FEE_PREMIUM,30.0,7,Recinto Premium,2026-05-21T14:45:06.669433600
123,ENCLOSURE_FEE_PREMIUM,30.0,8,Recinto Premium,2026-05-21T14:45:06.670433900
124,ENCLOSURE_FEE_PREMIUM,30.0,9,Recinto Premium,2026-05-21T14:45:06.670433900
141,SOUVENIR,15.0,10,Recinto Central,2026-05-21T14:45:06.671765400
125,ENCLOSURE_FEE_PREMIUM,30.0,10,Recinto Premium,2026-05-21T14:45:06.671765400
126,ENCLOSURE_FEE_PREMIUM,30.0,11,Recinto Premium,2026-05-21T14:45:06.671765400
128,ENCLOSURE_FEE_BASIC,10.0,12,Recinto Básico,2026-05-21T14:45:06.672765300
134,ENCLOSURE_FEE_VIP,75.0,13,Recinto VIP,2026-05-21T14:45:06.672765300
129,ENCLOSURE_FEE_BASIC,10.0,14,Recinto Básico,2026-05-21T14:45:06.673769300
130,ENCLOSURE_FEE_BASIC,10.0,15,Recinto Básico,2026-05-21T14:45:06.673769300
135,ENCLOSURE_FEE_VIP,75.0,16,Recinto VIP,2026-05-21T14:45:06.673769300
136,ENCLOSURE_FEE_VIP,75.0,17,Recinto VIP,2026-05-21T14:45:06.675030500
131,ENCLOSURE_FEE_BASIC,10.0,18,Recinto Básico,2026-05-21T14:45:06.675030500
127,ENCLOSURE_FEE_PREMIUM,30.0,19,Recinto Premium,2026-05-21T14:45:06.675030500
128,ENCLOSURE_FEE_PREMIUM,30.0,20,Recinto Premium,2026-05-21T14:45:06.675030500
142,SOUVENIR,15.0,21,Recinto Central,2026-05-21T14:45:06.676274400
129,ENCLOSURE_FEE_PREMIUM,30.0,21,Recinto Premium,2026-05-21T14:45:06.676274400
143,SOUVENIR,15.0,22,Recinto Central,2026-05-21T14:45:06.676274400
132,ENCLOSURE_FEE_BASIC,10.0,22,Recinto Básico,2026-05-21T14:45:06.677459600
144,SOUVENIR,15.0,23,Recinto Central,2026-05-21T14:45:06.677459600
137,ENCLOSURE_FEE_VIP,75.0,23,Recinto VIP,2026-05-21T14:45:06.677459600
145,SOUVENIR,15.0,24,Recinto Central,2026-05-21T14:45:06.678458300
138,ENCLOSURE_FEE_VIP,75.0,24,Recinto VIP,2026-05-21T14:45:06.678458300
146,SOUVENIR,15.0,25,Recinto Central,2026-05-21T14:45:06.679457600
139,ENCLOSURE_FEE_VIP,75.0,25,Recinto VIP,2026-05-21T14:45:06.679457600
147,SOUVENIR,15.0,26,Recinto Central,2026-05-21T14:45:06.680460500
140,ENCLOSURE_FEE_VIP,75.0,26,Recinto VIP,2026-05-21T14:45:06.680460500
133,ENCLOSURE_FEE_BASIC,10.0,27,Recinto Básico,2026-05-21T14:45:06.680460500
141,ENCLOSURE_FEE_VIP,75.0,28,Recinto VIP,2026-05-21T14:45:06.681614400
148,SOUVENIR,15.0,29,Recinto Central,2026-05-21T14:45:06.681614400
142,ENCLOSURE_FEE_VIP,75.0,29,Recinto VIP,2026-05-21T14:45:06.682614400
130,ENCLOSURE_FEE_PREMIUM,30.0,30,Recinto Premium,2026-05-21T14:45:06.682614400
143,ENCLOSURE_FEE_VIP,75.0,1,Recinto VIP,2026-05-21T14:45:06.684708100
149,SOUVENIR,15.0,2,Recinto Central,2026-05-21T14:45:06.684708100
144,ENCLOSURE_FEE_VIP,75.0,2,Recinto VIP,2026-05-21T14:45:06.685894400
150,SOUVENIR,15.0,3,Recinto Central,2026-05-21T14:45:06.685894400
134,ENCLOSURE_FEE_BASIC,10.0,3,Recinto Básico,2026-05-21T14:45:06.686940200
151,SOUVENIR,15.0,4,Recinto Central,2026-05-21T14:45:06.688252
145,ENCLOSURE_FEE_VIP,75.0,4,Recinto VIP,2026-05-21T14:45:06.688252
131,ENCLOSURE_FEE_PREMIUM,30.0,5,Recinto Premium,2026-05-21T14:45:06.688252
152,SOUVENIR,15.0,6,Recinto Central,2026-05-21T14:45:06.689321100
13,SPA_SERVICE,20.0,6,Baños y SPA,2026-05-21T14:45:06.689321100
146,ENCLOSURE_FEE_VIP,75.0,6,Recinto VIP,2026-05-21T14:45:06.689321100
14,SPA_SERVICE,20.0,7,Baños y SPA,2026-05-21T14:45:06.690323300
132,ENCLOSURE_FEE_PREMIUM,30.0,7,Recinto Premium,2026-05-21T14:45:06.690323300
15,SPA_SERVICE,20.0,8,Baños y SPA,2026-05-21T14:45:06.691648700
135,ENCLOSURE_FEE_BASIC,10.0,8,Recinto Básico,2026-05-21T14:45:06.691648700
153,SOUVENIR,15.0,9,Recinto Central,2026-05-21T14:45:06.691648700
147,ENCLOSURE_FEE_VIP,75.0,9,Recinto VIP,2026-05-21T14:45:06.693086600
154,SOUVENIR,15.0,10,Recinto Central,2026-05-21T14:45:06.693086600
136,ENCLOSURE_FEE_BASIC,10.0,10,Recinto Básico,2026-05-21T14:45:06.693086600
137,ENCLOSURE_FEE_BASIC,10.0,11,Recinto Básico,2026-05-21T14:45:06.694332600
138,ENCLOSURE_FEE_BASIC,10.0,12,Recinto Básico,2026-05-21T14:45:06.694332600
139,ENCLOSURE_FEE_BASIC,10.0,13,Recinto Básico,2026-05-21T14:45:06.694332600
155,SOUVENIR,15.0,14,Recinto Central,2026-05-21T14:45:06.695331
133,ENCLOSURE_FEE_PREMIUM,30.0,14,Recinto Premium,2026-05-21T14:45:06.695331
156,SOUVENIR,15.0,15,Recinto Central,2026-05-21T14:45:06.695331
148,ENCLOSURE_FEE_VIP,75.0,15,Recinto VIP,2026-05-21T14:45:06.696333500
149,ENCLOSURE_FEE_VIP,75.0,16,Recinto VIP,2026-05-21T14:45:06.696333500
157,SOUVENIR,15.0,17,Recinto Central,2026-05-21T14:45:06.696333500
150,ENCLOSURE_FEE_VIP,75.0,17,Recinto VIP,2026-05-21T14:45:06.697331800
151,ENCLOSURE_FEE_VIP,75.0,18,Recinto VIP,2026-05-21T14:45:06.697331800
158,SOUVENIR,15.0,19,Recinto Central,2026-05-21T14:45:06.698331600
152,ENCLOSURE_FEE_VIP,75.0,19,Recinto VIP,2026-05-21T14:45:06.698331600
140,ENCLOSURE_FEE_BASIC,10.0,20,Recinto Básico,2026-05-21T14:45:06.698331600
134,ENCLOSURE_FEE_PREMIUM,30.0,21,Recinto Premium,2026-05-21T14:45:06.699748400
153,ENCLOSURE_FEE_VIP,75.0,22,Recinto VIP,2026-05-21T14:45:06.700750200
159,SOUVENIR,15.0,23,Recinto Central,2026-05-21T14:45:06.700750200
135,ENCLOSURE_FEE_PREMIUM,30.0,23,Recinto Premium,2026-05-21T14:45:06.701815100
160,SOUVENIR,15.0,24,Recinto Central,2026-05-21T14:45:06.702809700
136,ENCLOSURE_FEE_PREMIUM,30.0,24,Recinto Premium,2026-05-21T14:45:06.702809700
141,ENCLOSURE_FEE_BASIC,10.0,25,Recinto Básico,2026-05-21T14:45:06.703809600
161,SOUVENIR,15.0,26,Recinto Central,2026-05-21T14:45:06.703809600
137,ENCLOSURE_FEE_PREMIUM,30.0,26,Recinto Premium,2026-05-21T14:45:06.703809600
142,ENCLOSURE_FEE_BASIC,10.0,27,Recinto Básico,2026-05-21T14:45:06.705315200
154,ENCLOSURE_FEE_VIP,75.0,28,Recinto VIP,2026-05-21T14:45:06.705315200
143,ENCLOSURE_FEE_BASIC,10.0,29,Recinto Básico,2026-05-21T14:45:06.706603600
155,ENCLOSURE_FEE_VIP,75.0,30,Recinto VIP,2026-05-21T14:45:06.706603600
156,ENCLOSURE_FEE_VIP,75.0,1,Recinto VIP,2026-05-21T14:45:06.707785600
138,ENCLOSURE_FEE_PREMIUM,30.0,2,Recinto Premium,2026-05-21T14:45:06.707785600
157,ENCLOSURE_FEE_VIP,75.0,3,Recinto VIP,2026-05-21T14:45:06.708782800
144,ENCLOSURE_FEE_BASIC,10.0,4,Recinto Básico,2026-05-21T14:45:06.708782800
162,SOUVENIR,15.0,5,Recinto Central,2026-05-21T14:45:06.708782800
158,ENCLOSURE_FEE_VIP,75.0,5,Recinto VIP,2026-05-21T14:45:06.710243500
163,SOUVENIR,15.0,6,Recinto Central,2026-05-21T14:45:06.710243500
145,ENCLOSURE_FEE_BASIC,10.0,6,Recinto Básico,2026-05-21T14:45:06.710243500
159,ENCLOSURE_FEE_VIP,75.0,7,Recinto VIP,2026-05-21T14:45:06.711257500
160,ENCLOSURE_FEE_VIP,75.0,8,Recinto VIP,2026-05-21T14:45:06.711257500
139,ENCLOSURE_FEE_PREMIUM,30.0,9,Recinto Premium,2026-05-21T14:45:06.712258
146,ENCLOSURE_FEE_BASIC,10.0,10,Recinto Básico,2026-05-21T14:45:06.712258
164,SOUVENIR,15.0,11,Recinto Central,2026-05-21T14:45:06.712258
161,ENCLOSURE_FEE_VIP,75.0,11,Recinto VIP,2026-05-21T14:45:06.712258
165,SOUVENIR,15.0,12,Recinto Central,2026-05-21T14:45:06.713677100
162,ENCLOSURE_FEE_VIP,75.0,12,Recinto VIP,2026-05-21T14:45:06.713677100
163,ENCLOSURE_FEE_VIP,75.0,13,Recinto VIP,2026-05-21T14:45:06.713677100
140,ENCLOSURE_FEE_PREMIUM,30.0,14,Recinto Premium,2026-05-21T14:45:06.714861400
164,ENCLOSURE_FEE_VIP,75.0,15,Recinto VIP,2026-05-21T14:45:06.714861400
166,SOUVENIR,15.0,16,Recinto Central,2026-05-21T14:45:06.714861400
165,ENCLOSURE_FEE_VIP,75.0,16,Recinto VIP,2026-05-21T14:45:06.714861400
141,ENCLOSURE_FEE_PREMIUM,30.0,17,Recinto Premium,2026-05-21T14:45:06.716347500
142,ENCLOSURE_FEE_PREMIUM,30.0,18,Recinto Premium,2026-05-21T14:45:06.716347500
143,ENCLOSURE_FEE_PREMIUM,30.0,19,Recinto Premium,2026-05-21T14:45:06.716347500
144,ENCLOSURE_FEE_PREMIUM,30.0,20,Recinto Premium,2026-05-21T14:45:06.716347500
145,ENCLOSURE_FEE_PREMIUM,30.0,21,Recinto Premium,2026-05-21T14:45:06.717846500
147,ENCLOSURE_FEE_BASIC,10.0,22,Recinto Básico,2026-05-21T14:45:06.717846500
148,ENCLOSURE_FEE_BASIC,10.0,23,Recinto Básico,2026-05-21T14:45:06.718969
167,SOUVENIR,15.0,24,Recinto Central,2026-05-21T14:45:06.719969800
146,ENCLOSURE_FEE_PREMIUM,30.0,24,Recinto Premium,2026-05-21T14:45:06.719969800
149,ENCLOSURE_FEE_BASIC,10.0,25,Recinto Básico,2026-05-21T14:45:06.719969800
147,ENCLOSURE_FEE_PREMIUM,30.0,26,Recinto Premium,2026-05-21T14:45:06.721210100
168,SOUVENIR,15.0,27,Recinto Central,2026-05-21T14:45:06.721210100
150,ENCLOSURE_FEE_BASIC,10.0,27,Recinto Básico,2026-05-21T14:45:06.721210100
166,ENCLOSURE_FEE_VIP,75.0,28,Recinto VIP,2026-05-21T14:45:06.721210100
151,ENCLOSURE_FEE_BASIC,10.0,29,Recinto Básico,2026-05-21T14:45:06.722567100
152,ENCLOSURE_FEE_BASIC,10.0,30,Recinto Básico,2026-05-21T14:45:06.722567100
153,ENCLOSURE_FEE_BASIC,10.0,1,Recinto Básico,2026-05-21T14:45:06.724013800
16,SPA_SERVICE,20.0,2,Baños y SPA,2026-05-21T14:45:06.724013800
167,ENCLOSURE_FEE_VIP,75.0,2,Recinto VIP,2026-05-21T14:45:06.724013800
168,ENCLOSURE_FEE_VIP,75.0,3,Recinto VIP,2026-05-21T14:45:06.725196800
169,SOUVENIR,15.0,4,Recinto Central,2026-05-21T14:45:06.725196800
17,SPA_SERVICE,20.0,4,Baños y SPA,2026-05-21T14:45:06.725196800
169,ENCLOSURE_FEE_VIP,75.0,4,Recinto VIP,2026-05-21T14:45:06.726661500
170,SOUVENIR,15.0,5,Recinto Central,2026-05-21T14:45:06.726661500
148,ENCLOSURE_FEE_PREMIUM,30.0,5,Recinto Premium,2026-05-21T14:45:06.727657600
154,ENCLOSURE_FEE_BASIC,10.0,6,Recinto Básico,2026-05-21T14:45:06.727657600
171,SOUVENIR,15.0,7,Recinto Central,2026-05-21T14:45:06.728679400
149,ENCLOSURE_FEE_PREMIUM,30.0,7,Recinto Premium,2026-05-21T14:45:06.728679400
150,ENCLOSURE_FEE_PREMIUM,30.0,8,Recinto Premium,2026-05-21T14:45:06.728679400
155,ENCLOSURE_FEE_BASIC,10.0,9,Recinto Básico,2026-05-21T14:45:06.729679800
172,SOUVENIR,15.0,10,Recinto Central,2026-05-21T14:45:06.729679800
170,ENCLOSURE_FEE_VIP,75.0,10,Recinto VIP,2026-05-21T14:45:06.729679800
171,ENCLOSURE_FEE_VIP,75.0,11,Recinto VIP,2026-05-21T14:45:06.731033600
151,ENCLOSURE_FEE_PREMIUM,30.0,12,Recinto Premium,2026-05-21T14:45:06.731033600
173,SOUVENIR,15.0,13,Recinto Central,2026-05-21T14:45:06.731033600
156,ENCLOSURE_FEE_BASIC,10.0,13,Recinto Básico,2026-05-21T14:45:06.732032800
174,SOUVENIR,15.0,14,Recinto Central,2026-05-21T14:45:06.732032800
152,ENCLOSURE_FEE_PREMIUM,30.0,14,Recinto Premium,2026-05-21T14:45:06.732032800
175,SOUVENIR,15.0,15,Recinto Central,2026-05-21T14:45:06.733033900
172,ENCLOSURE_FEE_VIP,75.0,15,Recinto VIP,2026-05-21T14:45:06.733033900
153,ENCLOSURE_FEE_PREMIUM,30.0,16,Recinto Premium,2026-05-21T14:45:06.733033900
173,ENCLOSURE_FEE_VIP,75.0,17,Recinto VIP,2026-05-21T14:45:06.733033900
176,SOUVENIR,15.0,18,Recinto Central,2026-05-21T14:45:06.734157
157,ENCLOSURE_FEE_BASIC,10.0,18,Recinto Básico,2026-05-21T14:45:06.734157
174,ENCLOSURE_FEE_VIP,75.0,19,Recinto VIP,2026-05-21T14:45:06.735160800
177,SOUVENIR,15.0,20,Recinto Central,2026-05-21T14:45:06.735160800
158,ENCLOSURE_FEE_BASIC,10.0,20,Recinto Básico,2026-05-21T14:45:06.735160800
159,ENCLOSURE_FEE_BASIC,10.0,21,Recinto Básico,2026-05-21T14:45:06.736593700
178,SOUVENIR,15.0,22,Recinto Central,2026-05-21T14:45:06.736593700
160,ENCLOSURE_FEE_BASIC,10.0,22,Recinto Básico,2026-05-21T14:45:06.736593700
179,SOUVENIR,15.0,23,Recinto Central,2026-05-21T14:45:06.737590500
161,ENCLOSURE_FEE_BASIC,10.0,23,Recinto Básico,2026-05-21T14:45:06.737590500
180,SOUVENIR,15.0,24,Recinto Central,2026-05-21T14:45:06.737590500
154,ENCLOSURE_FEE_PREMIUM,30.0,24,Recinto Premium,2026-05-21T14:45:06.738585300
181,SOUVENIR,15.0,25,Recinto Central,2026-05-21T14:45:06.738585300
155,ENCLOSURE_FEE_PREMIUM,30.0,25,Recinto Premium,2026-05-21T14:45:06.739604400
182,SOUVENIR,15.0,26,Recinto Central,2026-05-21T14:45:06.739604400
162,ENCLOSURE_FEE_BASIC,10.0,26,Recinto Básico,2026-05-21T14:45:06.739604400
163,ENCLOSURE_FEE_BASIC,10.0,27,Recinto Básico,2026-05-21T14:45:06.739604400
183,SOUVENIR,15.0,28,Recinto Central,2026-05-21T14:45:06.740895600
175,ENCLOSURE_FEE_VIP,75.0,28,Recinto VIP,2026-05-21T14:45:06.740895600
156,ENCLOSURE_FEE_PREMIUM,30.0,29,Recinto Premium,2026-05-21T14:45:06.740895600
184,SOUVENIR,15.0,30,Recinto Central,2026-05-21T14:45:06.740895600
164,ENCLOSURE_FEE_BASIC,10.0,30,Recinto Básico,2026-05-21T14:45:06.742393500
185,SOUVENIR,15.0,1,Recinto Central,2026-05-21T14:45:06.743434800
176,ENCLOSURE_FEE_VIP,75.0,1,Recinto VIP,2026-05-21T14:45:06.743434800
157,ENCLOSURE_FEE_PREMIUM,30.0,2,Recinto Premium,2026-05-21T14:45:06.743434800
165,ENCLOSURE_FEE_BASIC,10.0,3,Recinto Básico,2026-05-21T14:45:06.744431200
186,SOUVENIR,15.0,4,Recinto Central,2026-05-21T14:45:06.744431200
158,ENCLOSURE_FEE_PREMIUM,30.0,4,Recinto Premium,2026-05-21T14:45:06.744431200
187,SOUVENIR,15.0,5,Recinto Central,2026-05-21T14:45:06.745810600
159,ENCLOSURE_FEE_PREMIUM,30.0,5,Recinto Premium,2026-05-21T14:45:06.745810600
166,ENCLOSURE_FEE_BASIC,10.0,6,Recinto Básico,2026-05-21T14:45:06.746807600
188,SOUVENIR,15.0,7,Recinto Central,2026-05-21T14:45:06.746807600
167,ENCLOSURE_FEE_BASIC,10.0,7,Recinto Básico,2026-05-21T14:45:06.746807600
189,SOUVENIR,15.0,8,Recinto Central,2026-05-21T14:45:06.746807600
160,ENCLOSURE_FEE_PREMIUM,30.0,8,Recinto Premium,2026-05-21T14:45:06.746807600
190,SOUVENIR,15.0,9,Recinto Central,2026-05-21T14:45:06.748292500
161,ENCLOSURE_FEE_PREMIUM,30.0,9,Recinto Premium,2026-05-21T14:45:06.748798200
177,ENCLOSURE_FEE_VIP,75.0,10,Recinto VIP,2026-05-21T14:45:06.748798200
162,ENCLOSURE_FEE_PREMIUM,30.0,11,Recinto Premium,2026-05-21T14:45:06.748798200
178,ENCLOSURE_FEE_VIP,75.0,12,Recinto VIP,2026-05-21T14:45:06.749809700
163,ENCLOSURE_FEE_PREMIUM,30.0,13,Recinto Premium,2026-05-21T14:45:06.749809700
164,ENCLOSURE_FEE_PREMIUM,30.0,14,Recinto Premium,2026-05-21T14:45:06.749809700
165,ENCLOSURE_FEE_PREMIUM,30.0,15,Recinto Premium,2026-05-21T14:45:06.749809700
191,SOUVENIR,15.0,16,Recinto Central,2026-05-21T14:45:06.751211
168,ENCLOSURE_FEE_BASIC,10.0,16,Recinto Básico,2026-05-21T14:45:06.751211
179,ENCLOSURE_FEE_VIP,75.0,17,Recinto VIP,2026-05-21T14:45:06.751211
166,ENCLOSURE_FEE_PREMIUM,30.0,18,Recinto Premium,2026-05-21T14:45:06.752701100
169,ENCLOSURE_FEE_BASIC,10.0,19,Recinto Básico,2026-05-21T14:45:06.752701100
170,ENCLOSURE_FEE_BASIC,10.0,20,Recinto Básico,2026-05-21T14:45:06.753715100
192,SOUVENIR,15.0,21,Recinto Central,2026-05-21T14:45:06.753715100
167,ENCLOSURE_FEE_PREMIUM,30.0,21,Recinto Premium,2026-05-21T14:45:06.753715100
193,SOUVENIR,15.0,22,Recinto Central,2026-05-21T14:45:06.753715100
168,ENCLOSURE_FEE_PREMIUM,30.0,22,Recinto Premium,2026-05-21T14:45:06.754829800
169,ENCLOSURE_FEE_PREMIUM,30.0,23,Recinto Premium,2026-05-21T14:45:06.754829800
170,ENCLOSURE_FEE_PREMIUM,30.0,24,Recinto Premium,2026-05-21T14:45:06.754829800
171,ENCLOSURE_FEE_BASIC,10.0,25,Recinto Básico,2026-05-21T14:45:06.754829800
171,ENCLOSURE_FEE_PREMIUM,30.0,26,Recinto Premium,2026-05-21T14:45:06.756154900
180,ENCLOSURE_FEE_VIP,75.0,27,Recinto VIP,2026-05-21T14:45:06.756154900
194,SOUVENIR,15.0,28,Recinto Central,2026-05-21T14:45:06.756154900
172,ENCLOSURE_FEE_PREMIUM,30.0,28,Recinto Premium,2026-05-21T14:45:06.757150200
195,SOUVENIR,15.0,29,Recinto Central,2026-05-21T14:45:06.757150200
172,ENCLOSURE_FEE_BASIC,10.0,29,Recinto Básico,2026-05-21T14:45:06.757150200
196,SOUVENIR,15.0,30,Recinto Central,2026-05-21T14:45:06.757150200
173,ENCLOSURE_FEE_PREMIUM,30.0,30,Recinto Premium,2026-05-21T14:45:06.758658100
197,SOUVENIR,15.0,1,Recinto Central,2026-05-21T14:45:06.758658100
173,ENCLOSURE_FEE_BASIC,10.0,1,Recinto Básico,2026-05-21T14:45:06.759972500
198,SOUVENIR,15.0,2,Recinto Central,2026-05-21T14:45:06.759972500
174,ENCLOSURE_FEE_PREMIUM,30.0,2,Recinto Premium,2026-05-21T14:45:06.759972500
199,SOUVENIR,15.0,3,Recinto Central,2026-05-21T14:45:06.761231
181,ENCLOSURE_FEE_VIP,75.0,3,Recinto VIP,2026-05-21T14:45:06.762225900
175,ENCLOSURE_FEE_PREMIUM,30.0,4,Recinto Premium,2026-05-21T14:45:06.762225900
174,ENCLOSURE_FEE_BASIC,10.0,5,Recinto Básico,2026-05-21T14:45:06.762225900
175,ENCLOSURE_FEE_BASIC,10.0,6,Recinto Básico,2026-05-21T14:45:06.762225900
176,ENCLOSURE_FEE_PREMIUM,30.0,7,Recinto Premium,2026-05-21T14:45:06.763516900
182,ENCLOSURE_FEE_VIP,75.0,8,Recinto VIP,2026-05-21T14:45:06.763516900
200,SOUVENIR,15.0,9,Recinto Central,2026-05-21T14:45:06.763516900
183,ENCLOSURE_FEE_VIP,75.0,9,Recinto VIP,2026-05-21T14:45:06.763516900
201,SOUVENIR,15.0,10,Recinto Central,2026-05-21T14:45:06.764801100
176,ENCLOSURE_FEE_BASIC,10.0,10,Recinto Básico,2026-05-21T14:45:06.764801100
177,ENCLOSURE_FEE_BASIC,10.0,11,Recinto Básico,2026-05-21T14:45:06.765813300
178,ENCLOSURE_FEE_BASIC,10.0,12,Recinto Básico,2026-05-21T14:45:06.765813300
184,ENCLOSURE_FEE_VIP,75.0,13,Recinto VIP,2026-05-21T14:45:06.765813300
177,ENCLOSURE_FEE_PREMIUM,30.0,14,Recinto Premium,2026-05-21T14:45:06.767238400
178,ENCLOSURE_FEE_PREMIUM,30.0,15,Recinto Premium,2026-05-21T14:45:06.767238400
179,ENCLOSURE_FEE_PREMIUM,30.0,16,Recinto Premium,2026-05-21T14:45:06.767238400
180,ENCLOSURE_FEE_PREMIUM,30.0,17,Recinto Premium,2026-05-21T14:45:06.768606900
181,ENCLOSURE_FEE_PREMIUM,30.0,18,Recinto Premium,2026-05-21T14:45:06.768606900
185,ENCLOSURE_FEE_VIP,75.0,19,Recinto VIP,2026-05-21T14:45:06.770608700
202,SOUVENIR,15.0,20,Recinto Central,2026-05-21T14:45:06.770608700
186,ENCLOSURE_FEE_VIP,75.0,20,Recinto VIP,2026-05-21T14:45:06.770608700
182,ENCLOSURE_FEE_PREMIUM,30.0,21,Recinto Premium,2026-05-21T14:45:06.771607
203,SOUVENIR,15.0,22,Recinto Central,2026-05-21T14:45:06.772111200
187,ENCLOSURE_FEE_VIP,75.0,22,Recinto VIP,2026-05-21T14:45:06.772111200
188,ENCLOSURE_FEE_VIP,75.0,23,Recinto VIP,2026-05-21T14:45:06.773122400
179,ENCLOSURE_FEE_BASIC,10.0,24,Recinto Básico,2026-05-21T14:45:06.773122400
204,SOUVENIR,15.0,25,Recinto Central,2026-05-21T14:45:06.773122400
189,ENCLOSURE_FEE_VIP,75.0,25,Recinto VIP,2026-05-21T14:45:06.773122400
205,SOUVENIR,15.0,26,Recinto Central,2026-05-21T14:45:06.774568800
183,ENCLOSURE_FEE_PREMIUM,30.0,26,Recinto Premium,2026-05-21T14:45:06.774568800
206,SOUVENIR,15.0,27,Recinto Central,2026-05-21T14:45:06.775583600
184,ENCLOSURE_FEE_PREMIUM,30.0,27,Recinto Premium,2026-05-21T14:45:06.775583600
180,ENCLOSURE_FEE_BASIC,10.0,28,Recinto Básico,2026-05-21T14:45:06.775583600
207,SOUVENIR,15.0,29,Recinto Central,2026-05-21T14:45:06.776571600
190,ENCLOSURE_FEE_VIP,75.0,29,Recinto VIP,2026-05-21T14:45:06.776571600
191,ENCLOSURE_FEE_VIP,75.0,30,Recinto VIP,2026-05-21T14:45:06.777782900
185,ENCLOSURE_FEE_PREMIUM,30.0,1,Recinto Premium,2026-05-21T14:45:06.778790200
192,ENCLOSURE_FEE_VIP,75.0,2,Recinto VIP,2026-05-21T14:45:06.778790200
208,SOUVENIR,15.0,3,Recinto Central,2026-05-21T14:45:06.778790200
181,ENCLOSURE_FEE_BASIC,10.0,3,Recinto Básico,2026-05-21T14:45:06.780107800
18,SPA_SERVICE,20.0,4,Baños y SPA,2026-05-21T14:45:06.780107800
186,ENCLOSURE_FEE_PREMIUM,30.0,4,Recinto Premium,2026-05-21T14:45:06.781114700
187,ENCLOSURE_FEE_PREMIUM,30.0,5,Recinto Premium,2026-05-21T14:45:06.781114700
188,ENCLOSURE_FEE_PREMIUM,30.0,6,Recinto Premium,2026-05-21T14:45:06.781114700
209,SOUVENIR,15.0,7,Recinto Central,2026-05-21T14:45:06.782235400
193,ENCLOSURE_FEE_VIP,75.0,7,Recinto VIP,2026-05-21T14:45:06.782235400
182,ENCLOSURE_FEE_BASIC,10.0,8,Recinto Básico,2026-05-21T14:45:06.782235400
189,ENCLOSURE_FEE_PREMIUM,30.0,9,Recinto Premium,2026-05-21T14:45:06.783713900
194,ENCLOSURE_FEE_VIP,75.0,10,Recinto VIP,2026-05-21T14:45:06.783713900
190,ENCLOSURE_FEE_PREMIUM,30.0,11,Recinto Premium,2026-05-21T14:45:06.783713900
191,ENCLOSURE_FEE_PREMIUM,30.0,12,Recinto Premium,2026-05-21T14:45:06.785054600
210,SOUVENIR,15.0,13,Recinto Central,2026-05-21T14:45:06.785054600
192,ENCLOSURE_FEE_PREMIUM,30.0,13,Recinto Premium,2026-05-21T14:45:06.786053300
183,ENCLOSURE_FEE_BASIC,10.0,14,Recinto Básico,2026-05-21T14:45:06.786053300
193,ENCLOSURE_FEE_PREMIUM,30.0,15,Recinto Premium,2026-05-21T14:45:06.787053400
194,ENCLOSURE_FEE_PREMIUM,30.0,16,Recinto Premium,2026-05-21T14:45:06.787053400
195,ENCLOSURE_FEE_PREMIUM,30.0,17,Recinto Premium,2026-05-21T14:45:06.788053500
184,ENCLOSURE_FEE_BASIC,10.0,18,Recinto Básico,2026-05-21T14:45:06.788053500
185,ENCLOSURE_FEE_BASIC,10.0,19,Recinto Básico,2026-05-21T14:45:06.789049900
195,ENCLOSURE_FEE_VIP,75.0,20,Recinto VIP,2026-05-21T14:45:06.789049900
186,ENCLOSURE_FEE_BASIC,10.0,21,Recinto Básico,2026-05-21T14:45:06.790056500
211,SOUVENIR,15.0,22,Recinto Central,2026-05-21T14:45:06.790056500
196,ENCLOSURE_FEE_VIP,75.0,22,Recinto VIP,2026-05-21T14:45:06.790056500
197,ENCLOSURE_FEE_VIP,75.0,23,Recinto VIP,2026-05-21T14:45:06.791282300
187,ENCLOSURE_FEE_BASIC,10.0,24,Recinto Básico,2026-05-21T14:45:06.791282300
196,ENCLOSURE_FEE_PREMIUM,30.0,25,Recinto Premium,2026-05-21T14:45:06.791282300
212,SOUVENIR,15.0,26,Recinto Central,2026-05-21T14:45:06.792709100
188,ENCLOSURE_FEE_BASIC,10.0,26,Recinto Básico,2026-05-21T14:45:06.792709100
213,SOUVENIR,15.0,27,Recinto Central,2026-05-21T14:45:06.792709100
197,ENCLOSURE_FEE_PREMIUM,30.0,27,Recinto Premium,2026-05-21T14:45:06.794119400
189,ENCLOSURE_FEE_BASIC,10.0,28,Recinto Básico,2026-05-21T14:45:06.794119400
190,ENCLOSURE_FEE_BASIC,10.0,29,Recinto Básico,2026-05-21T14:45:06.794119400
214,SOUVENIR,15.0,30,Recinto Central,2026-05-21T14:45:06.795116
191,ENCLOSURE_FEE_BASIC,10.0,30,Recinto Básico,2026-05-21T14:45:06.795116
192,ENCLOSURE_FEE_BASIC,10.0,1,Recinto Básico,2026-05-21T14:45:06.796554500
215,SOUVENIR,15.0,2,Recinto Central,2026-05-21T14:45:06.796554500
198,ENCLOSURE_FEE_PREMIUM,30.0,2,Recinto Premium,2026-05-21T14:45:06.796554500
193,ENCLOSURE_FEE_BASIC,10.0,3,Recinto Básico,2026-05-21T14:45:06.797551
198,ENCLOSURE_FEE_VIP,75.0,4,Recinto VIP,2026-05-21T14:45:06.797551
216,SOUVENIR,15.0,5,Recinto Central,2026-05-21T14:45:06.797551
194,ENCLOSURE_FEE_BASIC,10.0,5,Recinto Básico,2026-05-21T14:45:06.798547300
217,SOUVENIR,15.0,6,Recinto Central,2026-05-21T14:45:06.798547300
195,ENCLOSURE_FEE_BASIC,10.0,6,Recinto Básico,2026-05-21T14:45:06.798547300
218,SOUVENIR,15.0,7,Recinto Central,2026-05-21T14:45:06.798547300
199,ENCLOSURE_FEE_VIP,75.0,7,Recinto VIP,2026-05-21T14:45:06.800025200
200,ENCLOSURE_FEE_VIP,75.0,8,Recinto VIP,2026-05-21T14:45:06.800025200
199,ENCLOSURE_FEE_PREMIUM,30.0,9,Recinto Premium,2026-05-21T14:45:06.800025200
219,SOUVENIR,15.0,10,Recinto Central,2026-05-21T14:45:06.800025200
19,SPA_SERVICE,20.0,10,Baños y SPA,2026-05-21T14:45:06.801357500
200,ENCLOSURE_FEE_PREMIUM,30.0,10,Recinto Premium,2026-05-21T14:45:06.802354100
201,ENCLOSURE_FEE_PREMIUM,30.0,11,Recinto Premium,2026-05-21T14:45:06.802354100
202,ENCLOSURE_FEE_PREMIUM,30.0,12,Recinto Premium,2026-05-21T14:45:06.803357900
196,ENCLOSURE_FEE_BASIC,10.0,13,Recinto Básico,2026-05-21T14:45:06.803357900
201,ENCLOSURE_FEE_VIP,75.0,14,Recinto VIP,2026-05-21T14:45:06.803357900
220,SOUVENIR,15.0,15,Recinto Central,2026-05-21T14:45:06.803357900
202,ENCLOSURE_FEE_VIP,75.0,15,Recinto VIP,2026-05-21T14:45:06.804355300
203,ENCLOSURE_FEE_PREMIUM,30.0,16,Recinto Premium,2026-05-21T14:45:06.804355300
221,SOUVENIR,15.0,17,Recinto Central,2026-05-21T14:45:06.804355300
204,ENCLOSURE_FEE_PREMIUM,30.0,17,Recinto Premium,2026-05-21T14:45:06.805442100
197,ENCLOSURE_FEE_BASIC,10.0,18,Recinto Básico,2026-05-21T14:45:06.805442100
222,SOUVENIR,15.0,19,Recinto Central,2026-05-21T14:45:06.805442100
198,ENCLOSURE_FEE_BASIC,10.0,19,Recinto Básico,2026-05-21T14:45:06.805442100
199,ENCLOSURE_FEE_BASIC,10.0,20,Recinto Básico,2026-05-21T14:45:06.806443700
203,ENCLOSURE_FEE_VIP,75.0,21,Recinto VIP,2026-05-21T14:45:06.806443700
205,ENCLOSURE_FEE_PREMIUM,30.0,22,Recinto Premium,2026-05-21T14:45:06.806443700
223,SOUVENIR,15.0,23,Recinto Central,2026-05-21T14:45:06.806443700
200,ENCLOSURE_FEE_BASIC,10.0,23,Recinto Básico,2026-05-21T14:45:06.807876500
201,ENCLOSURE_FEE_BASIC,10.0,24,Recinto Básico,2026-05-21T14:45:06.807876500
224,SOUVENIR,15.0,25,Recinto Central,2026-05-21T14:45:06.809152300
202,ENCLOSURE_FEE_BASIC,10.0,25,Recinto Básico,2026-05-21T14:45:06.809152300
225,SOUVENIR,15.0,26,Recinto Central,2026-05-21T14:45:06.809152300
204,ENCLOSURE_FEE_VIP,75.0,26,Recinto VIP,2026-05-21T14:45:06.810152100
226,SOUVENIR,15.0,27,Recinto Central,2026-05-21T14:45:06.810152100
203,ENCLOSURE_FEE_BASIC,10.0,27,Recinto Básico,2026-05-21T14:45:06.811159500
204,ENCLOSURE_FEE_BASIC,10.0,28,Recinto Básico,2026-05-21T14:45:06.811159500
227,SOUVENIR,15.0,29,Recinto Central,2026-05-21T14:45:06.812153100
205,ENCLOSURE_FEE_BASIC,10.0,29,Recinto Básico,2026-05-21T14:45:06.812153100
228,SOUVENIR,15.0,30,Recinto Central,2026-05-21T14:45:06.812153100
206,ENCLOSURE_FEE_PREMIUM,30.0,30,Recinto Premium,2026-05-21T14:45:06.812153100
229,SOUVENIR,15.0,1,Recinto Central,2026-05-21T14:45:06.813350
207,ENCLOSURE_FEE_PREMIUM,30.0,1,Recinto Premium,2026-05-21T14:45:06.814350800
206,ENCLOSURE_FEE_BASIC,10.0,2,Recinto Básico,2026-05-21T14:45:06.814350800
230,SOUVENIR,15.0,3,Recinto Central,2026-05-21T14:45:06.815350700
205,ENCLOSURE_FEE_VIP,75.0,3,Recinto VIP,2026-05-21T14:45:06.815350700
231,SOUVENIR,15.0,4,Recinto Central,2026-05-21T14:45:06.816351900
208,ENCLOSURE_FEE_PREMIUM,30.0,4,Recinto Premium,2026-05-21T14:45:06.816351900
232,SOUVENIR,15.0,5,Recinto Central,2026-05-21T14:45:06.816351900
206,ENCLOSURE_FEE_VIP,75.0,5,Recinto VIP,2026-05-21T14:45:06.816351900
207,ENCLOSURE_FEE_BASIC,10.0,6,Recinto Básico,2026-05-21T14:45:06.816351900
209,ENCLOSURE_FEE_PREMIUM,30.0,7,Recinto Premium,2026-05-21T14:45:06.817709700
233,SOUVENIR,15.0,8,Recinto Central,2026-05-21T14:45:06.818221400
207,ENCLOSURE_FEE_VIP,75.0,8,Recinto VIP,2026-05-21T14:45:06.818221400
208,ENCLOSURE_FEE_VIP,75.0,9,Recinto VIP,2026-05-21T14:45:06.819236100
234,SOUVENIR,15.0,10,Recinto Central,2026-05-21T14:45:06.819236100
210,ENCLOSURE_FEE_PREMIUM,30.0,10,Recinto Premium,2026-05-21T14:45:06.820234700
235,SOUVENIR,15.0,11,Recinto Central,2026-05-21T14:45:06.820234700
208,ENCLOSURE_FEE_BASIC,10.0,11,Recinto Básico,2026-05-21T14:45:06.820234700
236,SOUVENIR,15.0,12,Recinto Central,2026-05-21T14:45:06.821560400
209,ENCLOSURE_FEE_VIP,75.0,12,Recinto VIP,2026-05-21T14:45:06.821560400
210,ENCLOSURE_FEE_VIP,75.0,13,Recinto VIP,2026-05-21T14:45:06.821560400
211,ENCLOSURE_FEE_PREMIUM,30.0,14,Recinto Premium,2026-05-21T14:45:06.822561500
237,SOUVENIR,15.0,15,Recinto Central,2026-05-21T14:45:06.822561500
211,ENCLOSURE_FEE_VIP,75.0,15,Recinto VIP,2026-05-21T14:45:06.822561500
238,SOUVENIR,15.0,16,Recinto Central,2026-05-21T14:45:06.822561500
212,ENCLOSURE_FEE_VIP,75.0,16,Recinto VIP,2026-05-21T14:45:06.823864
239,SOUVENIR,15.0,17,Recinto Central,2026-05-21T14:45:06.823864
212,ENCLOSURE_FEE_PREMIUM,30.0,17,Recinto Premium,2026-05-21T14:45:06.825071400
213,ENCLOSURE_FEE_VIP,75.0,18,Recinto VIP,2026-05-21T14:45:06.825071400
209,ENCLOSURE_FEE_BASIC,10.0,19,Recinto Básico,2026-05-21T14:45:06.826071500
213,ENCLOSURE_FEE_PREMIUM,30.0,20,Recinto Premium,2026-05-21T14:45:06.826071500
214,ENCLOSURE_FEE_VIP,75.0,21,Recinto VIP,2026-05-21T14:45:06.827071300
240,SOUVENIR,15.0,22,Recinto Central,2026-05-21T14:45:06.827071300
215,ENCLOSURE_FEE_VIP,75.0,22,Recinto VIP,2026-05-21T14:45:06.827071300
210,ENCLOSURE_FEE_BASIC,10.0,23,Recinto Básico,2026-05-21T14:45:06.828070600
214,ENCLOSURE_FEE_PREMIUM,30.0,24,Recinto Premium,2026-05-21T14:45:06.828070600
241,SOUVENIR,15.0,25,Recinto Central,2026-05-21T14:45:06.828070600
216,ENCLOSURE_FEE_VIP,75.0,25,Recinto VIP,2026-05-21T14:45:06.829522100
215,ENCLOSURE_FEE_PREMIUM,30.0,26,Recinto Premium,2026-05-21T14:45:06.829522100
216,ENCLOSURE_FEE_PREMIUM,30.0,27,Recinto Premium,2026-05-21T14:45:06.829522100
242,SOUVENIR,15.0,28,Recinto Central,2026-05-21T14:45:06.830529800
217,ENCLOSURE_FEE_PREMIUM,30.0,28,Recinto Premium,2026-05-21T14:45:06.830529800
243,SOUVENIR,15.0,29,Recinto Central,2026-05-21T14:45:06.831519400
217,ENCLOSURE_FEE_VIP,75.0,29,Recinto VIP,2026-05-21T14:45:06.831519400
244,SOUVENIR,15.0,30,Recinto Central,2026-05-21T14:45:06.831519400
218,ENCLOSURE_FEE_PREMIUM,30.0,30,Recinto Premium,2026-05-21T14:45:06.832520800
245,SOUVENIR,15.0,1,Recinto Central,2026-05-21T14:45:06.833520300
218,ENCLOSURE_FEE_VIP,75.0,1,Recinto VIP,2026-05-21T14:45:06.834565600
219,ENCLOSURE_FEE_VIP,75.0,2,Recinto VIP,2026-05-21T14:45:06.834565600
220,ENCLOSURE_FEE_VIP,75.0,3,Recinto VIP,2026-05-21T14:45:06.835849700
246,SOUVENIR,15.0,4,Recinto Central,2026-05-21T14:45:06.836851
211,ENCLOSURE_FEE_BASIC,10.0,4,Recinto Básico,2026-05-21T14:45:06.836851
247,SOUVENIR,15.0,5,Recinto Central,2026-05-21T14:45:06.837861100
20,SPA_SERVICE,20.0,5,Baños y SPA,2026-05-21T14:45:06.837861100
212,ENCLOSURE_FEE_BASIC,10.0,5,Recinto Básico,2026-05-21T14:45:06.837861100
221,ENCLOSURE_FEE_VIP,75.0,6,Recinto VIP,2026-05-21T14:45:06.838861800
222,ENCLOSURE_FEE_VIP,75.0,7,Recinto VIP,2026-05-21T14:45:06.838861800
219,ENCLOSURE_FEE_PREMIUM,30.0,8,Recinto Premium,2026-05-21T14:45:06.838861800
248,SOUVENIR,15.0,9,Recinto Central,2026-05-21T14:45:06.840265500
220,ENCLOSURE_FEE_PREMIUM,30.0,9,Recinto Premium,2026-05-21T14:45:06.840265500
221,ENCLOSURE_FEE_PREMIUM,30.0,10,Recinto Premium,2026-05-21T14:45:06.840265500
222,ENCLOSURE_FEE_PREMIUM,30.0,11,Recinto Premium,2026-05-21T14:45:06.841560900
213,ENCLOSURE_FEE_BASIC,10.0,12,Recinto Básico,2026-05-21T14:45:06.841560900
214,ENCLOSURE_FEE_BASIC,10.0,13,Recinto Básico,2026-05-21T14:45:06.841560900
223,ENCLOSURE_FEE_PREMIUM,30.0,14,Recinto Premium,2026-05-21T14:45:06.841560900
223,ENCLOSURE_FEE_VIP,75.0,15,Recinto VIP,2026-05-21T14:45:06.843017100
249,SOUVENIR,15.0,16,Recinto Central,2026-05-21T14:45:06.843017100
215,ENCLOSURE_FEE_BASIC,10.0,16,Recinto Básico,2026-05-21T14:45:06.844021600
250,SOUVENIR,15.0,17,Recinto Central,2026-05-21T14:45:06.844021600
224,ENCLOSURE_FEE_VIP,75.0,17,Recinto VIP,2026-05-21T14:45:06.844021600
225,ENCLOSURE_FEE_VIP,75.0,18,Recinto VIP,2026-05-21T14:45:06.845096700
226,ENCLOSURE_FEE_VIP,75.0,19,Recinto VIP,2026-05-21T14:45:06.845096700
251,SOUVENIR,15.0,20,Recinto Central,2026-05-21T14:45:06.845096700
216,ENCLOSURE_FEE_BASIC,10.0,20,Recinto Básico,2026-05-21T14:45:06.846505100
227,ENCLOSURE_FEE_VIP,75.0,21,Recinto VIP,2026-05-21T14:45:06.846505100
224,ENCLOSURE_FEE_PREMIUM,30.0,22,Recinto Premium,2026-05-21T14:45:06.846505100
252,SOUVENIR,15.0,23,Recinto Central,2026-05-21T14:45:06.846505100
225,ENCLOSURE_FEE_PREMIUM,30.0,23,Recinto Premium,2026-05-21T14:45:06.847959200
217,ENCLOSURE_FEE_BASIC,10.0,24,Recinto Básico,2026-05-21T14:45:06.848466100
253,SOUVENIR,15.0,25,Recinto Central,2026-05-21T14:45:06.848466100
218,ENCLOSURE_FEE_BASIC,10.0,25,Recinto Básico,2026-05-21T14:45:06.849473400
226,ENCLOSURE_FEE_PREMIUM,30.0,26,Recinto Premium,2026-05-21T14:45:06.849473400
227,ENCLOSURE_FEE_PREMIUM,30.0,27,Recinto Premium,2026-05-21T14:45:06.850956400
219,ENCLOSURE_FEE_BASIC,10.0,28,Recinto Básico,2026-05-21T14:45:06.850956400
254,SOUVENIR,15.0,29,Recinto Central,2026-05-21T14:45:06.852446100
228,ENCLOSURE_FEE_VIP,75.0,29,Recinto VIP,2026-05-21T14:45:06.852446100
220,ENCLOSURE_FEE_BASIC,10.0,30,Recinto Básico,2026-05-21T14:45:06.853751200
221,ENCLOSURE_FEE_BASIC,10.0,1,Recinto Básico,2026-05-21T14:45:06.855132400
255,SOUVENIR,15.0,2,Recinto Central,2026-05-21T14:45:06.855132400
228,ENCLOSURE_FEE_PREMIUM,30.0,2,Recinto Premium,2026-05-21T14:45:06.856337600
229,ENCLOSURE_FEE_VIP,75.0,3,Recinto VIP,2026-05-21T14:45:06.856337600
230,ENCLOSURE_FEE_VIP,75.0,4,Recinto VIP,2026-05-21T14:45:06.856337600
222,ENCLOSURE_FEE_BASIC,10.0,5,Recinto Básico,2026-05-21T14:45:06.857359700
223,ENCLOSURE_FEE_BASIC,10.0,6,Recinto Básico,2026-05-21T14:45:06.857359700
256,SOUVENIR,15.0,7,Recinto Central,2026-05-21T14:45:06.858356300
21,SPA_SERVICE,20.0,7,Baños y SPA,2026-05-21T14:45:06.859360800
229,ENCLOSURE_FEE_PREMIUM,30.0,7,Recinto Premium,2026-05-21T14:45:06.859360800
257,SOUVENIR,15.0,8,Recinto Central,2026-05-21T14:45:06.859360800
224,ENCLOSURE_FEE_BASIC,10.0,8,Recinto Básico,2026-05-21T14:45:06.860355600
231,ENCLOSURE_FEE_VIP,75.0,9,Recinto VIP,2026-05-21T14:45:06.860355600
225,ENCLOSURE_FEE_BASIC,10.0,10,Recinto Básico,2026-05-21T14:45:06.861368600
226,ENCLOSURE_FEE_BASIC,10.0,11,Recinto Básico,2026-05-21T14:45:06.861368600
258,SOUVENIR,15.0,12,Recinto Central,2026-05-21T14:45:06.861368600
227,ENCLOSURE_FEE_BASIC,10.0,12,Recinto Básico,2026-05-21T14:45:06.862387400
259,SOUVENIR,15.0,13,Recinto Central,2026-05-21T14:45:06.862387400
230,ENCLOSURE_FEE_PREMIUM,30.0,13,Recinto Premium,2026-05-21T14:45:06.863415500
231,ENCLOSURE_FEE_PREMIUM,30.0,14,Recinto Premium,2026-05-21T14:45:06.863415500
228,ENCLOSURE_FEE_BASIC,10.0,15,Recinto Básico,2026-05-21T14:45:06.863415500
260,SOUVENIR,15.0,16,Recinto Central,2026-05-21T14:45:06.864412500
232,ENCLOSURE_FEE_VIP,75.0,16,Recinto VIP,2026-05-21T14:45:06.864412500
232,ENCLOSURE_FEE_PREMIUM,30.0,17,Recinto Premium,2026-05-21T14:45:06.865417900
233,ENCLOSURE_FEE_VIP,75.0,18,Recinto VIP,2026-05-21T14:45:06.865934100
233,ENCLOSURE_FEE_PREMIUM,30.0,19,Recinto Premium,2026-05-21T14:45:06.865934100
234,ENCLOSURE_FEE_PREMIUM,30.0,20,Recinto Premium,2026-05-21T14:45:06.865934100
261,SOUVENIR,15.0,21,Recinto Central,2026-05-21T14:45:06.865934100
235,ENCLOSURE_FEE_PREMIUM,30.0,21,Recinto Premium,2026-05-21T14:45:06.867454900
236,ENCLOSURE_FEE_PREMIUM,30.0,22,Recinto Premium,2026-05-21T14:45:06.867454900
229,ENCLOSURE_FEE_BASIC,10.0,23,Recinto Básico,2026-05-21T14:45:06.868808800
237,ENCLOSURE_FEE_PREMIUM,30.0,24,Recinto Premium,2026-05-21T14:45:06.868808800
262,SOUVENIR,15.0,25,Recinto Central,2026-05-21T14:45:06.868808800
230,ENCLOSURE_FEE_BASIC,10.0,25,Recinto Básico,2026-05-21T14:45:06.870295200
231,ENCLOSURE_FEE_BASIC,10.0,26,Recinto Básico,2026-05-21T14:45:06.870295200
234,ENCLOSURE_FEE_VIP,75.0,27,Recinto VIP,2026-05-21T14:45:06.871594600
238,ENCLOSURE_FEE_PREMIUM,30.0,28,Recinto Premium,2026-05-21T14:45:06.871594600
263,SOUVENIR,15.0,29,Recinto Central,2026-05-21T14:45:06.871594600
232,ENCLOSURE_FEE_BASIC,10.0,29,Recinto Básico,2026-05-21T14:45:06.873087300
264,SOUVENIR,15.0,30,Recinto Central,2026-05-21T14:45:06.873598
235,ENCLOSURE_FEE_VIP,75.0,30,Recinto VIP,2026-05-21T14:45:06.873598
239,ENCLOSURE_FEE_PREMIUM,30.0,1,Recinto Premium,2026-05-21T14:45:06.875609300
265,SOUVENIR,15.0,2,Recinto Central,2026-05-21T14:45:06.875609300
240,ENCLOSURE_FEE_PREMIUM,30.0,2,Recinto Premium,2026-05-21T14:45:06.876606100
241,ENCLOSURE_FEE_PREMIUM,30.0,3,Recinto Premium,2026-05-21T14:45:06.876606100
236,ENCLOSURE_FEE_VIP,75.0,4,Recinto VIP,2026-05-21T14:45:06.877609100
237,ENCLOSURE_FEE_VIP,75.0,5,Recinto VIP,2026-05-21T14:45:06.877609100
238,ENCLOSURE_FEE_VIP,75.0,6,Recinto VIP,2026-05-21T14:45:06.878611
242,ENCLOSURE_FEE_PREMIUM,30.0,7,Recinto Premium,2026-05-21T14:45:06.878611
239,ENCLOSURE_FEE_VIP,75.0,8,Recinto VIP,2026-05-21T14:45:06.879610400
266,SOUVENIR,15.0,9,Recinto Central,2026-05-21T14:45:06.879610400
240,ENCLOSURE_FEE_VIP,75.0,9,Recinto VIP,2026-05-21T14:45:06.879610400
267,SOUVENIR,15.0,10,Recinto Central,2026-05-21T14:45:06.880614200
233,ENCLOSURE_FEE_BASIC,10.0,10,Recinto Básico,2026-05-21T14:45:06.880614200
241,ENCLOSURE_FEE_VIP,75.0,11,Recinto VIP,2026-05-21T14:45:06.881615
268,SOUVENIR,15.0,12,Recinto Central,2026-05-21T14:45:06.881615
234,ENCLOSURE_FEE_BASIC,10.0,12,Recinto Básico,2026-05-21T14:45:06.882791900
269,SOUVENIR,15.0,13,Recinto Central,2026-05-21T14:45:06.882791900
242,ENCLOSURE_FEE_VIP,75.0,13,Recinto VIP,2026-05-21T14:45:06.882791900
243,ENCLOSURE_FEE_VIP,75.0,14,Recinto VIP,2026-05-21T14:45:06.884000800
235,ENCLOSURE_FEE_BASIC,10.0,15,Recinto Básico,2026-05-21T14:45:06.884000800
270,SOUVENIR,15.0,16,Recinto Central,2026-05-21T14:45:06.885299900
236,ENCLOSURE_FEE_BASIC,10.0,16,Recinto Básico,2026-05-21T14:45:06.886309100
271,SOUVENIR,15.0,17,Recinto Central,2026-05-21T14:45:06.886309100
243,ENCLOSURE_FEE_PREMIUM,30.0,17,Recinto Premium,2026-05-21T14:45:06.887298400
244,ENCLOSURE_FEE_PREMIUM,30.0,18,Recinto Premium,2026-05-21T14:45:06.887298400
244,ENCLOSURE_FEE_VIP,75.0,19,Recinto VIP,2026-05-21T14:45:06.888705400
237,ENCLOSURE_FEE_BASIC,10.0,20,Recinto Básico,2026-05-21T14:45:06.888705400
272,SOUVENIR,15.0,21,Recinto Central,2026-05-21T14:45:06.889846500
238,ENCLOSURE_FEE_BASIC,10.0,21,Recinto Básico,2026-05-21T14:45:06.889846500
239,ENCLOSURE_FEE_BASIC,10.0,22,Recinto Básico,2026-05-21T14:45:06.891169100
273,SOUVENIR,15.0,23,Recinto Central,2026-05-21T14:45:06.891169100
245,ENCLOSURE_FEE_PREMIUM,30.0,23,Recinto Premium,2026-05-21T14:45:06.892198200
240,ENCLOSURE_FEE_BASIC,10.0,24,Recinto Básico,2026-05-21T14:45:06.892198200
245,ENCLOSURE_FEE_VIP,75.0,25,Recinto VIP,2026-05-21T14:45:06.893396200
274,SOUVENIR,15.0,26,Recinto Central,2026-05-21T14:45:06.893396200
241,ENCLOSURE_FEE_BASIC,10.0,26,Recinto Básico,2026-05-21T14:45:06.893396200
275,SOUVENIR,15.0,27,Recinto Central,2026-05-21T14:45:06.894399500
242,ENCLOSURE_FEE_BASIC,10.0,27,Recinto Básico,2026-05-21T14:45:06.894399500
276,SOUVENIR,15.0,28,Recinto Central,2026-05-21T14:45:06.894399500
246,ENCLOSURE_FEE_VIP,75.0,28,Recinto VIP,2026-05-21T14:45:06.895399500
243,ENCLOSURE_FEE_BASIC,10.0,29,Recinto Básico,2026-05-21T14:45:06.896399300
247,ENCLOSURE_FEE_VIP,75.0,30,Recinto VIP,2026-05-21T14:45:06.896399300
244,ENCLOSURE_FEE_BASIC,10.0,1,Recinto Básico,2026-05-21T14:45:06.897697200
248,ENCLOSURE_FEE_VIP,75.0,2,Recinto VIP,2026-05-21T14:45:06.899217300
277,SOUVENIR,15.0,3,Recinto Central,2026-05-21T14:45:06.899217300
246,ENCLOSURE_FEE_PREMIUM,30.0,3,Recinto Premium,2026-05-21T14:45:06.899217300
278,SOUVENIR,15.0,4,Recinto Central,2026-05-21T14:45:06.900224900
247,ENCLOSURE_FEE_PREMIUM,30.0,4,Recinto Premium,2026-05-21T14:45:06.900224900
279,SOUVENIR,15.0,5,Recinto Central,2026-05-21T14:45:06.900224900
248,ENCLOSURE_FEE_PREMIUM,30.0,5,Recinto Premium,2026-05-21T14:45:06.901411400
249,ENCLOSURE_FEE_VIP,75.0,6,Recinto VIP,2026-05-21T14:45:06.901411400
250,ENCLOSURE_FEE_VIP,75.0,7,Recinto VIP,2026-05-21T14:45:06.901411400
280,SOUVENIR,15.0,8,Recinto Central,2026-05-21T14:45:06.902741100
251,ENCLOSURE_FEE_VIP,75.0,8,Recinto VIP,2026-05-21T14:45:06.903841200
252,ENCLOSURE_FEE_VIP,75.0,9,Recinto VIP,2026-05-21T14:45:06.903841200
245,ENCLOSURE_FEE_BASIC,10.0,10,Recinto Básico,2026-05-21T14:45:06.905266900
281,SOUVENIR,15.0,11,Recinto Central,2026-05-21T14:45:06.905266900
246,ENCLOSURE_FEE_BASIC,10.0,11,Recinto Básico,2026-05-21T14:45:06.906265200
249,ENCLOSURE_FEE_PREMIUM,30.0,12,Recinto Premium,2026-05-21T14:45:06.906265200
282,SOUVENIR,15.0,13,Recinto Central,2026-05-21T14:45:06.906265200
253,ENCLOSURE_FEE_VIP,75.0,13,Recinto VIP,2026-05-21T14:45:06.907271600
247,ENCLOSURE_FEE_BASIC,10.0,14,Recinto Básico,2026-05-21T14:45:06.907271600
254,ENCLOSURE_FEE_VIP,75.0,15,Recinto VIP,2026-05-21T14:45:06.908270100
255,ENCLOSURE_FEE_VIP,75.0,16,Recinto VIP,2026-05-21T14:45:06.908270100
248,ENCLOSURE_FEE_BASIC,10.0,17,Recinto Básico,2026-05-21T14:45:06.909268100
283,SOUVENIR,15.0,18,Recinto Central,2026-05-21T14:45:06.909268100
249,ENCLOSURE_FEE_BASIC,10.0,18,Recinto Básico,2026-05-21T14:45:06.909268100
256,ENCLOSURE_FEE_VIP,75.0,19,Recinto VIP,2026-05-21T14:45:06.910266900
257,ENCLOSURE_FEE_VIP,75.0,20,Recinto VIP,2026-05-21T14:45:06.910266900
250,ENCLOSURE_FEE_PREMIUM,30.0,21,Recinto Premium,2026-05-21T14:45:06.910266900
284,SOUVENIR,15.0,22,Recinto Central,2026-05-21T14:45:06.910266900
250,ENCLOSURE_FEE_BASIC,10.0,22,Recinto Básico,2026-05-21T14:45:06.911777100
251,ENCLOSURE_FEE_BASIC,10.0,23,Recinto Básico,2026-05-21T14:45:06.911777100
252,ENCLOSURE_FEE_BASIC,10.0,24,Recinto Básico,2026-05-21T14:45:06.911777100
285,SOUVENIR,15.0,25,Recinto Central,2026-05-21T14:45:06.913166500
258,ENCLOSURE_FEE_VIP,75.0,25,Recinto VIP,2026-05-21T14:45:06.913166500
286,SOUVENIR,15.0,26,Recinto Central,2026-05-21T14:45:06.914220100
251,ENCLOSURE_FEE_PREMIUM,30.0,26,Recinto Premium,2026-05-21T14:45:06.914220100
287,SOUVENIR,15.0,27,Recinto Central,2026-05-21T14:45:06.914220100
252,ENCLOSURE_FEE_PREMIUM,30.0,27,Recinto Premium,2026-05-21T14:45:06.915531200
288,SOUVENIR,15.0,28,Recinto Central,2026-05-21T14:45:06.915531200
253,ENCLOSURE_FEE_BASIC,10.0,28,Recinto Básico,2026-05-21T14:45:06.915531200
289,SOUVENIR,15.0,29,Recinto Central,2026-05-21T14:45:06.915531200
254,ENCLOSURE_FEE_BASIC,10.0,29,Recinto Básico,2026-05-21T14:45:06.915531200
253,ENCLOSURE_FEE_PREMIUM,30.0,30,Recinto Premium,2026-05-21T14:45:06.917022200
255,ENCLOSURE_FEE_BASIC,10.0,1,Recinto Básico,2026-05-21T14:45:06.918193200
290,SOUVENIR,15.0,2,Recinto Central,2026-05-21T14:45:06.919601700
259,ENCLOSURE_FEE_VIP,75.0,2,Recinto VIP,2026-05-21T14:45:06.919601700
256,ENCLOSURE_FEE_BASIC,10.0,3,Recinto Básico,2026-05-21T14:45:06.920839300
257,ENCLOSURE_FEE_BASIC,10.0,4,Recinto Básico,2026-05-21T14:45:06.920839300
260,ENCLOSURE_FEE_VIP,75.0,5,Recinto VIP,2026-05-21T14:45:06.921859100
254,ENCLOSURE_FEE_PREMIUM,30.0,6,Recinto Premium,2026-05-21T14:45:06.921859100
291,SOUVENIR,15.0,7,Recinto Central,2026-05-21T14:45:06.922864500
258,ENCLOSURE_FEE_BASIC,10.0,7,Recinto Básico,2026-05-21T14:45:06.922864500
292,SOUVENIR,15.0,8,Recinto Central,2026-05-21T14:45:06.922864500
259,ENCLOSURE_FEE_BASIC,10.0,8,Recinto Básico,2026-05-21T14:45:06.922864500
22,SPA_SERVICE,20.0,9,Baños y SPA,2026-05-21T14:45:06.924262600
260,ENCLOSURE_FEE_BASIC,10.0,9,Recinto Básico,2026-05-21T14:45:06.924262600
293,SOUVENIR,15.0,10,Recinto Central,2026-05-21T14:45:06.924262600
255,ENCLOSURE_FEE_PREMIUM,30.0,10,Recinto Premium,2026-05-21T14:45:06.925267500
261,ENCLOSURE_FEE_VIP,75.0,11,Recinto VIP,2026-05-21T14:45:06.925267500
256,ENCLOSURE_FEE_PREMIUM,30.0,12,Recinto Premium,2026-05-21T14:45:06.925267500
261,ENCLOSURE_FEE_BASIC,10.0,13,Recinto Básico,2026-05-21T14:45:06.926691800
257,ENCLOSURE_FEE_PREMIUM,30.0,14,Recinto Premium,2026-05-21T14:45:06.926691800
258,ENCLOSURE_FEE_PREMIUM,30.0,15,Recinto Premium,2026-05-21T14:45:06.926691800
294,SOUVENIR,15.0,16,Recinto Central,2026-05-21T14:45:06.927688900
262,ENCLOSURE_FEE_BASIC,10.0,16,Recinto Básico,2026-05-21T14:45:06.927688900
263,ENCLOSURE_FEE_BASIC,10.0,17,Recinto Básico,2026-05-21T14:45:06.928688
259,ENCLOSURE_FEE_PREMIUM,30.0,18,Recinto Premium,2026-05-21T14:45:06.928688
295,SOUVENIR,15.0,19,Recinto Central,2026-05-21T14:45:06.928688
264,ENCLOSURE_FEE_BASIC,10.0,19,Recinto Básico,2026-05-21T14:45:06.929689100
260,ENCLOSURE_FEE_PREMIUM,30.0,20,Recinto Premium,2026-05-21T14:45:06.929689100
296,SOUVENIR,15.0,21,Recinto Central,2026-05-21T14:45:06.929689100
262,ENCLOSURE_FEE_VIP,75.0,21,Recinto VIP,2026-05-21T14:45:06.930689500
265,ENCLOSURE_FEE_BASIC,10.0,22,Recinto Básico,2026-05-21T14:45:06.930689500
297,SOUVENIR,15.0,23,Recinto Central,2026-05-21T14:45:06.931696600
263,ENCLOSURE_FEE_VIP,75.0,23,Recinto VIP,2026-05-21T14:45:06.931696600
298,SOUVENIR,15.0,24,Recinto Central,2026-05-21T14:45:06.932691200
266,ENCLOSURE_FEE_BASIC,10.0,24,Recinto Básico,2026-05-21T14:45:06.932691200
261,ENCLOSURE_FEE_PREMIUM,30.0,25,Recinto Premium,2026-05-21T14:45:06.933708200
299,SOUVENIR,15.0,26,Recinto Central,2026-05-21T14:45:06.933708200
262,ENCLOSURE_FEE_PREMIUM,30.0,26,Recinto Premium,2026-05-21T14:45:06.934713900
263,ENCLOSURE_FEE_PREMIUM,30.0,27,Recinto Premium,2026-05-21T14:45:06.935703400
264,ENCLOSURE_FEE_VIP,75.0,28,Recinto VIP,2026-05-21T14:45:06.935703400
264,ENCLOSURE_FEE_PREMIUM,30.0,29,Recinto Premium,2026-05-21T14:45:06.935703400
300,SOUVENIR,15.0,30,Recinto Central,2026-05-21T14:45:06.936704800
265,ENCLOSURE_FEE_PREMIUM,30.0,30,Recinto Premium,2026-05-21T14:45:06.936704800
267,ENCLOSURE_FEE_BASIC,10.0,1,Recinto Básico,2026-05-21T14:45:06.937705200
301,SOUVENIR,15.0,2,Recinto Central,2026-05-21T14:45:06.938701600
266,ENCLOSURE_FEE_PREMIUM,30.0,2,Recinto Premium,2026-05-21T14:45:06.938701600
267,ENCLOSURE_FEE_PREMIUM,30.0,3,Recinto Premium,2026-05-21T14:45:06.938701600
265,ENCLOSURE_FEE_VIP,75.0,4,Recinto VIP,2026-05-21T14:45:06.940044200
302,SOUVENIR,15.0,5,Recinto Central,2026-05-21T14:45:06.940044200
266,ENCLOSURE_FEE_VIP,75.0,5,Recinto VIP,2026-05-21T14:45:06.940044200
303,SOUVENIR,15.0,6,Recinto Central,2026-05-21T14:45:06.941547300
267,ENCLOSURE_FEE_VIP,75.0,6,Recinto VIP,2026-05-21T14:45:06.941547300
268,ENCLOSURE_FEE_BASIC,10.0,7,Recinto Básico,2026-05-21T14:45:06.942551400
268,ENCLOSURE_FEE_VIP,75.0,8,Recinto VIP,2026-05-21T14:45:06.942551400
268,ENCLOSURE_FEE_PREMIUM,30.0,9,Recinto Premium,2026-05-21T14:45:06.942551400
269,ENCLOSURE_FEE_VIP,75.0,10,Recinto VIP,2026-05-21T14:45:06.943545400
269,ENCLOSURE_FEE_PREMIUM,30.0,11,Recinto Premium,2026-05-21T14:45:06.943545400
304,SOUVENIR,15.0,12,Recinto Central,2026-05-21T14:45:06.944547
269,ENCLOSURE_FEE_BASIC,10.0,12,Recinto Básico,2026-05-21T14:45:06.944547
270,ENCLOSURE_FEE_BASIC,10.0,13,Recinto Básico,2026-05-21T14:45:06.944547
270,ENCLOSURE_FEE_PREMIUM,30.0,14,Recinto Premium,2026-05-21T14:45:06.945556400
271,ENCLOSURE_FEE_BASIC,10.0,15,Recinto Básico,2026-05-21T14:45:06.945556400
272,ENCLOSURE_FEE_BASIC,10.0,16,Recinto Básico,2026-05-21T14:45:06.945556400
273,ENCLOSURE_FEE_BASIC,10.0,17,Recinto Básico,2026-05-21T14:45:06.946811600
270,ENCLOSURE_FEE_VIP,75.0,18,Recinto VIP,2026-05-21T14:45:06.948322
271,ENCLOSURE_FEE_VIP,75.0,19,Recinto VIP,2026-05-21T14:45:06.948322
305,SOUVENIR,15.0,20,Recinto Central,2026-05-21T14:45:06.949338800
274,ENCLOSURE_FEE_BASIC,10.0,20,Recinto Básico,2026-05-21T14:45:06.949338800
306,SOUVENIR,15.0,21,Recinto Central,2026-05-21T14:45:06.949338800
271,ENCLOSURE_FEE_PREMIUM,30.0,21,Recinto Premium,2026-05-21T14:45:06.950335900
307,SOUVENIR,15.0,22,Recinto Central,2026-05-21T14:45:06.950335900
272,ENCLOSURE_FEE_VIP,75.0,22,Recinto VIP,2026-05-21T14:45:06.951493400
308,SOUVENIR,15.0,23,Recinto Central,2026-05-21T14:45:06.951493400
275,ENCLOSURE_FEE_BASIC,10.0,23,Recinto Básico,2026-05-21T14:45:06.951493400
276,ENCLOSURE_FEE_BASIC,10.0,24,Recinto Básico,2026-05-21T14:45:06.952716500
273,ENCLOSURE_FEE_VIP,75.0,25,Recinto VIP,2026-05-21T14:45:06.952716500
309,SOUVENIR,15.0,26,Recinto Central,2026-05-21T14:45:06.953712700
274,ENCLOSURE_FEE_VIP,75.0,26,Recinto VIP,2026-05-21T14:45:06.953712700
275,ENCLOSURE_FEE_VIP,75.0,27,Recinto VIP,2026-05-21T14:45:06.954714
277,ENCLOSURE_FEE_BASIC,10.0,28,Recinto Básico,2026-05-21T14:45:06.954714
278,ENCLOSURE_FEE_BASIC,10.0,29,Recinto Básico,2026-05-21T14:45:06.955710600
310,SOUVENIR,15.0,30,Recinto Central,2026-05-21T14:45:06.955710600
272,ENCLOSURE_FEE_PREMIUM,30.0,30,Recinto Premium,2026-05-21T14:45:06.955710600
279,ENCLOSURE_FEE_BASIC,10.0,1,Recinto Básico,2026-05-21T14:45:06.962758200
23,SPA_SERVICE,20.0,2,Baños y SPA,2026-05-21T14:45:06.962758200
276,ENCLOSURE_FEE_VIP,75.0,2,Recinto VIP,2026-05-21T14:45:06.963757100
311,SOUVENIR,15.0,3,Recinto Central,2026-05-21T14:45:06.964756
273,ENCLOSURE_FEE_PREMIUM,30.0,3,Recinto Premium,2026-05-21T14:45:06.964756
277,ENCLOSURE_FEE_VIP,75.0,4,Recinto VIP,2026-05-21T14:45:06.965758700
312,SOUVENIR,15.0,5,Recinto Central,2026-05-21T14:45:06.965758700
274,ENCLOSURE_FEE_PREMIUM,30.0,5,Recinto Premium,2026-05-21T14:45:06.966761
275,ENCLOSURE_FEE_PREMIUM,30.0,6,Recinto Premium,2026-05-21T14:45:06.966761
313,SOUVENIR,15.0,7,Recinto Central,2026-05-21T14:45:06.967757700
280,ENCLOSURE_FEE_BASIC,10.0,7,Recinto Básico,2026-05-21T14:45:06.968268400
278,ENCLOSURE_FEE_VIP,75.0,8,Recinto VIP,2026-05-21T14:45:06.969288100
279,ENCLOSURE_FEE_VIP,75.0,9,Recinto VIP,2026-05-21T14:45:06.969288100
314,SOUVENIR,15.0,10,Recinto Central,2026-05-21T14:45:06.970289600
281,ENCLOSURE_FEE_BASIC,10.0,10,Recinto Básico,2026-05-21T14:45:06.971277600
315,SOUVENIR,15.0,11,Recinto Central,2026-05-21T14:45:06.971277600
276,ENCLOSURE_FEE_PREMIUM,30.0,11,Recinto Premium,2026-05-21T14:45:06.971277600
277,ENCLOSURE_FEE_PREMIUM,30.0,12,Recinto Premium,2026-05-21T14:45:06.972328
282,ENCLOSURE_FEE_BASIC,10.0,13,Recinto Básico,2026-05-21T14:45:06.973331400
316,SOUVENIR,15.0,14,Recinto Central,2026-05-21T14:45:06.973331400
283,ENCLOSURE_FEE_BASIC,10.0,14,Recinto Básico,2026-05-21T14:45:06.973331400
284,ENCLOSURE_FEE_BASIC,10.0,15,Recinto Básico,2026-05-21T14:45:06.974533900
317,SOUVENIR,15.0,16,Recinto Central,2026-05-21T14:45:06.974533900
285,ENCLOSURE_FEE_BASIC,10.0,16,Recinto Básico,2026-05-21T14:45:06.974533900
280,ENCLOSURE_FEE_VIP,75.0,17,Recinto VIP,2026-05-21T14:45:06.975800800
281,ENCLOSURE_FEE_VIP,75.0,18,Recinto VIP,2026-05-21T14:45:06.975800800
282,ENCLOSURE_FEE_VIP,75.0,19,Recinto VIP,2026-05-21T14:45:06.975800800
283,ENCLOSURE_FEE_VIP,75.0,20,Recinto VIP,2026-05-21T14:45:06.976802400
278,ENCLOSURE_FEE_PREMIUM,30.0,21,Recinto Premium,2026-05-21T14:45:06.976802400
279,ENCLOSURE_FEE_PREMIUM,30.0,22,Recinto Premium,2026-05-21T14:45:06.978198100
286,ENCLOSURE_FEE_BASIC,10.0,23,Recinto Básico,2026-05-21T14:45:06.978198100
280,ENCLOSURE_FEE_PREMIUM,30.0,24,Recinto Premium,2026-05-21T14:45:06.978198100
318,SOUVENIR,15.0,25,Recinto Central,2026-05-21T14:45:06.978198100
284,ENCLOSURE_FEE_VIP,75.0,25,Recinto VIP,2026-05-21T14:45:06.979415600
319,SOUVENIR,15.0,26,Recinto Central,2026-05-21T14:45:06.980514100
287,ENCLOSURE_FEE_BASIC,10.0,26,Recinto Básico,2026-05-21T14:45:06.980514100
288,ENCLOSURE_FEE_BASIC,10.0,27,Recinto Básico,2026-05-21T14:45:06.980514100
320,SOUVENIR,15.0,28,Recinto Central,2026-05-21T14:45:06.981513100
289,ENCLOSURE_FEE_BASIC,10.0,28,Recinto Básico,2026-05-21T14:45:06.981513100
321,SOUVENIR,15.0,29,Recinto Central,2026-05-21T14:45:06.982551600
281,ENCLOSURE_FEE_PREMIUM,30.0,29,Recinto Premium,2026-05-21T14:45:06.982551600
282,ENCLOSURE_FEE_PREMIUM,30.0,30,Recinto Premium,2026-05-21T14:45:06.982551600
285,ENCLOSURE_FEE_VIP,75.0,1,Recinto VIP,2026-05-21T14:45:06.984937500
290,ENCLOSURE_FEE_BASIC,10.0,2,Recinto Básico,2026-05-21T14:45:06.984937500
286,ENCLOSURE_FEE_VIP,75.0,3,Recinto VIP,2026-05-21T14:45:06.984937500
283,ENCLOSURE_FEE_PREMIUM,30.0,4,Recinto Premium,2026-05-21T14:45:06.986156700
284,ENCLOSURE_FEE_PREMIUM,30.0,5,Recinto Premium,2026-05-21T14:45:06.986156700
285,ENCLOSURE_FEE_PREMIUM,30.0,6,Recinto Premium,2026-05-21T14:45:06.986156700
286,ENCLOSURE_FEE_PREMIUM,30.0,7,Recinto Premium,2026-05-21T14:45:06.987252800
287,ENCLOSURE_FEE_VIP,75.0,8,Recinto VIP,2026-05-21T14:45:06.987252800
322,SOUVENIR,15.0,9,Recinto Central,2026-05-21T14:45:06.987252800
24,SPA_SERVICE,20.0,9,Baños y SPA,2026-05-21T14:45:06.988630900
291,ENCLOSURE_FEE_BASIC,10.0,9,Recinto Básico,2026-05-21T14:45:06.988630900
288,ENCLOSURE_FEE_VIP,75.0,10,Recinto VIP,2026-05-21T14:45:06.988630900
323,SOUVENIR,15.0,11,Recinto Central,2026-05-21T14:45:06.989985300
292,ENCLOSURE_FEE_BASIC,10.0,11,Recinto Básico,2026-05-21T14:45:06.989985300
324,SOUVENIR,15.0,12,Recinto Central,2026-05-21T14:45:06.989985300
287,ENCLOSURE_FEE_PREMIUM,30.0,12,Recinto Premium,2026-05-21T14:45:06.989985300
325,SOUVENIR,15.0,13,Recinto Central,2026-05-21T14:45:06.991487900
289,ENCLOSURE_FEE_VIP,75.0,13,Recinto VIP,2026-05-21T14:45:06.991487900
293,ENCLOSURE_FEE_BASIC,10.0,14,Recinto Básico,2026-05-21T14:45:06.991487900
290,ENCLOSURE_FEE_VIP,75.0,15,Recinto VIP,2026-05-21T14:45:06.991487900
326,SOUVENIR,15.0,16,Recinto Central,2026-05-21T14:45:06.992771900
288,ENCLOSURE_FEE_PREMIUM,30.0,16,Recinto Premium,2026-05-21T14:45:06.992771900
289,ENCLOSURE_FEE_PREMIUM,30.0,17,Recinto Premium,2026-05-21T14:45:06.992771900
327,SOUVENIR,15.0,18,Recinto Central,2026-05-21T14:45:06.993823100
294,ENCLOSURE_FEE_BASIC,10.0,18,Recinto Básico,2026-05-21T14:45:06.993823100
290,ENCLOSURE_FEE_PREMIUM,30.0,19,Recinto Premium,2026-05-21T14:45:06.994823300
328,SOUVENIR,15.0,20,Recinto Central,2026-05-21T14:45:06.994823300
295,ENCLOSURE_FEE_BASIC,10.0,20,Recinto Básico,2026-05-21T14:45:06.994823300
329,SOUVENIR,15.0,21,Recinto Central,2026-05-21T14:45:06.996282200
296,ENCLOSURE_FEE_BASIC,10.0,21,Recinto Básico,2026-05-21T14:45:06.996282200
330,SOUVENIR,15.0,22,Recinto Central,2026-05-21T14:45:06.996282200
291,ENCLOSURE_FEE_PREMIUM,30.0,22,Recinto Premium,2026-05-21T14:45:06.996282200
331,SOUVENIR,15.0,23,Recinto Central,2026-05-21T14:45:06.997678400
292,ENCLOSURE_FEE_PREMIUM,30.0,23,Recinto Premium,2026-05-21T14:45:06.997678400
297,ENCLOSURE_FEE_BASIC,10.0,24,Recinto Básico,2026-05-21T14:45:06.998677600
332,SOUVENIR,15.0,25,Recinto Central,2026-05-21T14:45:06.998677600
298,ENCLOSURE_FEE_BASIC,10.0,25,Recinto Básico,2026-05-21T14:45:06.998677600
299,ENCLOSURE_FEE_BASIC,10.0,26,Recinto Básico,2026-05-21T14:45:06.999772700
333,SOUVENIR,15.0,27,Recinto Central,2026-05-21T14:45:06.999772700
300,ENCLOSURE_FEE_BASIC,10.0,27,Recinto Básico,2026-05-21T14:45:06.999772700
334,SOUVENIR,15.0,28,Recinto Central,2026-05-21T14:45:07.000780900
291,ENCLOSURE_FEE_VIP,75.0,28,Recinto VIP,2026-05-21T14:45:07.000780900
292,ENCLOSURE_FEE_VIP,75.0,29,Recinto VIP,2026-05-21T14:45:07.000780900
293,ENCLOSURE_FEE_PREMIUM,30.0,30,Recinto Premium,2026-05-21T14:45:07.001791900
293,ENCLOSURE_FEE_VIP,75.0,1,Recinto VIP,2026-05-21T14:45:07.003799600
294,ENCLOSURE_FEE_VIP,75.0,2,Recinto VIP,2026-05-21T14:45:07.003799600
295,ENCLOSURE_FEE_VIP,75.0,3,Recinto VIP,2026-05-21T14:45:07.004789800
335,SOUVENIR,15.0,4,Recinto Central,2026-05-21T14:45:07.004789800
296,ENCLOSURE_FEE_VIP,75.0,4,Recinto VIP,2026-05-21T14:45:07.005801700
301,ENCLOSURE_FEE_BASIC,10.0,5,Recinto Básico,2026-05-21T14:45:07.005801700
297,ENCLOSURE_FEE_VIP,75.0,6,Recinto VIP,2026-05-21T14:45:07.005801700
294,ENCLOSURE_FEE_PREMIUM,30.0,7,Recinto Premium,2026-05-21T14:45:07.007238600
298,ENCLOSURE_FEE_VIP,75.0,8,Recinto VIP,2026-05-21T14:45:07.007238600
299,ENCLOSURE_FEE_VIP,75.0,9,Recinto VIP,2026-05-21T14:45:07.007238600
336,SOUVENIR,15.0,10,Recinto Central,2026-05-21T14:45:07.008694200
295,ENCLOSURE_FEE_PREMIUM,30.0,10,Recinto Premium,2026-05-21T14:45:07.008694200
300,ENCLOSURE_FEE_VIP,75.0,11,Recinto VIP,2026-05-21T14:45:07.008694200
337,SOUVENIR,15.0,12,Recinto Central,2026-05-21T14:45:07.009930600
301,ENCLOSURE_FEE_VIP,75.0,12,Recinto VIP,2026-05-21T14:45:07.009930600
296,ENCLOSURE_FEE_PREMIUM,30.0,13,Recinto Premium,2026-05-21T14:45:07.010927200
302,ENCLOSURE_FEE_VIP,75.0,14,Recinto VIP,2026-05-21T14:45:07.010927200
303,ENCLOSURE_FEE_VIP,75.0,15,Recinto VIP,2026-05-21T14:45:07.011928900
302,ENCLOSURE_FEE_BASIC,10.0,16,Recinto Básico,2026-05-21T14:45:07.011928900
338,SOUVENIR,15.0,17,Recinto Central,2026-05-21T14:45:07.013181200
297,ENCLOSURE_FEE_PREMIUM,30.0,17,Recinto Premium,2026-05-21T14:45:07.013181200
303,ENCLOSURE_FEE_BASIC,10.0,18,Recinto Básico,2026-05-21T14:45:07.013181200
304,ENCLOSURE_FEE_VIP,75.0,19,Recinto VIP,2026-05-21T14:45:07.014183400
298,ENCLOSURE_FEE_PREMIUM,30.0,20,Recinto Premium,2026-05-21T14:45:07.014183400
339,SOUVENIR,15.0,21,Recinto Central,2026-05-21T14:45:07.014183400
299,ENCLOSURE_FEE_PREMIUM,30.0,21,Recinto Premium,2026-05-21T14:45:07.015304800
340,SOUVENIR,15.0,22,Recinto Central,2026-05-21T14:45:07.015304800
300,ENCLOSURE_FEE_PREMIUM,30.0,22,Recinto Premium,2026-05-21T14:45:07.016744500
305,ENCLOSURE_FEE_VIP,75.0,23,Recinto VIP,2026-05-21T14:45:07.016744500
341,SOUVENIR,15.0,24,Recinto Central,2026-05-21T14:45:07.016744500
301,ENCLOSURE_FEE_PREMIUM,30.0,24,Recinto Premium,2026-05-21T14:45:07.017742700
342,SOUVENIR,15.0,25,Recinto Central,2026-05-21T14:45:07.017742700
306,ENCLOSURE_FEE_VIP,75.0,25,Recinto VIP,2026-05-21T14:45:07.018976700
307,ENCLOSURE_FEE_VIP,75.0,26,Recinto VIP,2026-05-21T14:45:07.018976700
302,ENCLOSURE_FEE_PREMIUM,30.0,27,Recinto Premium,2026-05-21T14:45:07.020436900
343,SOUVENIR,15.0,28,Recinto Central,2026-05-21T14:45:07.020436900
303,ENCLOSURE_FEE_PREMIUM,30.0,28,Recinto Premium,2026-05-21T14:45:07.020436900
308,ENCLOSURE_FEE_VIP,75.0,29,Recinto VIP,2026-05-21T14:45:07.021462400
304,ENCLOSURE_FEE_PREMIUM,30.0,30,Recinto Premium,2026-05-21T14:45:07.021462400
344,SOUVENIR,15.0,1,Recinto Central,2026-05-21T14:45:07.022907500
305,ENCLOSURE_FEE_PREMIUM,30.0,1,Recinto Premium,2026-05-21T14:45:07.022907500
345,SOUVENIR,15.0,2,Recinto Central,2026-05-21T14:45:07.023988300
25,SPA_SERVICE,20.0,2,Baños y SPA,2026-05-21T14:45:07.023988300
306,ENCLOSURE_FEE_PREMIUM,30.0,2,Recinto Premium,2026-05-21T14:45:07.023988300
26,SPA_SERVICE,20.0,3,Baños y SPA,2026-05-21T14:45:07.025205500
304,ENCLOSURE_FEE_BASIC,10.0,3,Recinto Básico,2026-05-21T14:45:07.025205500
307,ENCLOSURE_FEE_PREMIUM,30.0,4,Recinto Premium,2026-05-21T14:45:07.025205500
309,ENCLOSURE_FEE_VIP,75.0,5,Recinto VIP,2026-05-21T14:45:07.025205500
308,ENCLOSURE_FEE_PREMIUM,30.0,6,Recinto Premium,2026-05-21T14:45:07.026616900
310,ENCLOSURE_FEE_VIP,75.0,7,Recinto VIP,2026-05-21T14:45:07.026616900
305,ENCLOSURE_FEE_BASIC,10.0,8,Recinto Básico,2026-05-21T14:45:07.027616800
311,ENCLOSURE_FEE_VIP,75.0,9,Recinto VIP,2026-05-21T14:45:07.027616800
306,ENCLOSURE_FEE_BASIC,10.0,10,Recinto Básico,2026-05-21T14:45:07.027616800
346,SOUVENIR,15.0,11,Recinto Central,2026-05-21T14:45:07.027616800
307,ENCLOSURE_FEE_BASIC,10.0,11,Recinto Básico,2026-05-21T14:45:07.027616800
347,SOUVENIR,15.0,12,Recinto Central,2026-05-21T14:45:07.029042
308,ENCLOSURE_FEE_BASIC,10.0,12,Recinto Básico,2026-05-21T14:45:07.029042
309,ENCLOSURE_FEE_BASIC,10.0,13,Recinto Básico,2026-05-21T14:45:07.029042
348,SOUVENIR,15.0,14,Recinto Central,2026-05-21T14:45:07.029042
309,ENCLOSURE_FEE_PREMIUM,30.0,14,Recinto Premium,2026-05-21T14:45:07.030555500
349,SOUVENIR,15.0,15,Recinto Central,2026-05-21T14:45:07.030555500
310,ENCLOSURE_FEE_PREMIUM,30.0,15,Recinto Premium,2026-05-21T14:45:07.030555500
350,SOUVENIR,15.0,16,Recinto Central,2026-05-21T14:45:07.030555500
312,ENCLOSURE_FEE_VIP,75.0,16,Recinto VIP,2026-05-21T14:45:07.030555500
310,ENCLOSURE_FEE_BASIC,10.0,17,Recinto Básico,2026-05-21T14:45:07.031999500
311,ENCLOSURE_FEE_BASIC,10.0,18,Recinto Básico,2026-05-21T14:45:07.031999500
351,SOUVENIR,15.0,19,Recinto Central,2026-05-21T14:45:07.031999500
313,ENCLOSURE_FEE_VIP,75.0,19,Recinto VIP,2026-05-21T14:45:07.033343300
312,ENCLOSURE_FEE_BASIC,10.0,20,Recinto Básico,2026-05-21T14:45:07.033343300
311,ENCLOSURE_FEE_PREMIUM,30.0,21,Recinto Premium,2026-05-21T14:45:07.033343300
313,ENCLOSURE_FEE_BASIC,10.0,22,Recinto Básico,2026-05-21T14:45:07.034351700
352,SOUVENIR,15.0,23,Recinto Central,2026-05-21T14:45:07.034351700
312,ENCLOSURE_FEE_PREMIUM,30.0,23,Recinto Premium,2026-05-21T14:45:07.034351700
313,ENCLOSURE_FEE_PREMIUM,30.0,24,Recinto Premium,2026-05-21T14:45:07.034351700
353,SOUVENIR,15.0,25,Recinto Central,2026-05-21T14:45:07.035833700
314,ENCLOSURE_FEE_PREMIUM,30.0,25,Recinto Premium,2026-05-21T14:45:07.035833700
314,ENCLOSURE_FEE_VIP,75.0,26,Recinto VIP,2026-05-21T14:45:07.037115500
315,ENCLOSURE_FEE_VIP,75.0,27,Recinto VIP,2026-05-21T14:45:07.037115500
315,ENCLOSURE_FEE_PREMIUM,30.0,28,Recinto Premium,2026-05-21T14:45:07.038311200
354,SOUVENIR,15.0,29,Recinto Central,2026-05-21T14:45:07.038311200
316,ENCLOSURE_FEE_VIP,75.0,29,Recinto VIP,2026-05-21T14:45:07.038311200
316,ENCLOSURE_FEE_PREMIUM,30.0,30,Recinto Premium,2026-05-21T14:45:07.038311200
317,ENCLOSURE_FEE_VIP,75.0,1,Recinto VIP,2026-05-21T14:45:07.039802
318,ENCLOSURE_FEE_VIP,75.0,2,Recinto VIP,2026-05-21T14:45:07.041059100
319,ENCLOSURE_FEE_VIP,75.0,3,Recinto VIP,2026-05-21T14:45:07.041059100
317,ENCLOSURE_FEE_PREMIUM,30.0,4,Recinto Premium,2026-05-21T14:45:07.042380900
318,ENCLOSURE_FEE_PREMIUM,30.0,5,Recinto Premium,2026-05-21T14:45:07.042380900
355,SOUVENIR,15.0,6,Recinto Central,2026-05-21T14:45:07.042380900
314,ENCLOSURE_FEE_BASIC,10.0,6,Recinto Básico,2026-05-21T14:45:07.043382700
315,ENCLOSURE_FEE_BASIC,10.0,7,Recinto Básico,2026-05-21T14:45:07.043382700
320,ENCLOSURE_FEE_VIP,75.0,8,Recinto VIP,2026-05-21T14:45:07.044377400
321,ENCLOSURE_FEE_VIP,75.0,9,Recinto VIP,2026-05-21T14:45:07.044377400
322,ENCLOSURE_FEE_VIP,75.0,10,Recinto VIP,2026-05-21T14:45:07.044377400
319,ENCLOSURE_FEE_PREMIUM,30.0,11,Recinto Premium,2026-05-21T14:45:07.045444500
323,ENCLOSURE_FEE_VIP,75.0,12,Recinto VIP,2026-05-21T14:45:07.045444500
356,SOUVENIR,15.0,13,Recinto Central,2026-05-21T14:45:07.045444500
316,ENCLOSURE_FEE_BASIC,10.0,13,Recinto Básico,2026-05-21T14:45:07.046657500
357,SOUVENIR,15.0,14,Recinto Central,2026-05-21T14:45:07.046657500
317,ENCLOSURE_FEE_BASIC,10.0,14,Recinto Básico,2026-05-21T14:45:07.046657500
318,ENCLOSURE_FEE_BASIC,10.0,15,Recinto Básico,2026-05-21T14:45:07.046657500
358,SOUVENIR,15.0,16,Recinto Central,2026-05-21T14:45:07.046657500
320,ENCLOSURE_FEE_PREMIUM,30.0,16,Recinto Premium,2026-05-21T14:45:07.048125800
321,ENCLOSURE_FEE_PREMIUM,30.0,17,Recinto Premium,2026-05-21T14:45:07.048633
359,SOUVENIR,15.0,18,Recinto Central,2026-05-21T14:45:07.048633
319,ENCLOSURE_FEE_BASIC,10.0,18,Recinto Básico,2026-05-21T14:45:07.048633
322,ENCLOSURE_FEE_PREMIUM,30.0,19,Recinto Premium,2026-05-21T14:45:07.048633
320,ENCLOSURE_FEE_BASIC,10.0,20,Recinto Básico,2026-05-21T14:45:07.050121600
324,ENCLOSURE_FEE_VIP,75.0,21,Recinto VIP,2026-05-21T14:45:07.050121600
360,SOUVENIR,15.0,22,Recinto Central,2026-05-21T14:45:07.050121600
323,ENCLOSURE_FEE_PREMIUM,30.0,22,Recinto Premium,2026-05-21T14:45:07.051198400
361,SOUVENIR,15.0,23,Recinto Central,2026-05-21T14:45:07.051198400
325,ENCLOSURE_FEE_VIP,75.0,23,Recinto VIP,2026-05-21T14:45:07.052199300
326,ENCLOSURE_FEE_VIP,75.0,24,Recinto VIP,2026-05-21T14:45:07.052199300
327,ENCLOSURE_FEE_VIP,75.0,25,Recinto VIP,2026-05-21T14:45:07.053213100
324,ENCLOSURE_FEE_PREMIUM,30.0,26,Recinto Premium,2026-05-21T14:45:07.054210900
362,SOUVENIR,15.0,27,Recinto Central,2026-05-21T14:45:07.054210900
325,ENCLOSURE_FEE_PREMIUM,30.0,27,Recinto Premium,2026-05-21T14:45:07.054210900
326,ENCLOSURE_FEE_PREMIUM,30.0,28,Recinto Premium,2026-05-21T14:45:07.055368200
327,ENCLOSURE_FEE_PREMIUM,30.0,29,Recinto Premium,2026-05-21T14:45:07.056382
363,SOUVENIR,15.0,30,Recinto Central,2026-05-21T14:45:07.056382
321,ENCLOSURE_FEE_BASIC,10.0,30,Recinto Básico,2026-05-21T14:45:07.056382
322,ENCLOSURE_FEE_BASIC,10.0,1,Recinto Básico,2026-05-21T14:45:07.057378
364,SOUVENIR,15.0,2,Recinto Central,2026-05-21T14:45:07.057378
328,ENCLOSURE_FEE_VIP,75.0,2,Recinto VIP,2026-05-21T14:45:07.058810600
328,ENCLOSURE_FEE_PREMIUM,30.0,3,Recinto Premium,2026-05-21T14:45:07.058810600
329,ENCLOSURE_FEE_VIP,75.0,4,Recinto VIP,2026-05-21T14:45:07.059817100
365,SOUVENIR,15.0,5,Recinto Central,2026-05-21T14:45:07.059817100
329,ENCLOSURE_FEE_PREMIUM,30.0,5,Recinto Premium,2026-05-21T14:45:07.059817100
330,ENCLOSURE_FEE_PREMIUM,30.0,6,Recinto Premium,2026-05-21T14:45:07.059817100
330,ENCLOSURE_FEE_VIP,75.0,7,Recinto VIP,2026-05-21T14:45:07.059817100
366,SOUVENIR,15.0,8,Recinto Central,2026-05-21T14:45:07.061257500
331,ENCLOSURE_FEE_PREMIUM,30.0,8,Recinto Premium,2026-05-21T14:45:07.061257500
367,SOUVENIR,15.0,9,Recinto Central,2026-05-21T14:45:07.061257500
323,ENCLOSURE_FEE_BASIC,10.0,9,Recinto Básico,2026-05-21T14:45:07.061257500
331,ENCLOSURE_FEE_VIP,75.0,10,Recinto VIP,2026-05-21T14:45:07.062609400
368,SOUVENIR,15.0,11,Recinto Central,2026-05-21T14:45:07.062609400
332,ENCLOSURE_FEE_VIP,75.0,11,Recinto VIP,2026-05-21T14:45:07.062609400
369,SOUVENIR,15.0,12,Recinto Central,2026-05-21T14:45:07.063612500
324,ENCLOSURE_FEE_BASIC,10.0,12,Recinto Básico,2026-05-21T14:45:07.063612500
370,SOUVENIR,15.0,13,Recinto Central,2026-05-21T14:45:07.064642700
333,ENCLOSURE_FEE_VIP,75.0,13,Recinto VIP,2026-05-21T14:45:07.064642700
371,SOUVENIR,15.0,14,Recinto Central,2026-05-21T14:45:07.064642700
325,ENCLOSURE_FEE_BASIC,10.0,14,Recinto Básico,2026-05-21T14:45:07.064642700
372,SOUVENIR,15.0,15,Recinto Central,2026-05-21T14:45:07.066071900
332,ENCLOSURE_FEE_PREMIUM,30.0,15,Recinto Premium,2026-05-21T14:45:07.066071900
373,SOUVENIR,15.0,16,Recinto Central,2026-05-21T14:45:07.066071900
333,ENCLOSURE_FEE_PREMIUM,30.0,16,Recinto Premium,2026-05-21T14:45:07.066071900
374,SOUVENIR,15.0,17,Recinto Central,2026-05-21T14:45:07.067457800
334,ENCLOSURE_FEE_PREMIUM,30.0,17,Recinto Premium,2026-05-21T14:45:07.067967300
335,ENCLOSURE_FEE_PREMIUM,30.0,18,Recinto Premium,2026-05-21T14:45:07.068485500
326,ENCLOSURE_FEE_BASIC,10.0,19,Recinto Básico,2026-05-21T14:45:07.068995800
336,ENCLOSURE_FEE_PREMIUM,30.0,20,Recinto Premium,2026-05-21T14:45:07.068995800
375,SOUVENIR,15.0,21,Recinto Central,2026-05-21T14:45:07.068995800
327,ENCLOSURE_FEE_BASIC,10.0,21,Recinto Básico,2026-05-21T14:45:07.070283800
328,ENCLOSURE_FEE_BASIC,10.0,22,Recinto Básico,2026-05-21T14:45:07.070283800
329,ENCLOSURE_FEE_BASIC,10.0,23,Recinto Básico,2026-05-21T14:45:07.070283800
330,ENCLOSURE_FEE_BASIC,10.0,24,Recinto Básico,2026-05-21T14:45:07.071654500
376,SOUVENIR,15.0,25,Recinto Central,2026-05-21T14:45:07.071654500
334,ENCLOSURE_FEE_VIP,75.0,25,Recinto VIP,2026-05-21T14:45:07.071654500
377,SOUVENIR,15.0,26,Recinto Central,2026-05-21T14:45:07.072928
331,ENCLOSURE_FEE_BASIC,10.0,26,Recinto Básico,2026-05-21T14:45:07.072928
335,ENCLOSURE_FEE_VIP,75.0,27,Recinto VIP,2026-05-21T14:45:07.072928
332,ENCLOSURE_FEE_BASIC,10.0,28,Recinto Básico,2026-05-21T14:45:07.072928
336,ENCLOSURE_FEE_VIP,75.0,29,Recinto VIP,2026-05-21T14:45:07.074279700
378,SOUVENIR,15.0,30,Recinto Central,2026-05-21T14:45:07.074279700
337,ENCLOSURE_FEE_VIP,75.0,30,Recinto VIP,2026-05-21T14:45:07.075682800
27,SPA_SERVICE,20.0,1,Baños y SPA,2026-05-21T14:45:07.077050
337,ENCLOSURE_FEE_PREMIUM,30.0,1,Recinto Premium,2026-05-21T14:45:07.078069600
338,ENCLOSURE_FEE_VIP,75.0,2,Recinto VIP,2026-05-21T14:45:07.079067400
333,ENCLOSURE_FEE_BASIC,10.0,3,Recinto Básico,2026-05-21T14:45:07.079067400
28,SPA_SERVICE,20.0,4,Baños y SPA,2026-05-21T14:45:07.080171400
338,ENCLOSURE_FEE_PREMIUM,30.0,4,Recinto Premium,2026-05-21T14:45:07.080171400
339,ENCLOSURE_FEE_VIP,75.0,5,Recinto VIP,2026-05-21T14:45:07.080171400
340,ENCLOSURE_FEE_VIP,75.0,6,Recinto VIP,2026-05-21T14:45:07.081259200
379,SOUVENIR,15.0,7,Recinto Central,2026-05-21T14:45:07.081259200
334,ENCLOSURE_FEE_BASIC,10.0,7,Recinto Básico,2026-05-21T14:45:07.081259200
341,ENCLOSURE_FEE_VIP,75.0,8,Recinto VIP,2026-05-21T14:45:07.082261100
380,SOUVENIR,15.0,9,Recinto Central,2026-05-21T14:45:07.082261100
342,ENCLOSURE_FEE_VIP,75.0,9,Recinto VIP,2026-05-21T14:45:07.083260600
381,SOUVENIR,15.0,10,Recinto Central,2026-05-21T14:45:07.083260600
343,ENCLOSURE_FEE_VIP,75.0,10,Recinto VIP,2026-05-21T14:45:07.083260600
382,SOUVENIR,15.0,11,Recinto Central,2026-05-21T14:45:07.084261900
335,ENCLOSURE_FEE_BASIC,10.0,11,Recinto Básico,2026-05-21T14:45:07.084261900
336,ENCLOSURE_FEE_BASIC,10.0,12,Recinto Básico,2026-05-21T14:45:07.084261900
383,SOUVENIR,15.0,13,Recinto Central,2026-05-21T14:45:07.085611800
344,ENCLOSURE_FEE_VIP,75.0,13,Recinto VIP,2026-05-21T14:45:07.085611800
345,ENCLOSURE_FEE_VIP,75.0,14,Recinto VIP,2026-05-21T14:45:07.086743300
384,SOUVENIR,15.0,15,Recinto Central,2026-05-21T14:45:07.086743300
337,ENCLOSURE_FEE_BASIC,10.0,15,Recinto Básico,2026-05-21T14:45:07.088171700
338,ENCLOSURE_FEE_BASIC,10.0,16,Recinto Básico,2026-05-21T14:45:07.088171700
339,ENCLOSURE_FEE_PREMIUM,30.0,17,Recinto Premium,2026-05-21T14:45:07.088171700
340,ENCLOSURE_FEE_PREMIUM,30.0,18,Recinto Premium,2026-05-21T14:45:07.089665300
385,SOUVENIR,15.0,19,Recinto Central,2026-05-21T14:45:07.089665300
341,ENCLOSURE_FEE_PREMIUM,30.0,19,Recinto Premium,2026-05-21T14:45:07.090854700
342,ENCLOSURE_FEE_PREMIUM,30.0,20,Recinto Premium,2026-05-21T14:45:07.090854700
386,SOUVENIR,15.0,21,Recinto Central,2026-05-21T14:45:07.092365
343,ENCLOSURE_FEE_PREMIUM,30.0,21,Recinto Premium,2026-05-21T14:45:07.093376800
339,ENCLOSURE_FEE_BASIC,10.0,22,Recinto Básico,2026-05-21T14:45:07.093376800
344,ENCLOSURE_FEE_PREMIUM,30.0,23,Recinto Premium,2026-05-21T14:45:07.093376800
387,SOUVENIR,15.0,24,Recinto Central,2026-05-21T14:45:07.093376800
345,ENCLOSURE_FEE_PREMIUM,30.0,24,Recinto Premium,2026-05-21T14:45:07.094838300
388,SOUVENIR,15.0,25,Recinto Central,2026-05-21T14:45:07.094838300
346,ENCLOSURE_FEE_VIP,75.0,25,Recinto VIP,2026-05-21T14:45:07.094838300
347,ENCLOSURE_FEE_VIP,75.0,26,Recinto VIP,2026-05-21T14:45:07.095827600
389,SOUVENIR,15.0,27,Recinto Central,2026-05-21T14:45:07.095827600
346,ENCLOSURE_FEE_PREMIUM,30.0,27,Recinto Premium,2026-05-21T14:45:07.096843900
390,SOUVENIR,15.0,28,Recinto Central,2026-05-21T14:45:07.096843900
348,ENCLOSURE_FEE_VIP,75.0,28,Recinto VIP,2026-05-21T14:45:07.096843900
349,ENCLOSURE_FEE_VIP,75.0,29,Recinto VIP,2026-05-21T14:45:07.096843900
391,SOUVENIR,15.0,30,Recinto Central,2026-05-21T14:45:07.098395600
350,ENCLOSURE_FEE_VIP,75.0,30,Recinto VIP,2026-05-21T14:45:07.098395600
340,ENCLOSURE_FEE_BASIC,10.0,1,Recinto Básico,2026-05-21T14:45:07.099753600
392,SOUVENIR,15.0,2,Recinto Central,2026-05-21T14:45:07.101081600
341,ENCLOSURE_FEE_BASIC,10.0,2,Recinto Básico,2026-05-21T14:45:07.101081600
342,ENCLOSURE_FEE_BASIC,10.0,3,Recinto Básico,2026-05-21T14:45:07.101081600
343,ENCLOSURE_FEE_BASIC,10.0,4,Recinto Básico,2026-05-21T14:45:07.102086300
393,SOUVENIR,15.0,5,Recinto Central,2026-05-21T14:45:07.102086300
344,ENCLOSURE_FEE_BASIC,10.0,5,Recinto Básico,2026-05-21T14:45:07.103328400
394,SOUVENIR,15.0,6,Recinto Central,2026-05-21T14:45:07.103328400
351,ENCLOSURE_FEE_VIP,75.0,6,Recinto VIP,2026-05-21T14:45:07.103328400
395,SOUVENIR,15.0,7,Recinto Central,2026-05-21T14:45:07.104667200
345,ENCLOSURE_FEE_BASIC,10.0,7,Recinto Básico,2026-05-21T14:45:07.104667200
352,ENCLOSURE_FEE_VIP,75.0,8,Recinto VIP,2026-05-21T14:45:07.104667200
396,SOUVENIR,15.0,9,Recinto Central,2026-05-21T14:45:07.105845500
353,ENCLOSURE_FEE_VIP,75.0,9,Recinto VIP,2026-05-21T14:45:07.105845500
29,SPA_SERVICE,20.0,10,Baños y SPA,2026-05-21T14:45:07.107328700
347,ENCLOSURE_FEE_PREMIUM,30.0,10,Recinto Premium,2026-05-21T14:45:07.107328700
354,ENCLOSURE_FEE_VIP,75.0,11,Recinto VIP,2026-05-21T14:45:07.108329900
346,ENCLOSURE_FEE_BASIC,10.0,12,Recinto Básico,2026-05-21T14:45:07.108329900
355,ENCLOSURE_FEE_VIP,75.0,13,Recinto VIP,2026-05-21T14:45:07.108329900
356,ENCLOSURE_FEE_VIP,75.0,14,Recinto VIP,2026-05-21T14:45:07.109329400
357,ENCLOSURE_FEE_VIP,75.0,15,Recinto VIP,2026-05-21T14:45:07.109329400
348,ENCLOSURE_FEE_PREMIUM,30.0,16,Recinto Premium,2026-05-21T14:45:07.109329400
397,SOUVENIR,15.0,17,Recinto Central,2026-05-21T14:45:07.110640800
358,ENCLOSURE_FEE_VIP,75.0,17,Recinto VIP,2026-05-21T14:45:07.110640800
349,ENCLOSURE_FEE_PREMIUM,30.0,18,Recinto Premium,2026-05-21T14:45:07.110640800
359,ENCLOSURE_FEE_VIP,75.0,19,Recinto VIP,2026-05-21T14:45:07.110640800
350,ENCLOSURE_FEE_PREMIUM,30.0,20,Recinto Premium,2026-05-21T14:45:07.111995
398,SOUVENIR,15.0,21,Recinto Central,2026-05-21T14:45:07.111995
360,ENCLOSURE_FEE_VIP,75.0,21,Recinto VIP,2026-05-21T14:45:07.112994600
347,ENCLOSURE_FEE_BASIC,10.0,22,Recinto Básico,2026-05-21T14:45:07.112994600
361,ENCLOSURE_FEE_VIP,75.0,23,Recinto VIP,2026-05-21T14:45:07.112994600
351,ENCLOSURE_FEE_PREMIUM,30.0,24,Recinto Premium,2026-05-21T14:45:07.112994600
399,SOUVENIR,15.0,25,Recinto Central,2026-05-21T14:45:07.114483300
352,ENCLOSURE_FEE_PREMIUM,30.0,25,Recinto Premium,2026-05-21T14:45:07.114483300
362,ENCLOSURE_FEE_VIP,75.0,26,Recinto VIP,2026-05-21T14:45:07.116133300
353,ENCLOSURE_FEE_PREMIUM,30.0,27,Recinto Premium,2026-05-21T14:45:07.116133300
348,ENCLOSURE_FEE_BASIC,10.0,28,Recinto Básico,2026-05-21T14:45:07.117415700
354,ENCLOSURE_FEE_PREMIUM,30.0,29,Recinto Premium,2026-05-21T14:45:07.117415700
355,ENCLOSURE_FEE_PREMIUM,30.0,30,Recinto Premium,2026-05-21T14:45:07.118429800
349,ENCLOSURE_FEE_BASIC,10.0,1,Recinto Básico,2026-05-21T14:45:07.119868100
400,SOUVENIR,15.0,2,Recinto Central,2026-05-21T14:45:07.121210700
363,ENCLOSURE_FEE_VIP,75.0,2,Recinto VIP,2026-05-21T14:45:07.121210700
401,SOUVENIR,15.0,3,Recinto Central,2026-05-21T14:45:07.122207100
364,ENCLOSURE_FEE_VIP,75.0,3,Recinto VIP,2026-05-21T14:45:07.123384700
350,ENCLOSURE_FEE_BASIC,10.0,4,Recinto Básico,2026-05-21T14:45:07.123384700
402,SOUVENIR,15.0,5,Recinto Central,2026-05-21T14:45:07.124380700
356,ENCLOSURE_FEE_PREMIUM,30.0,5,Recinto Premium,2026-05-21T14:45:07.124380700
403,SOUVENIR,15.0,6,Recinto Central,2026-05-21T14:45:07.124380700
365,ENCLOSURE_FEE_VIP,75.0,6,Recinto VIP,2026-05-21T14:45:07.124380700
366,ENCLOSURE_FEE_VIP,75.0,7,Recinto VIP,2026-05-21T14:45:07.125868600
404,SOUVENIR,15.0,8,Recinto Central,2026-05-21T14:45:07.125868600
367,ENCLOSURE_FEE_VIP,75.0,8,Recinto VIP,2026-05-21T14:45:07.125868600
351,ENCLOSURE_FEE_BASIC,10.0,9,Recinto Básico,2026-05-21T14:45:07.127161800
405,SOUVENIR,15.0,10,Recinto Central,2026-05-21T14:45:07.127161800
357,ENCLOSURE_FEE_PREMIUM,30.0,10,Recinto Premium,2026-05-21T14:45:07.127161800
358,ENCLOSURE_FEE_PREMIUM,30.0,11,Recinto Premium,2026-05-21T14:45:07.127161800
406,SOUVENIR,15.0,12,Recinto Central,2026-05-21T14:45:07.128655300
359,ENCLOSURE_FEE_PREMIUM,30.0,12,Recinto Premium,2026-05-21T14:45:07.128655300
360,ENCLOSURE_FEE_PREMIUM,30.0,13,Recinto Premium,2026-05-21T14:45:07.128655300
407,SOUVENIR,15.0,14,Recinto Central,2026-05-21T14:45:07.129655
361,ENCLOSURE_FEE_PREMIUM,30.0,14,Recinto Premium,2026-05-21T14:45:07.129655
352,ENCLOSURE_FEE_BASIC,10.0,15,Recinto Básico,2026-05-21T14:45:07.130659300
408,SOUVENIR,15.0,16,Recinto Central,2026-05-21T14:45:07.131659200
368,ENCLOSURE_FEE_VIP,75.0,16,Recinto VIP,2026-05-21T14:45:07.131659200
409,SOUVENIR,15.0,17,Recinto Central,2026-05-21T14:45:07.132655
369,ENCLOSURE_FEE_VIP,75.0,17,Recinto VIP,2026-05-21T14:45:07.132655
353,ENCLOSURE_FEE_BASIC,10.0,18,Recinto Básico,2026-05-21T14:45:07.133653400
370,ENCLOSURE_FEE_VIP,75.0,19,Recinto VIP,2026-05-21T14:45:07.133653400
362,ENCLOSURE_FEE_PREMIUM,30.0,20,Recinto Premium,2026-05-21T14:45:07.134658500
354,ENCLOSURE_FEE_BASIC,10.0,21,Recinto Básico,2026-05-21T14:45:07.134658500
410,SOUVENIR,15.0,22,Recinto Central,2026-05-21T14:45:07.135241
363,ENCLOSURE_FEE_PREMIUM,30.0,22,Recinto Premium,2026-05-21T14:45:07.136253
371,ENCLOSURE_FEE_VIP,75.0,23,Recinto VIP,2026-05-21T14:45:07.136253
372,ENCLOSURE_FEE_VIP,75.0,24,Recinto VIP,2026-05-21T14:45:07.137823400
373,ENCLOSURE_FEE_VIP,75.0,25,Recinto VIP,2026-05-21T14:45:07.137823400
411,SOUVENIR,15.0,26,Recinto Central,2026-05-21T14:45:07.139444500
364,ENCLOSURE_FEE_PREMIUM,30.0,26,Recinto Premium,2026-05-21T14:45:07.139444500
355,ENCLOSURE_FEE_BASIC,10.0,27,Recinto Básico,2026-05-21T14:45:07.139444500
412,SOUVENIR,15.0,28,Recinto Central,2026-05-21T14:45:07.140470100
374,ENCLOSURE_FEE_VIP,75.0,28,Recinto VIP,2026-05-21T14:45:07.140470100
375,ENCLOSURE_FEE_VIP,75.0,29,Recinto VIP,2026-05-21T14:45:07.141622500
413,SOUVENIR,15.0,30,Recinto Central,2026-05-21T14:45:07.141622500
376,ENCLOSURE_FEE_VIP,75.0,30,Recinto VIP,2026-05-21T14:45:07.141622500
356,ENCLOSURE_FEE_BASIC,10.0,1,Recinto Básico,2026-05-21T14:45:07.143047600
414,SOUVENIR,15.0,2,Recinto Central,2026-05-21T14:45:07.144055800
357,ENCLOSURE_FEE_BASIC,10.0,2,Recinto Básico,2026-05-21T14:45:07.144055800
415,SOUVENIR,15.0,3,Recinto Central,2026-05-21T14:45:07.145046600
365,ENCLOSURE_FEE_PREMIUM,30.0,3,Recinto Premium,2026-05-21T14:45:07.145046600
416,SOUVENIR,15.0,4,Recinto Central,2026-05-21T14:45:07.145046600
366,ENCLOSURE_FEE_PREMIUM,30.0,4,Recinto Premium,2026-05-21T14:45:07.146047300
367,ENCLOSURE_FEE_PREMIUM,30.0,5,Recinto Premium,2026-05-21T14:45:07.146047300
358,ENCLOSURE_FEE_BASIC,10.0,6,Recinto Básico,2026-05-21T14:45:07.146047300
417,SOUVENIR,15.0,7,Recinto Central,2026-05-21T14:45:07.147545200
377,ENCLOSURE_FEE_VIP,75.0,7,Recinto VIP,2026-05-21T14:45:07.147545200
368,ENCLOSURE_FEE_PREMIUM,30.0,8,Recinto Premium,2026-05-21T14:45:07.148558200
359,ENCLOSURE_FEE_BASIC,10.0,9,Recinto Básico,2026-05-21T14:45:07.148558200
369,ENCLOSURE_FEE_PREMIUM,30.0,10,Recinto Premium,2026-05-21T14:45:07.148558200
378,ENCLOSURE_FEE_VIP,75.0,11,Recinto VIP,2026-05-21T14:45:07.149607900
418,SOUVENIR,15.0,12,Recinto Central,2026-05-21T14:45:07.149607900
379,ENCLOSURE_FEE_VIP,75.0,12,Recinto VIP,2026-05-21T14:45:07.151010600
380,ENCLOSURE_FEE_VIP,75.0,13,Recinto VIP,2026-05-21T14:45:07.151010600
370,ENCLOSURE_FEE_PREMIUM,30.0,14,Recinto Premium,2026-05-21T14:45:07.151010600
419,SOUVENIR,15.0,15,Recinto Central,2026-05-21T14:45:07.152014900
360,ENCLOSURE_FEE_BASIC,10.0,15,Recinto Básico,2026-05-21T14:45:07.153010200
361,ENCLOSURE_FEE_BASIC,10.0,16,Recinto Básico,2026-05-21T14:45:07.153010200
362,ENCLOSURE_FEE_BASIC,10.0,17,Recinto Básico,2026-05-21T14:45:07.153010200
420,SOUVENIR,15.0,18,Recinto Central,2026-05-21T14:45:07.154327400
363,ENCLOSURE_FEE_BASIC,10.0,18,Recinto Básico,2026-05-21T14:45:07.154327400
381,ENCLOSURE_FEE_VIP,75.0,19,Recinto VIP,2026-05-21T14:45:07.155537700
364,ENCLOSURE_FEE_BASIC,10.0,20,Recinto Básico,2026-05-21T14:45:07.155537700
421,SOUVENIR,15.0,21,Recinto Central,2026-05-21T14:45:07.155537700
365,ENCLOSURE_FEE_BASIC,10.0,21,Recinto Básico,2026-05-21T14:45:07.156801200
422,SOUVENIR,15.0,22,Recinto Central,2026-05-21T14:45:07.156801200
382,ENCLOSURE_FEE_VIP,75.0,22,Recinto VIP,2026-05-21T14:45:07.157799500
423,SOUVENIR,15.0,23,Recinto Central,2026-05-21T14:45:07.157799500
371,ENCLOSURE_FEE_PREMIUM,30.0,23,Recinto Premium,2026-05-21T14:45:07.158796600
366,ENCLOSURE_FEE_BASIC,10.0,24,Recinto Básico,2026-05-21T14:45:07.158796600
424,SOUVENIR,15.0,25,Recinto Central,2026-05-21T14:45:07.158796600
367,ENCLOSURE_FEE_BASIC,10.0,25,Recinto Básico,2026-05-21T14:45:07.160272500
368,ENCLOSURE_FEE_BASIC,10.0,26,Recinto Básico,2026-05-21T14:45:07.160272500
425,SOUVENIR,15.0,27,Recinto Central,2026-05-21T14:45:07.161323300
369,ENCLOSURE_FEE_BASIC,10.0,27,Recinto Básico,2026-05-21T14:45:07.161323300
370,ENCLOSURE_FEE_BASIC,10.0,28,Recinto Básico,2026-05-21T14:45:07.161323300
426,SOUVENIR,15.0,29,Recinto Central,2026-05-21T14:45:07.162324400
383,ENCLOSURE_FEE_VIP,75.0,29,Recinto VIP,2026-05-21T14:45:07.162324400
372,ENCLOSURE_FEE_PREMIUM,30.0,30,Recinto Premium,2026-05-21T14:45:07.163329
427,SOUVENIR,15.0,1,Recinto Central,2026-05-21T14:45:07.163847800
384,ENCLOSURE_FEE_VIP,75.0,1,Recinto VIP,2026-05-21T14:45:07.163847800
373,ENCLOSURE_FEE_PREMIUM,30.0,2,Recinto Premium,2026-05-21T14:45:07.165102800
374,ENCLOSURE_FEE_PREMIUM,30.0,3,Recinto Premium,2026-05-21T14:45:07.165102800
428,SOUVENIR,15.0,4,Recinto Central,2026-05-21T14:45:07.166358100
371,ENCLOSURE_FEE_BASIC,10.0,4,Recinto Básico,2026-05-21T14:45:07.166358100
372,ENCLOSURE_FEE_BASIC,10.0,5,Recinto Básico,2026-05-21T14:45:07.166358100
429,SOUVENIR,15.0,6,Recinto Central,2026-05-21T14:45:07.167866400
30,SPA_SERVICE,20.0,6,Baños y SPA,2026-05-21T14:45:07.167866400
375,ENCLOSURE_FEE_PREMIUM,30.0,6,Recinto Premium,2026-05-21T14:45:07.168876600
430,SOUVENIR,15.0,7,Recinto Central,2026-05-21T14:45:07.168876600
373,ENCLOSURE_FEE_BASIC,10.0,7,Recinto Básico,2026-05-21T14:45:07.169880700
431,SOUVENIR,15.0,8,Recinto Central,2026-05-21T14:45:07.169880700
374,ENCLOSURE_FEE_BASIC,10.0,8,Recinto Básico,2026-05-21T14:45:07.170879900
375,ENCLOSURE_FEE_BASIC,10.0,9,Recinto Básico,2026-05-21T14:45:07.170879900
432,SOUVENIR,15.0,10,Recinto Central,2026-05-21T14:45:07.170879900
385,ENCLOSURE_FEE_VIP,75.0,10,Recinto VIP,2026-05-21T14:45:07.172329100
433,SOUVENIR,15.0,11,Recinto Central,2026-05-21T14:45:07.172329100
386,ENCLOSURE_FEE_VIP,75.0,11,Recinto VIP,2026-05-21T14:45:07.172329100
376,ENCLOSURE_FEE_PREMIUM,30.0,12,Recinto Premium,2026-05-21T14:45:07.173765700
377,ENCLOSURE_FEE_PREMIUM,30.0,13,Recinto Premium,2026-05-21T14:45:07.173765700
434,SOUVENIR,15.0,14,Recinto Central,2026-05-21T14:45:07.173765700
378,ENCLOSURE_FEE_PREMIUM,30.0,14,Recinto Premium,2026-05-21T14:45:07.174873900
387,ENCLOSURE_FEE_VIP,75.0,15,Recinto VIP,2026-05-21T14:45:07.174873900
435,SOUVENIR,15.0,16,Recinto Central,2026-05-21T14:45:07.174873900
388,ENCLOSURE_FEE_VIP,75.0,16,Recinto VIP,2026-05-21T14:45:07.176041200
436,SOUVENIR,15.0,17,Recinto Central,2026-05-21T14:45:07.176041200
376,ENCLOSURE_FEE_BASIC,10.0,17,Recinto Básico,2026-05-21T14:45:07.176041200
389,ENCLOSURE_FEE_VIP,75.0,18,Recinto VIP,2026-05-21T14:45:07.177036100
390,ENCLOSURE_FEE_VIP,75.0,19,Recinto VIP,2026-05-21T14:45:07.177036100
437,SOUVENIR,15.0,20,Recinto Central,2026-05-21T14:45:07.177036100
377,ENCLOSURE_FEE_BASIC,10.0,20,Recinto Básico,2026-05-21T14:45:07.178253700
378,ENCLOSURE_FEE_BASIC,10.0,21,Recinto Básico,2026-05-21T14:45:07.178253700
438,SOUVENIR,15.0,22,Recinto Central,2026-05-21T14:45:07.178253700
379,ENCLOSURE_FEE_BASIC,10.0,22,Recinto Básico,2026-05-21T14:45:07.179457800
391,ENCLOSURE_FEE_VIP,75.0,23,Recinto VIP,2026-05-21T14:45:07.179962700
379,ENCLOSURE_FEE_PREMIUM,30.0,24,Recinto Premium,2026-05-21T14:45:07.179962700
380,ENCLOSURE_FEE_PREMIUM,30.0,25,Recinto Premium,2026-05-21T14:45:07.179962700
392,ENCLOSURE_FEE_VIP,75.0,26,Recinto VIP,2026-05-21T14:45:07.181122600
380,ENCLOSURE_FEE_BASIC,10.0,27,Recinto Básico,2026-05-21T14:45:07.181122600
381,ENCLOSURE_FEE_BASIC,10.0,28,Recinto Básico,2026-05-21T14:45:07.182123900
382,ENCLOSURE_FEE_BASIC,10.0,29,Recinto Básico,2026-05-21T14:45:07.182123900
439,SOUVENIR,15.0,30,Recinto Central,2026-05-21T14:45:07.182123900
383,ENCLOSURE_FEE_BASIC,10.0,30,Recinto Básico,2026-05-21T14:45:07.183221800
393,ENCLOSURE_FEE_VIP,75.0,1,Recinto VIP,2026-05-21T14:45:07.183221800
384,ENCLOSURE_FEE_BASIC,10.0,2,Recinto Básico,2026-05-21T14:45:07.184672500
381,ENCLOSURE_FEE_PREMIUM,30.0,3,Recinto Premium,2026-05-21T14:45:07.184672500
394,ENCLOSURE_FEE_VIP,75.0,4,Recinto VIP,2026-05-21T14:45:07.184672500
385,ENCLOSURE_FEE_BASIC,10.0,5,Recinto Básico,2026-05-21T14:45:07.186110
395,ENCLOSURE_FEE_VIP,75.0,6,Recinto VIP,2026-05-21T14:45:07.187112100
396,ENCLOSURE_FEE_VIP,75.0,7,Recinto VIP,2026-05-21T14:45:07.188112500
386,ENCLOSURE_FEE_BASIC,10.0,8,Recinto Básico,2026-05-21T14:45:07.188112500
440,SOUVENIR,15.0,9,Recinto Central,2026-05-21T14:45:07.188112500
382,ENCLOSURE_FEE_PREMIUM,30.0,9,Recinto Premium,2026-05-21T14:45:07.189364600
397,ENCLOSURE_FEE_VIP,75.0,10,Recinto VIP,2026-05-21T14:45:07.189364600
441,SOUVENIR,15.0,11,Recinto Central,2026-05-21T14:45:07.189364600
387,ENCLOSURE_FEE_BASIC,10.0,11,Recinto Básico,2026-05-21T14:45:07.190666400
383,ENCLOSURE_FEE_PREMIUM,30.0,12,Recinto Premium,2026-05-21T14:45:07.190666400
442,SOUVENIR,15.0,13,Recinto Central,2026-05-21T14:45:07.191665600
398,ENCLOSURE_FEE_VIP,75.0,13,Recinto VIP,2026-05-21T14:45:07.191665600
443,SOUVENIR,15.0,14,Recinto Central,2026-05-21T14:45:07.191665600
388,ENCLOSURE_FEE_BASIC,10.0,14,Recinto Básico,2026-05-21T14:45:07.192968900
399,ENCLOSURE_FEE_VIP,75.0,15,Recinto VIP,2026-05-21T14:45:07.192968900
400,ENCLOSURE_FEE_VIP,75.0,16,Recinto VIP,2026-05-21T14:45:07.194228800
384,ENCLOSURE_FEE_PREMIUM,30.0,17,Recinto Premium,2026-05-21T14:45:07.194228800
444,SOUVENIR,15.0,18,Recinto Central,2026-05-21T14:45:07.194228800
389,ENCLOSURE_FEE_BASIC,10.0,18,Recinto Básico,2026-05-21T14:45:07.195580700
445,SOUVENIR,15.0,19,Recinto Central,2026-05-21T14:45:07.195580700
390,ENCLOSURE_FEE_BASIC,10.0,19,Recinto Básico,2026-05-21T14:45:07.195580700
385,ENCLOSURE_FEE_PREMIUM,30.0,20,Recinto Premium,2026-05-21T14:45:07.196651300
391,ENCLOSURE_FEE_BASIC,10.0,21,Recinto Básico,2026-05-21T14:45:07.196651300
446,SOUVENIR,15.0,22,Recinto Central,2026-05-21T14:45:07.198032600
392,ENCLOSURE_FEE_BASIC,10.0,22,Recinto Básico,2026-05-21T14:45:07.198539600
386,ENCLOSURE_FEE_PREMIUM,30.0,23,Recinto Premium,2026-05-21T14:45:07.198539600
401,ENCLOSURE_FEE_VIP,75.0,24,Recinto VIP,2026-05-21T14:45:07.199546100
402,ENCLOSURE_FEE_VIP,75.0,25,Recinto VIP,2026-05-21T14:45:07.199546100
393,ENCLOSURE_FEE_BASIC,10.0,26,Recinto Básico,2026-05-21T14:45:07.199546100
394,ENCLOSURE_FEE_BASIC,10.0,27,Recinto Básico,2026-05-21T14:45:07.200907500
387,ENCLOSURE_FEE_PREMIUM,30.0,28,Recinto Premium,2026-05-21T14:45:07.202125500
447,SOUVENIR,15.0,29,Recinto Central,2026-05-21T14:45:07.203122600
388,ENCLOSURE_FEE_PREMIUM,30.0,29,Recinto Premium,2026-05-21T14:45:07.203122600
448,SOUVENIR,15.0,30,Recinto Central,2026-05-21T14:45:07.203122600
389,ENCLOSURE_FEE_PREMIUM,30.0,30,Recinto Premium,2026-05-21T14:45:07.204403200
449,SOUVENIR,15.0,1,Recinto Central,2026-05-21T14:45:07.204403200
390,ENCLOSURE_FEE_PREMIUM,30.0,1,Recinto Premium,2026-05-21T14:45:07.205681
403,ENCLOSURE_FEE_VIP,75.0,2,Recinto VIP,2026-05-21T14:45:07.205681
404,ENCLOSURE_FEE_VIP,75.0,3,Recinto VIP,2026-05-21T14:45:07.206675700
450,SOUVENIR,15.0,4,Recinto Central,2026-05-21T14:45:07.206675700
395,ENCLOSURE_FEE_BASIC,10.0,4,Recinto Básico,2026-05-21T14:45:07.206675700
396,ENCLOSURE_FEE_BASIC,10.0,5,Recinto Básico,2026-05-21T14:45:07.207678500
451,SOUVENIR,15.0,6,Recinto Central,2026-05-21T14:45:07.207678500
405,ENCLOSURE_FEE_VIP,75.0,6,Recinto VIP,2026-05-21T14:45:07.208678100
452,SOUVENIR,15.0,7,Recinto Central,2026-05-21T14:45:07.208678100
397,ENCLOSURE_FEE_BASIC,10.0,7,Recinto Básico,2026-05-21T14:45:07.208678100
406,ENCLOSURE_FEE_VIP,75.0,8,Recinto VIP,2026-05-21T14:45:07.209678600
398,ENCLOSURE_FEE_BASIC,10.0,9,Recinto Básico,2026-05-21T14:45:07.209678600
407,ENCLOSURE_FEE_VIP,75.0,10,Recinto VIP,2026-05-21T14:45:07.209678600
453,SOUVENIR,15.0,11,Recinto Central,2026-05-21T14:45:07.209678600
391,ENCLOSURE_FEE_PREMIUM,30.0,11,Recinto Premium,2026-05-21T14:45:07.211185600
408,ENCLOSURE_FEE_VIP,75.0,12,Recinto VIP,2026-05-21T14:45:07.211185600
454,SOUVENIR,15.0,13,Recinto Central,2026-05-21T14:45:07.212566900
409,ENCLOSURE_FEE_VIP,75.0,13,Recinto VIP,2026-05-21T14:45:07.212566900
399,ENCLOSURE_FEE_BASIC,10.0,14,Recinto Básico,2026-05-21T14:45:07.213569800
400,ENCLOSURE_FEE_BASIC,10.0,15,Recinto Básico,2026-05-21T14:45:07.213569800
392,ENCLOSURE_FEE_PREMIUM,30.0,16,Recinto Premium,2026-05-21T14:45:07.213569800
455,SOUVENIR,15.0,17,Recinto Central,2026-05-21T14:45:07.214566600
410,ENCLOSURE_FEE_VIP,75.0,17,Recinto VIP,2026-05-21T14:45:07.214566600
456,SOUVENIR,15.0,18,Recinto Central,2026-05-21T14:45:07.214566600
411,ENCLOSURE_FEE_VIP,75.0,18,Recinto VIP,2026-05-21T14:45:07.215570200
401,ENCLOSURE_FEE_BASIC,10.0,19,Recinto Básico,2026-05-21T14:45:07.215570200
393,ENCLOSURE_FEE_PREMIUM,30.0,20,Recinto Premium,2026-05-21T14:45:07.215570200
457,SOUVENIR,15.0,21,Recinto Central,2026-05-21T14:45:07.216657600
412,ENCLOSURE_FEE_VIP,75.0,21,Recinto VIP,2026-05-21T14:45:07.216657600
458,SOUVENIR,15.0,22,Recinto Central,2026-05-21T14:45:07.217811300
394,ENCLOSURE_FEE_PREMIUM,30.0,22,Recinto Premium,2026-05-21T14:45:07.217811300
413,ENCLOSURE_FEE_VIP,75.0,23,Recinto VIP,2026-05-21T14:45:07.219094700
402,ENCLOSURE_FEE_BASIC,10.0,24,Recinto Básico,2026-05-21T14:45:07.219094700
414,ENCLOSURE_FEE_VIP,75.0,25,Recinto VIP,2026-05-21T14:45:07.219094700
459,SOUVENIR,15.0,26,Recinto Central,2026-05-21T14:45:07.220370500
395,ENCLOSURE_FEE_PREMIUM,30.0,26,Recinto Premium,2026-05-21T14:45:07.221427600
403,ENCLOSURE_FEE_BASIC,10.0,27,Recinto Básico,2026-05-21T14:45:07.221427600
396,ENCLOSURE_FEE_PREMIUM,30.0,28,Recinto Premium,2026-05-21T14:45:07.222425300
397,ENCLOSURE_FEE_PREMIUM,30.0,29,Recinto Premium,2026-05-21T14:45:07.222425300
398,ENCLOSURE_FEE_PREMIUM,30.0,30,Recinto Premium,2026-05-21T14:45:07.222425300
415,ENCLOSURE_FEE_VIP,75.0,1,Recinto VIP,2026-05-21T14:45:07.224433600
416,ENCLOSURE_FEE_VIP,75.0,2,Recinto VIP,2026-05-21T14:45:07.224433600
460,SOUVENIR,15.0,3,Recinto Central,2026-05-21T14:45:07.225430400
399,ENCLOSURE_FEE_PREMIUM,30.0,3,Recinto Premium,2026-05-21T14:45:07.225430400
400,ENCLOSURE_FEE_PREMIUM,30.0,4,Recinto Premium,2026-05-21T14:45:07.226431700
401,ENCLOSURE_FEE_PREMIUM,30.0,5,Recinto Premium,2026-05-21T14:45:07.226431700
417,ENCLOSURE_FEE_VIP,75.0,6,Recinto VIP,2026-05-21T14:45:07.226431700
404,ENCLOSURE_FEE_BASIC,10.0,7,Recinto Básico,2026-05-21T14:45:07.227430700
405,ENCLOSURE_FEE_BASIC,10.0,8,Recinto Básico,2026-05-21T14:45:07.227430700
461,SOUVENIR,15.0,9,Recinto Central,2026-05-21T14:45:07.228427700
406,ENCLOSURE_FEE_BASIC,10.0,9,Recinto Básico,2026-05-21T14:45:07.229428
402,ENCLOSURE_FEE_PREMIUM,30.0,10,Recinto Premium,2026-05-21T14:45:07.229428
462,SOUVENIR,15.0,11,Recinto Central,2026-05-21T14:45:07.229428
403,ENCLOSURE_FEE_PREMIUM,30.0,11,Recinto Premium,2026-05-21T14:45:07.230560900
404,ENCLOSURE_FEE_PREMIUM,30.0,12,Recinto Premium,2026-05-21T14:45:07.230560900
405,ENCLOSURE_FEE_PREMIUM,30.0,13,Recinto Premium,2026-05-21T14:45:07.230560900
463,SOUVENIR,15.0,14,Recinto Central,2026-05-21T14:45:07.231560600
407,ENCLOSURE_FEE_BASIC,10.0,14,Recinto Básico,2026-05-21T14:45:07.231560600
406,ENCLOSURE_FEE_PREMIUM,30.0,15,Recinto Premium,2026-05-21T14:45:07.232584
464,SOUVENIR,15.0,16,Recinto Central,2026-05-21T14:45:07.233849900
407,ENCLOSURE_FEE_PREMIUM,30.0,16,Recinto Premium,2026-05-21T14:45:07.233849900
408,ENCLOSURE_FEE_BASIC,10.0,17,Recinto Básico,2026-05-21T14:45:07.233849900
409,ENCLOSURE_FEE_BASIC,10.0,18,Recinto Básico,2026-05-21T14:45:07.233849900
418,ENCLOSURE_FEE_VIP,75.0,19,Recinto VIP,2026-05-21T14:45:07.235321600
408,ENCLOSURE_FEE_PREMIUM,30.0,20,Recinto Premium,2026-05-21T14:45:07.235321600
419,ENCLOSURE_FEE_VIP,75.0,21,Recinto VIP,2026-05-21T14:45:07.236339
420,ENCLOSURE_FEE_VIP,75.0,22,Recinto VIP,2026-05-21T14:45:07.236339
421,ENCLOSURE_FEE_VIP,75.0,23,Recinto VIP,2026-05-21T14:45:07.237735500
409,ENCLOSURE_FEE_PREMIUM,30.0,24,Recinto Premium,2026-05-21T14:45:07.237735500
422,ENCLOSURE_FEE_VIP,75.0,25,Recinto VIP,2026-05-21T14:45:07.237735500
410,ENCLOSURE_FEE_BASIC,10.0,26,Recinto Básico,2026-05-21T14:45:07.238826600
465,SOUVENIR,15.0,27,Recinto Central,2026-05-21T14:45:07.238826600
411,ENCLOSURE_FEE_BASIC,10.0,27,Recinto Básico,2026-05-21T14:45:07.238826600
412,ENCLOSURE_FEE_BASIC,10.0,28,Recinto Básico,2026-05-21T14:45:07.238826600
466,SOUVENIR,15.0,29,Recinto Central,2026-05-21T14:45:07.238826600
423,ENCLOSURE_FEE_VIP,75.0,29,Recinto VIP,2026-05-21T14:45:07.240263
467,SOUVENIR,15.0,30,Recinto Central,2026-05-21T14:45:07.240263
410,ENCLOSURE_FEE_PREMIUM,30.0,30,Recinto Premium,2026-05-21T14:45:07.240263
424,ENCLOSURE_FEE_VIP,75.0,1,Recinto VIP,2026-05-21T14:45:07.241663700
468,SOUVENIR,15.0,2,Recinto Central,2026-05-21T14:45:07.243093700
413,ENCLOSURE_FEE_BASIC,10.0,2,Recinto Básico,2026-05-21T14:45:07.243093700
425,ENCLOSURE_FEE_VIP,75.0,3,Recinto VIP,2026-05-21T14:45:07.243093700
469,SOUVENIR,15.0,4,Recinto Central,2026-05-21T14:45:07.244256600
426,ENCLOSURE_FEE_VIP,75.0,4,Recinto VIP,2026-05-21T14:45:07.244256600
470,SOUVENIR,15.0,5,Recinto Central,2026-05-21T14:45:07.245572400
427,ENCLOSURE_FEE_VIP,75.0,5,Recinto VIP,2026-05-21T14:45:07.245572400
471,SOUVENIR,15.0,6,Recinto Central,2026-05-21T14:45:07.245572400
411,ENCLOSURE_FEE_PREMIUM,30.0,6,Recinto Premium,2026-05-21T14:45:07.246567
472,SOUVENIR,15.0,7,Recinto Central,2026-05-21T14:45:07.246567
428,ENCLOSURE_FEE_VIP,75.0,7,Recinto VIP,2026-05-21T14:45:07.246567
429,ENCLOSURE_FEE_VIP,75.0,8,Recinto VIP,2026-05-21T14:45:07.246567
430,ENCLOSURE_FEE_VIP,75.0,9,Recinto VIP,2026-05-21T14:45:07.248016800
431,ENCLOSURE_FEE_VIP,75.0,10,Recinto VIP,2026-05-21T14:45:07.248531300
412,ENCLOSURE_FEE_PREMIUM,30.0,11,Recinto Premium,2026-05-21T14:45:07.248531300
432,ENCLOSURE_FEE_VIP,75.0,12,Recinto VIP,2026-05-21T14:45:07.249539400
433,ENCLOSURE_FEE_VIP,75.0,13,Recinto VIP,2026-05-21T14:45:07.249539400
434,ENCLOSURE_FEE_VIP,75.0,14,Recinto VIP,2026-05-21T14:45:07.249539400
414,ENCLOSURE_FEE_BASIC,10.0,15,Recinto Básico,2026-05-21T14:45:07.249539400
473,SOUVENIR,15.0,16,Recinto Central,2026-05-21T14:45:07.250905600
415,ENCLOSURE_FEE_BASIC,10.0,16,Recinto Básico,2026-05-21T14:45:07.250905600
435,ENCLOSURE_FEE_VIP,75.0,17,Recinto VIP,2026-05-21T14:45:07.250905600
474,SOUVENIR,15.0,18,Recinto Central,2026-05-21T14:45:07.250905600
416,ENCLOSURE_FEE_BASIC,10.0,18,Recinto Básico,2026-05-21T14:45:07.252297800
436,ENCLOSURE_FEE_VIP,75.0,19,Recinto VIP,2026-05-21T14:45:07.252297800
413,ENCLOSURE_FEE_PREMIUM,30.0,20,Recinto Premium,2026-05-21T14:45:07.252297800
417,ENCLOSURE_FEE_BASIC,10.0,21,Recinto Básico,2026-05-21T14:45:07.253796200
475,SOUVENIR,15.0,22,Recinto Central,2026-05-21T14:45:07.253796200
437,ENCLOSURE_FEE_VIP,75.0,22,Recinto VIP,2026-05-21T14:45:07.253796200
414,ENCLOSURE_FEE_PREMIUM,30.0,23,Recinto Premium,2026-05-21T14:45:07.255205200
476,SOUVENIR,15.0,24,Recinto Central,2026-05-21T14:45:07.255717500
438,ENCLOSURE_FEE_VIP,75.0,24,Recinto VIP,2026-05-21T14:45:07.255717500
477,SOUVENIR,15.0,25,Recinto Central,2026-05-21T14:45:07.255717500
418,ENCLOSURE_FEE_BASIC,10.0,25,Recinto Básico,2026-05-21T14:45:07.256737
439,ENCLOSURE_FEE_VIP,75.0,26,Recinto VIP,2026-05-21T14:45:07.256737
415,ENCLOSURE_FEE_PREMIUM,30.0,27,Recinto Premium,2026-05-21T14:45:07.257732600
416,ENCLOSURE_FEE_PREMIUM,30.0,28,Recinto Premium,2026-05-21T14:45:07.257732600
478,SOUVENIR,15.0,29,Recinto Central,2026-05-21T14:45:07.258731200
417,ENCLOSURE_FEE_PREMIUM,30.0,29,Recinto Premium,2026-05-21T14:45:07.258731200
419,ENCLOSURE_FEE_BASIC,10.0,30,Recinto Básico,2026-05-21T14:45:07.258731200
440,ENCLOSURE_FEE_VIP,75.0,1,Recinto VIP,2026-05-21T14:45:07.259733800
479,SOUVENIR,15.0,2,Recinto Central,2026-05-21T14:45:07.260728300
420,ENCLOSURE_FEE_BASIC,10.0,2,Recinto Básico,2026-05-21T14:45:07.260728300
31,SPA_SERVICE,20.0,3,Baños y SPA,2026-05-21T14:45:07.260728300
421,ENCLOSURE_FEE_BASIC,10.0,3,Recinto Básico,2026-05-21T14:45:07.261731500
480,SOUVENIR,15.0,4,Recinto Central,2026-05-21T14:45:07.261731500
441,ENCLOSURE_FEE_VIP,75.0,4,Recinto VIP,2026-05-21T14:45:07.262736100
442,ENCLOSURE_FEE_VIP,75.0,5,Recinto VIP,2026-05-21T14:45:07.262736100
481,SOUVENIR,15.0,6,Recinto Central,2026-05-21T14:45:07.263738100
443,ENCLOSURE_FEE_VIP,75.0,6,Recinto VIP,2026-05-21T14:45:07.263738100
418,ENCLOSURE_FEE_PREMIUM,30.0,7,Recinto Premium,2026-05-21T14:45:07.264731200
419,ENCLOSURE_FEE_PREMIUM,30.0,8,Recinto Premium,2026-05-21T14:45:07.264731200
482,SOUVENIR,15.0,9,Recinto Central,2026-05-21T14:45:07.264731200
420,ENCLOSURE_FEE_PREMIUM,30.0,9,Recinto Premium,2026-05-21T14:45:07.265727300
422,ENCLOSURE_FEE_BASIC,10.0,10,Recinto Básico,2026-05-21T14:45:07.265727300
483,SOUVENIR,15.0,11,Recinto Central,2026-05-21T14:45:07.265727300
444,ENCLOSURE_FEE_VIP,75.0,11,Recinto VIP,2026-05-21T14:45:07.266724900
423,ENCLOSURE_FEE_BASIC,10.0,12,Recinto Básico,2026-05-21T14:45:07.266724900
421,ENCLOSURE_FEE_PREMIUM,30.0,13,Recinto Premium,2026-05-21T14:45:07.267728
484,SOUVENIR,15.0,14,Recinto Central,2026-05-21T14:45:07.267728
422,ENCLOSURE_FEE_PREMIUM,30.0,14,Recinto Premium,2026-05-21T14:45:07.267728
424,ENCLOSURE_FEE_BASIC,10.0,15,Recinto Básico,2026-05-21T14:45:07.268960400
423,ENCLOSURE_FEE_PREMIUM,30.0,16,Recinto Premium,2026-05-21T14:45:07.268960400
425,ENCLOSURE_FEE_BASIC,10.0,17,Recinto Básico,2026-05-21T14:45:07.269961200
426,ENCLOSURE_FEE_BASIC,10.0,18,Recinto Básico,2026-05-21T14:45:07.269961200
424,ENCLOSURE_FEE_PREMIUM,30.0,19,Recinto Premium,2026-05-21T14:45:07.269961200
485,SOUVENIR,15.0,20,Recinto Central,2026-05-21T14:45:07.271189700
427,ENCLOSURE_FEE_BASIC,10.0,20,Recinto Básico,2026-05-21T14:45:07.271189700
428,ENCLOSURE_FEE_BASIC,10.0,21,Recinto Básico,2026-05-21T14:45:07.271189700
425,ENCLOSURE_FEE_PREMIUM,30.0,22,Recinto Premium,2026-05-21T14:45:07.271189700
429,ENCLOSURE_FEE_BASIC,10.0,23,Recinto Básico,2026-05-21T14:45:07.272189600
486,SOUVENIR,15.0,24,Recinto Central,2026-05-21T14:45:07.272189600
426,ENCLOSURE_FEE_PREMIUM,30.0,24,Recinto Premium,2026-05-21T14:45:07.272189600
430,ENCLOSURE_FEE_BASIC,10.0,25,Recinto Básico,2026-05-21T14:45:07.273189400
431,ENCLOSURE_FEE_BASIC,10.0,26,Recinto Básico,2026-05-21T14:45:07.273189400
445,ENCLOSURE_FEE_VIP,75.0,27,Recinto VIP,2026-05-21T14:45:07.273189400
432,ENCLOSURE_FEE_BASIC,10.0,28,Recinto Básico,2026-05-21T14:45:07.274193800
427,ENCLOSURE_FEE_PREMIUM,30.0,29,Recinto Premium,2026-05-21T14:45:07.274193800
487,SOUVENIR,15.0,30,Recinto Central,2026-05-21T14:45:07.274193800
446,ENCLOSURE_FEE_VIP,75.0,30,Recinto VIP,2026-05-21T14:45:07.274193800
488,SOUVENIR,15.0,1,Recinto Central,2026-05-21T14:45:07.275419100
447,ENCLOSURE_FEE_VIP,75.0,1,Recinto VIP,2026-05-21T14:45:07.276425500
489,SOUVENIR,15.0,2,Recinto Central,2026-05-21T14:45:07.276425500
428,ENCLOSURE_FEE_PREMIUM,30.0,2,Recinto Premium,2026-05-21T14:45:07.276425500
429,ENCLOSURE_FEE_PREMIUM,30.0,3,Recinto Premium,2026-05-21T14:45:07.277432400
490,SOUVENIR,15.0,4,Recinto Central,2026-05-21T14:45:07.277432400
433,ENCLOSURE_FEE_BASIC,10.0,4,Recinto Básico,2026-05-21T14:45:07.277432400
430,ENCLOSURE_FEE_PREMIUM,30.0,5,Recinto Premium,2026-05-21T14:45:07.278623400
431,ENCLOSURE_FEE_PREMIUM,30.0,6,Recinto Premium,2026-05-21T14:45:07.278623400
434,ENCLOSURE_FEE_BASIC,10.0,7,Recinto Básico,2026-05-21T14:45:07.278623400
435,ENCLOSURE_FEE_BASIC,10.0,8,Recinto Básico,2026-05-21T14:45:07.279635700
491,SOUVENIR,15.0,9,Recinto Central,2026-05-21T14:45:07.279635700
448,ENCLOSURE_FEE_VIP,75.0,9,Recinto VIP,2026-05-21T14:45:07.279635700
449,ENCLOSURE_FEE_VIP,75.0,10,Recinto VIP,2026-05-21T14:45:07.279635700
492,SOUVENIR,15.0,11,Recinto Central,2026-05-21T14:45:07.281064700
450,ENCLOSURE_FEE_VIP,75.0,11,Recinto VIP,2026-05-21T14:45:07.281064700
493,SOUVENIR,15.0,12,Recinto Central,2026-05-21T14:45:07.282069800
432,ENCLOSURE_FEE_PREMIUM,30.0,12,Recinto Premium,2026-05-21T14:45:07.282069800
494,SOUVENIR,15.0,13,Recinto Central,2026-05-21T14:45:07.282069800
433,ENCLOSURE_FEE_PREMIUM,30.0,13,Recinto Premium,2026-05-21T14:45:07.282069800
436,ENCLOSURE_FEE_BASIC,10.0,14,Recinto Básico,2026-05-21T14:45:07.282069800
437,ENCLOSURE_FEE_BASIC,10.0,15,Recinto Básico,2026-05-21T14:45:07.283390100
451,ENCLOSURE_FEE_VIP,75.0,16,Recinto VIP,2026-05-21T14:45:07.283390100
452,ENCLOSURE_FEE_VIP,75.0,17,Recinto VIP,2026-05-21T14:45:07.283390100
438,ENCLOSURE_FEE_BASIC,10.0,18,Recinto Básico,2026-05-21T14:45:07.284404500
495,SOUVENIR,15.0,19,Recinto Central,2026-05-21T14:45:07.284404500
434,ENCLOSURE_FEE_PREMIUM,30.0,19,Recinto Premium,2026-05-21T14:45:07.284404500
453,ENCLOSURE_FEE_VIP,75.0,20,Recinto VIP,2026-05-21T14:45:07.285406300
454,ENCLOSURE_FEE_VIP,75.0,21,Recinto VIP,2026-05-21T14:45:07.285406300
455,ENCLOSURE_FEE_VIP,75.0,22,Recinto VIP,2026-05-21T14:45:07.286523200
456,ENCLOSURE_FEE_VIP,75.0,23,Recinto VIP,2026-05-21T14:45:07.286523200
496,SOUVENIR,15.0,24,Recinto Central,2026-05-21T14:45:07.286523200
435,ENCLOSURE_FEE_PREMIUM,30.0,24,Recinto Premium,2026-05-21T14:45:07.287820900
439,ENCLOSURE_FEE_BASIC,10.0,25,Recinto Básico,2026-05-21T14:45:07.287820900
497,SOUVENIR,15.0,26,Recinto Central,2026-05-21T14:45:07.287820900
436,ENCLOSURE_FEE_PREMIUM,30.0,26,Recinto Premium,2026-05-21T14:45:07.287820900
498,SOUVENIR,15.0,27,Recinto Central,2026-05-21T14:45:07.289309100
437,ENCLOSURE_FEE_PREMIUM,30.0,27,Recinto Premium,2026-05-21T14:45:07.289309100
440,ENCLOSURE_FEE_BASIC,10.0,28,Recinto Básico,2026-05-21T14:45:07.290312100
499,SOUVENIR,15.0,29,Recinto Central,2026-05-21T14:45:07.290312100
438,ENCLOSURE_FEE_PREMIUM,30.0,29,Recinto Premium,2026-05-21T14:45:07.291310800
439,ENCLOSURE_FEE_PREMIUM,30.0,30,Recinto Premium,2026-05-21T14:45:07.291310800
457,ENCLOSURE_FEE_VIP,75.0,1,Recinto VIP,2026-05-21T14:45:07.292308400
441,ENCLOSURE_FEE_BASIC,10.0,2,Recinto Básico,2026-05-21T14:45:07.293586100
440,ENCLOSURE_FEE_PREMIUM,30.0,3,Recinto Premium,2026-05-21T14:45:07.293586100
442,ENCLOSURE_FEE_BASIC,10.0,4,Recinto Básico,2026-05-21T14:45:07.294582900
443,ENCLOSURE_FEE_BASIC,10.0,5,Recinto Básico,2026-05-21T14:45:07.294582900
444,ENCLOSURE_FEE_BASIC,10.0,6,Recinto Básico,2026-05-21T14:45:07.294582900
500,SOUVENIR,15.0,7,Recinto Central,2026-05-21T14:45:07.294582900
458,ENCLOSURE_FEE_VIP,75.0,7,Recinto VIP,2026-05-21T14:45:07.295993600
441,ENCLOSURE_FEE_PREMIUM,30.0,8,Recinto Premium,2026-05-21T14:45:07.295993600
442,ENCLOSURE_FEE_PREMIUM,30.0,9,Recinto Premium,2026-05-21T14:45:07.295993600
459,ENCLOSURE_FEE_VIP,75.0,10,Recinto VIP,2026-05-21T14:45:07.297345800
445,ENCLOSURE_FEE_BASIC,10.0,11,Recinto Básico,2026-05-21T14:45:07.297345800
501,SOUVENIR,15.0,12,Recinto Central,2026-05-21T14:45:07.298341600
460,ENCLOSURE_FEE_VIP,75.0,12,Recinto VIP,2026-05-21T14:45:07.298341600
461,ENCLOSURE_FEE_VIP,75.0,13,Recinto VIP,2026-05-21T14:45:07.298341600
502,SOUVENIR,15.0,14,Recinto Central,2026-05-21T14:45:07.298341600
462,ENCLOSURE_FEE_VIP,75.0,14,Recinto VIP,2026-05-21T14:45:07.299797400
503,SOUVENIR,15.0,15,Recinto Central,2026-05-21T14:45:07.299797400
446,ENCLOSURE_FEE_BASIC,10.0,15,Recinto Básico,2026-05-21T14:45:07.299797400
443,ENCLOSURE_FEE_PREMIUM,30.0,16,Recinto Premium,2026-05-21T14:45:07.299797400
504,SOUVENIR,15.0,17,Recinto Central,2026-05-21T14:45:07.300890600
463,ENCLOSURE_FEE_VIP,75.0,17,Recinto VIP,2026-05-21T14:45:07.301896700
444,ENCLOSURE_FEE_PREMIUM,30.0,18,Recinto Premium,2026-05-21T14:45:07.301896700
447,ENCLOSURE_FEE_BASIC,10.0,19,Recinto Básico,2026-05-21T14:45:07.302904300
505,SOUVENIR,15.0,20,Recinto Central,2026-05-21T14:45:07.302904300
445,ENCLOSURE_FEE_PREMIUM,30.0,20,Recinto Premium,2026-05-21T14:45:07.303891100
506,SOUVENIR,15.0,21,Recinto Central,2026-05-21T14:45:07.303891100
464,ENCLOSURE_FEE_VIP,75.0,21,Recinto VIP,2026-05-21T14:45:07.303891100
448,ENCLOSURE_FEE_BASIC,10.0,22,Recinto Básico,2026-05-21T14:45:07.303891100
507,SOUVENIR,15.0,23,Recinto Central,2026-05-21T14:45:07.305191300
446,ENCLOSURE_FEE_PREMIUM,30.0,23,Recinto Premium,2026-05-21T14:45:07.305191300
449,ENCLOSURE_FEE_BASIC,10.0,24,Recinto Básico,2026-05-21T14:45:07.305191300
447,ENCLOSURE_FEE_PREMIUM,30.0,25,Recinto Premium,2026-05-21T14:45:07.305191300
448,ENCLOSURE_FEE_PREMIUM,30.0,26,Recinto Premium,2026-05-21T14:45:07.306200800
508,SOUVENIR,15.0,27,Recinto Central,2026-05-21T14:45:07.306200800
450,ENCLOSURE_FEE_BASIC,10.0,27,Recinto Básico,2026-05-21T14:45:07.306200800
465,ENCLOSURE_FEE_VIP,75.0,28,Recinto VIP,2026-05-21T14:45:07.307210300
451,ENCLOSURE_FEE_BASIC,10.0,29,Recinto Básico,2026-05-21T14:45:07.307210300
452,ENCLOSURE_FEE_BASIC,10.0,30,Recinto Básico,2026-05-21T14:45:07.307210300
453,ENCLOSURE_FEE_BASIC,10.0,1,Recinto Básico,2026-05-21T14:45:07.313774300
509,SOUVENIR,15.0,2,Recinto Central,2026-05-21T14:45:07.314772500
454,ENCLOSURE_FEE_BASIC,10.0,2,Recinto Básico,2026-05-21T14:45:07.314772500
510,SOUVENIR,15.0,3,Recinto Central,2026-05-21T14:45:07.314772500
449,ENCLOSURE_FEE_PREMIUM,30.0,3,Recinto Premium,2026-05-21T14:45:07.314772500
511,SOUVENIR,15.0,4,Recinto Central,2026-05-21T14:45:07.315771300
455,ENCLOSURE_FEE_BASIC,10.0,4,Recinto Básico,2026-05-21T14:45:07.315771300
466,ENCLOSURE_FEE_VIP,75.0,5,Recinto VIP,2026-05-21T14:45:07.315771300
450,ENCLOSURE_FEE_PREMIUM,30.0,6,Recinto Premium,2026-05-21T14:45:07.316928
456,ENCLOSURE_FEE_BASIC,10.0,7,Recinto Básico,2026-05-21T14:45:07.316928
451,ENCLOSURE_FEE_PREMIUM,30.0,8,Recinto Premium,2026-05-21T14:45:07.316928
512,SOUVENIR,15.0,9,Recinto Central,2026-05-21T14:45:07.317931200
467,ENCLOSURE_FEE_VIP,75.0,9,Recinto VIP,2026-05-21T14:45:07.317931200
513,SOUVENIR,15.0,10,Recinto Central,2026-05-21T14:45:07.317931200
468,ENCLOSURE_FEE_VIP,75.0,10,Recinto VIP,2026-05-21T14:45:07.319438
457,ENCLOSURE_FEE_BASIC,10.0,11,Recinto Básico,2026-05-21T14:45:07.319438
458,ENCLOSURE_FEE_BASIC,10.0,12,Recinto Básico,2026-05-21T14:45:07.320435700
452,ENCLOSURE_FEE_PREMIUM,30.0,13,Recinto Premium,2026-05-21T14:45:07.320435700
469,ENCLOSURE_FEE_VIP,75.0,14,Recinto VIP,2026-05-21T14:45:07.320435700
470,ENCLOSURE_FEE_VIP,75.0,15,Recinto VIP,2026-05-21T14:45:07.320435700
514,SOUVENIR,15.0,16,Recinto Central,2026-05-21T14:45:07.320435700
471,ENCLOSURE_FEE_VIP,75.0,16,Recinto VIP,2026-05-21T14:45:07.321945200
472,ENCLOSURE_FEE_VIP,75.0,17,Recinto VIP,2026-05-21T14:45:07.321945200
473,ENCLOSURE_FEE_VIP,75.0,18,Recinto VIP,2026-05-21T14:45:07.323074700
474,ENCLOSURE_FEE_VIP,75.0,19,Recinto VIP,2026-05-21T14:45:07.323074700
515,SOUVENIR,15.0,20,Recinto Central,2026-05-21T14:45:07.323074700
475,ENCLOSURE_FEE_VIP,75.0,20,Recinto VIP,2026-05-21T14:45:07.324428500
516,SOUVENIR,15.0,21,Recinto Central,2026-05-21T14:45:07.324428500
453,ENCLOSURE_FEE_PREMIUM,30.0,21,Recinto Premium,2026-05-21T14:45:07.325424400
476,ENCLOSURE_FEE_VIP,75.0,22,Recinto VIP,2026-05-21T14:45:07.325424400
459,ENCLOSURE_FEE_BASIC,10.0,23,Recinto Básico,2026-05-21T14:45:07.326422900
517,SOUVENIR,15.0,24,Recinto Central,2026-05-21T14:45:07.326422900
454,ENCLOSURE_FEE_PREMIUM,30.0,24,Recinto Premium,2026-05-21T14:45:07.326422900
518,SOUVENIR,15.0,25,Recinto Central,2026-05-21T14:45:07.326422900
460,ENCLOSURE_FEE_BASIC,10.0,25,Recinto Básico,2026-05-21T14:45:07.327860600
461,ENCLOSURE_FEE_BASIC,10.0,26,Recinto Básico,2026-05-21T14:45:07.327860600
477,ENCLOSURE_FEE_VIP,75.0,27,Recinto VIP,2026-05-21T14:45:07.328864400
478,ENCLOSURE_FEE_VIP,75.0,28,Recinto VIP,2026-05-21T14:45:07.328864400
455,ENCLOSURE_FEE_PREMIUM,30.0,29,Recinto Premium,2026-05-21T14:45:07.329857400
519,SOUVENIR,15.0,30,Recinto Central,2026-05-21T14:45:07.329857400
479,ENCLOSURE_FEE_VIP,75.0,30,Recinto VIP,2026-05-21T14:45:07.329857400
520,SOUVENIR,15.0,1,Recinto Central,2026-05-21T14:45:07.330857100
456,ENCLOSURE_FEE_PREMIUM,30.0,1,Recinto Premium,2026-05-21T14:45:07.331858300
457,ENCLOSURE_FEE_PREMIUM,30.0,2,Recinto Premium,2026-05-21T14:45:07.331858300
521,SOUVENIR,15.0,3,Recinto Central,2026-05-21T14:45:07.331858300
480,ENCLOSURE_FEE_VIP,75.0,3,Recinto VIP,2026-05-21T14:45:07.331858300
462,ENCLOSURE_FEE_BASIC,10.0,4,Recinto Básico,2026-05-21T14:45:07.333147700
463,ENCLOSURE_FEE_BASIC,10.0,5,Recinto Básico,2026-05-21T14:45:07.333147700
522,SOUVENIR,15.0,6,Recinto Central,2026-05-21T14:45:07.333147700
32,SPA_SERVICE,20.0,6,Baños y SPA,2026-05-21T14:45:07.333147700
481,ENCLOSURE_FEE_VIP,75.0,6,Recinto VIP,2026-05-21T14:45:07.334148800
482,ENCLOSURE_FEE_VIP,75.0,7,Recinto VIP,2026-05-21T14:45:07.334148800
33,SPA_SERVICE,20.0,8,Baños y SPA,2026-05-21T14:45:07.334148800
483,ENCLOSURE_FEE_VIP,75.0,8,Recinto VIP,2026-05-21T14:45:07.335534400
458,ENCLOSURE_FEE_PREMIUM,30.0,9,Recinto Premium,2026-05-21T14:45:07.336536400
459,ENCLOSURE_FEE_PREMIUM,30.0,10,Recinto Premium,2026-05-21T14:45:07.336536400
484,ENCLOSURE_FEE_VIP,75.0,11,Recinto VIP,2026-05-21T14:45:07.337535300
485,ENCLOSURE_FEE_VIP,75.0,12,Recinto VIP,2026-05-21T14:45:07.337535300
460,ENCLOSURE_FEE_PREMIUM,30.0,13,Recinto Premium,2026-05-21T14:45:07.337535300
464,ENCLOSURE_FEE_BASIC,10.0,14,Recinto Básico,2026-05-21T14:45:07.337535300
486,ENCLOSURE_FEE_VIP,75.0,15,Recinto VIP,2026-05-21T14:45:07.338943100
523,SOUVENIR,15.0,16,Recinto Central,2026-05-21T14:45:07.338943100
465,ENCLOSURE_FEE_BASIC,10.0,16,Recinto Básico,2026-05-21T14:45:07.338943100
466,ENCLOSURE_FEE_BASIC,10.0,17,Recinto Básico,2026-05-21T14:45:07.338943100
461,ENCLOSURE_FEE_PREMIUM,30.0,18,Recinto Premium,2026-05-21T14:45:07.338943100
467,ENCLOSURE_FEE_BASIC,10.0,19,Recinto Básico,2026-05-21T14:45:07.340388200
468,ENCLOSURE_FEE_BASIC,10.0,20,Recinto Básico,2026-05-21T14:45:07.340388200
524,SOUVENIR,15.0,21,Recinto Central,2026-05-21T14:45:07.340388200
462,ENCLOSURE_FEE_PREMIUM,30.0,21,Recinto Premium,2026-05-21T14:45:07.340388200
525,SOUVENIR,15.0,22,Recinto Central,2026-05-21T14:45:07.341811300
463,ENCLOSURE_FEE_PREMIUM,30.0,22,Recinto Premium,2026-05-21T14:45:07.341811300
526,SOUVENIR,15.0,23,Recinto Central,2026-05-21T14:45:07.341811300
487,ENCLOSURE_FEE_VIP,75.0,23,Recinto VIP,2026-05-21T14:45:07.341811300
488,ENCLOSURE_FEE_VIP,75.0,24,Recinto VIP,2026-05-21T14:45:07.343215300
489,ENCLOSURE_FEE_VIP,75.0,25,Recinto VIP,2026-05-21T14:45:07.343215300
464,ENCLOSURE_FEE_PREMIUM,30.0,26,Recinto Premium,2026-05-21T14:45:07.343215300
469,ENCLOSURE_FEE_BASIC,10.0,27,Recinto Básico,2026-05-21T14:45:07.344579900
527,SOUVENIR,15.0,28,Recinto Central,2026-05-21T14:45:07.344579900
470,ENCLOSURE_FEE_BASIC,10.0,28,Recinto Básico,2026-05-21T14:45:07.344579900
528,SOUVENIR,15.0,29,Recinto Central,2026-05-21T14:45:07.344579900
490,ENCLOSURE_FEE_VIP,75.0,29,Recinto VIP,2026-05-21T14:45:07.344579900
465,ENCLOSURE_FEE_PREMIUM,30.0,30,Recinto Premium,2026-05-21T14:45:07.346014500
471,ENCLOSURE_FEE_BASIC,10.0,1,Recinto Básico,2026-05-21T14:45:07.347017
529,SOUVENIR,15.0,2,Recinto Central,2026-05-21T14:45:07.347017
466,ENCLOSURE_FEE_PREMIUM,30.0,2,Recinto Premium,2026-05-21T14:45:07.347017
467,ENCLOSURE_FEE_PREMIUM,30.0,3,Recinto Premium,2026-05-21T14:45:07.347017
491,ENCLOSURE_FEE_VIP,75.0,4,Recinto VIP,2026-05-21T14:45:07.348524600
472,ENCLOSURE_FEE_BASIC,10.0,5,Recinto Básico,2026-05-21T14:45:07.348524600
492,ENCLOSURE_FEE_VIP,75.0,6,Recinto VIP,2026-05-21T14:45:07.349605700
530,SOUVENIR,15.0,7,Recinto Central,2026-05-21T14:45:07.349605700
473,ENCLOSURE_FEE_BASIC,10.0,7,Recinto Básico,2026-05-21T14:45:07.350612400
531,SOUVENIR,15.0,8,Recinto Central,2026-05-21T14:45:07.350612400
468,ENCLOSURE_FEE_PREMIUM,30.0,8,Recinto Premium,2026-05-21T14:45:07.350612400
532,SOUVENIR,15.0,9,Recinto Central,2026-05-21T14:45:07.351825900
493,ENCLOSURE_FEE_VIP,75.0,9,Recinto VIP,2026-05-21T14:45:07.352822100
474,ENCLOSURE_FEE_BASIC,10.0,10,Recinto Básico,2026-05-21T14:45:07.352822100
469,ENCLOSURE_FEE_PREMIUM,30.0,11,Recinto Premium,2026-05-21T14:45:07.353829600
494,ENCLOSURE_FEE_VIP,75.0,12,Recinto VIP,2026-05-21T14:45:07.353829600
475,ENCLOSURE_FEE_BASIC,10.0,13,Recinto Básico,2026-05-21T14:45:07.353829600
533,SOUVENIR,15.0,14,Recinto Central,2026-05-21T14:45:07.354837300
495,ENCLOSURE_FEE_VIP,75.0,14,Recinto VIP,2026-05-21T14:45:07.354837300
534,SOUVENIR,15.0,15,Recinto Central,2026-05-21T14:45:07.355848300
470,ENCLOSURE_FEE_PREMIUM,30.0,15,Recinto Premium,2026-05-21T14:45:07.355848300
535,SOUVENIR,15.0,16,Recinto Central,2026-05-21T14:45:07.355848300
476,ENCLOSURE_FEE_BASIC,10.0,16,Recinto Básico,2026-05-21T14:45:07.355848300
536,SOUVENIR,15.0,17,Recinto Central,2026-05-21T14:45:07.357245400
496,ENCLOSURE_FEE_VIP,75.0,17,Recinto VIP,2026-05-21T14:45:07.357245400
537,SOUVENIR,15.0,18,Recinto Central,2026-05-21T14:45:07.357245400
471,ENCLOSURE_FEE_PREMIUM,30.0,18,Recinto Premium,2026-05-21T14:45:07.357245400
538,SOUVENIR,15.0,19,Recinto Central,2026-05-21T14:45:07.358463700
472,ENCLOSURE_FEE_PREMIUM,30.0,19,Recinto Premium,2026-05-21T14:45:07.358463700
497,ENCLOSURE_FEE_VIP,75.0,20,Recinto VIP,2026-05-21T14:45:07.359468900
498,ENCLOSURE_FEE_VIP,75.0,21,Recinto VIP,2026-05-21T14:45:07.359468900
477,ENCLOSURE_FEE_BASIC,10.0,22,Recinto Básico,2026-05-21T14:45:07.359468900
499,ENCLOSURE_FEE_VIP,75.0,23,Recinto VIP,2026-05-21T14:45:07.360846600
478,ENCLOSURE_FEE_BASIC,10.0,24,Recinto Básico,2026-05-21T14:45:07.361851
539,SOUVENIR,15.0,25,Recinto Central,2026-05-21T14:45:07.361851
479,ENCLOSURE_FEE_BASIC,10.0,25,Recinto Básico,2026-05-21T14:45:07.361851
480,ENCLOSURE_FEE_BASIC,10.0,26,Recinto Básico,2026-05-21T14:45:07.363186300
500,ENCLOSURE_FEE_VIP,75.0,27,Recinto VIP,2026-05-21T14:45:07.363186300
481,ENCLOSURE_FEE_BASIC,10.0,28,Recinto Básico,2026-05-21T14:45:07.363186300
540,SOUVENIR,15.0,29,Recinto Central,2026-05-21T14:45:07.364183900
501,ENCLOSURE_FEE_VIP,75.0,29,Recinto VIP,2026-05-21T14:45:07.364183900
502,ENCLOSURE_FEE_VIP,75.0,30,Recinto VIP,2026-05-21T14:45:07.364183900
503,ENCLOSURE_FEE_VIP,75.0,1,Recinto VIP,2026-05-21T14:45:07.365683
34,SPA_SERVICE,20.0,2,Baños y SPA,2026-05-21T14:45:07.365683
482,ENCLOSURE_FEE_BASIC,10.0,2,Recinto Básico,2026-05-21T14:45:07.366683
504,ENCLOSURE_FEE_VIP,75.0,3,Recinto VIP,2026-05-21T14:45:07.366683
541,SOUVENIR,15.0,4,Recinto Central,2026-05-21T14:45:07.367685600
35,SPA_SERVICE,20.0,4,Baños y SPA,2026-05-21T14:45:07.367685600
473,ENCLOSURE_FEE_PREMIUM,30.0,4,Recinto Premium,2026-05-21T14:45:07.368193200
483,ENCLOSURE_FEE_BASIC,10.0,5,Recinto Básico,2026-05-21T14:45:07.368700
542,SOUVENIR,15.0,6,Recinto Central,2026-05-21T14:45:07.368700
474,ENCLOSURE_FEE_PREMIUM,30.0,6,Recinto Premium,2026-05-21T14:45:07.368700
505,ENCLOSURE_FEE_VIP,75.0,7,Recinto VIP,2026-05-21T14:45:07.369711100
543,SOUVENIR,15.0,8,Recinto Central,2026-05-21T14:45:07.369711100
484,ENCLOSURE_FEE_BASIC,10.0,8,Recinto Básico,2026-05-21T14:45:07.370711400
544,SOUVENIR,15.0,9,Recinto Central,2026-05-21T14:45:07.370711400
506,ENCLOSURE_FEE_VIP,75.0,9,Recinto VIP,2026-05-21T14:45:07.370711400
507,ENCLOSURE_FEE_VIP,75.0,10,Recinto VIP,2026-05-21T14:45:07.371780500
545,SOUVENIR,15.0,11,Recinto Central,2026-05-21T14:45:07.371780500
485,ENCLOSURE_FEE_BASIC,10.0,11,Recinto Básico,2026-05-21T14:45:07.371780500
486,ENCLOSURE_FEE_BASIC,10.0,12,Recinto Básico,2026-05-21T14:45:07.371780500
508,ENCLOSURE_FEE_VIP,75.0,13,Recinto VIP,2026-05-21T14:45:07.373181400
475,ENCLOSURE_FEE_PREMIUM,30.0,14,Recinto Premium,2026-05-21T14:45:07.373181400
476,ENCLOSURE_FEE_PREMIUM,30.0,15,Recinto Premium,2026-05-21T14:45:07.373181400
546,SOUVENIR,15.0,16,Recinto Central,2026-05-21T14:45:07.374181
477,ENCLOSURE_FEE_PREMIUM,30.0,16,Recinto Premium,2026-05-21T14:45:07.374181
547,SOUVENIR,15.0,17,Recinto Central,2026-05-21T14:45:07.374181
509,ENCLOSURE_FEE_VIP,75.0,17,Recinto VIP,2026-05-21T14:45:07.375188600
510,ENCLOSURE_FEE_VIP,75.0,18,Recinto VIP,2026-05-21T14:45:07.375188600
548,SOUVENIR,15.0,19,Recinto Central,2026-05-21T14:45:07.375188600
511,ENCLOSURE_FEE_VIP,75.0,19,Recinto VIP,2026-05-21T14:45:07.376184500
512,ENCLOSURE_FEE_VIP,75.0,20,Recinto VIP,2026-05-21T14:45:07.376184500
549,SOUVENIR,15.0,21,Recinto Central,2026-05-21T14:45:07.376184500
487,ENCLOSURE_FEE_BASIC,10.0,21,Recinto Básico,2026-05-21T14:45:07.377188
550,SOUVENIR,15.0,22,Recinto Central,2026-05-21T14:45:07.377188
513,ENCLOSURE_FEE_VIP,75.0,22,Recinto VIP,2026-05-21T14:45:07.377188
478,ENCLOSURE_FEE_PREMIUM,30.0,23,Recinto Premium,2026-05-21T14:45:07.378185800
551,SOUVENIR,15.0,24,Recinto Central,2026-05-21T14:45:07.378185800
514,ENCLOSURE_FEE_VIP,75.0,24,Recinto VIP,2026-05-21T14:45:07.378185800
515,ENCLOSURE_FEE_VIP,75.0,25,Recinto VIP,2026-05-21T14:45:07.379180600
552,SOUVENIR,15.0,26,Recinto Central,2026-05-21T14:45:07.379180600
488,ENCLOSURE_FEE_BASIC,10.0,26,Recinto Básico,2026-05-21T14:45:07.379180600
479,ENCLOSURE_FEE_PREMIUM,30.0,27,Recinto Premium,2026-05-21T14:45:07.380181300
489,ENCLOSURE_FEE_BASIC,10.0,28,Recinto Básico,2026-05-21T14:45:07.380181300
490,ENCLOSURE_FEE_BASIC,10.0,29,Recinto Básico,2026-05-21T14:45:07.380181300
491,ENCLOSURE_FEE_BASIC,10.0,30,Recinto Básico,2026-05-21T14:45:07.381181800
553,SOUVENIR,15.0,1,Recinto Central,2026-05-21T14:45:07.382185800
480,ENCLOSURE_FEE_PREMIUM,30.0,1,Recinto Premium,2026-05-21T14:45:07.382185800
554,SOUVENIR,15.0,2,Recinto Central,2026-05-21T14:45:07.382185800
516,ENCLOSURE_FEE_VIP,75.0,2,Recinto VIP,2026-05-21T14:45:07.383178400
517,ENCLOSURE_FEE_VIP,75.0,3,Recinto VIP,2026-05-21T14:45:07.383178400
481,ENCLOSURE_FEE_PREMIUM,30.0,4,Recinto Premium,2026-05-21T14:45:07.384195400
482,ENCLOSURE_FEE_PREMIUM,30.0,5,Recinto Premium,2026-05-21T14:45:07.385195400
555,SOUVENIR,15.0,6,Recinto Central,2026-05-21T14:45:07.385195400
492,ENCLOSURE_FEE_BASIC,10.0,6,Recinto Básico,2026-05-21T14:45:07.386194700
518,ENCLOSURE_FEE_VIP,75.0,7,Recinto VIP,2026-05-21T14:45:07.387190300
556,SOUVENIR,15.0,8,Recinto Central,2026-05-21T14:45:07.387190300
493,ENCLOSURE_FEE_BASIC,10.0,8,Recinto Básico,2026-05-21T14:45:07.388196300
483,ENCLOSURE_FEE_PREMIUM,30.0,9,Recinto Premium,2026-05-21T14:45:07.388196300
557,SOUVENIR,15.0,10,Recinto Central,2026-05-21T14:45:07.388196300
484,ENCLOSURE_FEE_PREMIUM,30.0,10,Recinto Premium,2026-05-21T14:45:07.389191400
485,ENCLOSURE_FEE_PREMIUM,30.0,11,Recinto Premium,2026-05-21T14:45:07.389191400
519,ENCLOSURE_FEE_VIP,75.0,12,Recinto VIP,2026-05-21T14:45:07.389191400
494,ENCLOSURE_FEE_BASIC,10.0,13,Recinto Básico,2026-05-21T14:45:07.390193100
558,SOUVENIR,15.0,14,Recinto Central,2026-05-21T14:45:07.391189400
486,ENCLOSURE_FEE_PREMIUM,30.0,14,Recinto Premium,2026-05-21T14:45:07.391189400
487,ENCLOSURE_FEE_PREMIUM,30.0,15,Recinto Premium,2026-05-21T14:45:07.391189400
520,ENCLOSURE_FEE_VIP,75.0,16,Recinto VIP,2026-05-21T14:45:07.392195600
559,SOUVENIR,15.0,17,Recinto Central,2026-05-21T14:45:07.392195600
521,ENCLOSURE_FEE_VIP,75.0,17,Recinto VIP,2026-05-21T14:45:07.392195600
560,SOUVENIR,15.0,18,Recinto Central,2026-05-21T14:45:07.393196600
495,ENCLOSURE_FEE_BASIC,10.0,18,Recinto Básico,2026-05-21T14:45:07.393196600
496,ENCLOSURE_FEE_BASIC,10.0,19,Recinto Básico,2026-05-21T14:45:07.393196600
497,ENCLOSURE_FEE_BASIC,10.0,20,Recinto Básico,2026-05-21T14:45:07.394194900
488,ENCLOSURE_FEE_PREMIUM,30.0,21,Recinto Premium,2026-05-21T14:45:07.394194900
561,SOUVENIR,15.0,22,Recinto Central,2026-05-21T14:45:07.395191700
498,ENCLOSURE_FEE_BASIC,10.0,22,Recinto Básico,2026-05-21T14:45:07.395191700
522,ENCLOSURE_FEE_VIP,75.0,23,Recinto VIP,2026-05-21T14:45:07.396194900
499,ENCLOSURE_FEE_BASIC,10.0,24,Recinto Básico,2026-05-21T14:45:07.396194900
500,ENCLOSURE_FEE_BASIC,10.0,25,Recinto Básico,2026-05-21T14:45:07.396194900
562,SOUVENIR,15.0,26,Recinto Central,2026-05-21T14:45:07.397194
523,ENCLOSURE_FEE_VIP,75.0,26,Recinto VIP,2026-05-21T14:45:07.397194
489,ENCLOSURE_FEE_PREMIUM,30.0,27,Recinto Premium,2026-05-21T14:45:07.397194
501,ENCLOSURE_FEE_BASIC,10.0,28,Recinto Básico,2026-05-21T14:45:07.397194
563,SOUVENIR,15.0,29,Recinto Central,2026-05-21T14:45:07.398711200
524,ENCLOSURE_FEE_VIP,75.0,29,Recinto VIP,2026-05-21T14:45:07.398711200
525,ENCLOSURE_FEE_VIP,75.0,30,Recinto VIP,2026-05-21T14:45:07.398711200
564,SOUVENIR,15.0,1,Recinto Central,2026-05-21T14:45:07.399726400
526,ENCLOSURE_FEE_VIP,75.0,1,Recinto VIP,2026-05-21T14:45:07.400730300
565,SOUVENIR,15.0,2,Recinto Central,2026-05-21T14:45:07.401730100
502,ENCLOSURE_FEE_BASIC,10.0,2,Recinto Básico,2026-05-21T14:45:07.401730100
566,SOUVENIR,15.0,3,Recinto Central,2026-05-21T14:45:07.402729700
527,ENCLOSURE_FEE_VIP,75.0,3,Recinto VIP,2026-05-21T14:45:07.403731300
567,SOUVENIR,15.0,4,Recinto Central,2026-05-21T14:45:07.403731300
528,ENCLOSURE_FEE_VIP,75.0,4,Recinto VIP,2026-05-21T14:45:07.404725100
503,ENCLOSURE_FEE_BASIC,10.0,5,Recinto Básico,2026-05-21T14:45:07.404725100
568,SOUVENIR,15.0,6,Recinto Central,2026-05-21T14:45:07.405727700
490,ENCLOSURE_FEE_PREMIUM,30.0,6,Recinto Premium,2026-05-21T14:45:07.405727700
504,ENCLOSURE_FEE_BASIC,10.0,7,Recinto Básico,2026-05-21T14:45:07.406730900
491,ENCLOSURE_FEE_PREMIUM,30.0,8,Recinto Premium,2026-05-21T14:45:07.406730900
569,SOUVENIR,15.0,9,Recinto Central,2026-05-21T14:45:07.407731400
529,ENCLOSURE_FEE_VIP,75.0,9,Recinto VIP,2026-05-21T14:45:07.407731400
570,SOUVENIR,15.0,10,Recinto Central,2026-05-21T14:45:07.408728800
530,ENCLOSURE_FEE_VIP,75.0,10,Recinto VIP,2026-05-21T14:45:07.408728800
571,SOUVENIR,15.0,11,Recinto Central,2026-05-21T14:45:07.408728800
492,ENCLOSURE_FEE_PREMIUM,30.0,11,Recinto Premium,2026-05-21T14:45:07.409727300
572,SOUVENIR,15.0,12,Recinto Central,2026-05-21T14:45:07.409727300
493,ENCLOSURE_FEE_PREMIUM,30.0,12,Recinto Premium,2026-05-21T14:45:07.409727300
494,ENCLOSURE_FEE_PREMIUM,30.0,13,Recinto Premium,2026-05-21T14:45:07.410729700
573,SOUVENIR,15.0,14,Recinto Central,2026-05-21T14:45:07.410729700
531,ENCLOSURE_FEE_VIP,75.0,14,Recinto VIP,2026-05-21T14:45:07.410729700
574,SOUVENIR,15.0,15,Recinto Central,2026-05-21T14:45:07.411728500
532,ENCLOSURE_FEE_VIP,75.0,15,Recinto VIP,2026-05-21T14:45:07.411728500
575,SOUVENIR,15.0,16,Recinto Central,2026-05-21T14:45:07.412726400
495,ENCLOSURE_FEE_PREMIUM,30.0,16,Recinto Premium,2026-05-21T14:45:07.412726400
496,ENCLOSURE_FEE_PREMIUM,30.0,17,Recinto Premium,2026-05-21T14:45:07.413728800
505,ENCLOSURE_FEE_BASIC,10.0,18,Recinto Básico,2026-05-21T14:45:07.413728800
506,ENCLOSURE_FEE_BASIC,10.0,19,Recinto Básico,2026-05-21T14:45:07.413728800
533,ENCLOSURE_FEE_VIP,75.0,20,Recinto VIP,2026-05-21T14:45:07.414726600
534,ENCLOSURE_FEE_VIP,75.0,21,Recinto VIP,2026-05-21T14:45:07.414726600
576,SOUVENIR,15.0,22,Recinto Central,2026-05-21T14:45:07.414726600
507,ENCLOSURE_FEE_BASIC,10.0,22,Recinto Básico,2026-05-21T14:45:07.416240800
577,SOUVENIR,15.0,23,Recinto Central,2026-05-21T14:45:07.416240800
508,ENCLOSURE_FEE_BASIC,10.0,23,Recinto Básico,2026-05-21T14:45:07.416240800
535,ENCLOSURE_FEE_VIP,75.0,24,Recinto VIP,2026-05-21T14:45:07.417260500
578,SOUVENIR,15.0,25,Recinto Central,2026-05-21T14:45:07.417260500
497,ENCLOSURE_FEE_PREMIUM,30.0,25,Recinto Premium,2026-05-21T14:45:07.418258100
536,ENCLOSURE_FEE_VIP,75.0,26,Recinto VIP,2026-05-21T14:45:07.418258100
537,ENCLOSURE_FEE_VIP,75.0,27,Recinto VIP,2026-05-21T14:45:07.419256300
538,ENCLOSURE_FEE_VIP,75.0,28,Recinto VIP,2026-05-21T14:45:07.419256300
509,ENCLOSURE_FEE_BASIC,10.0,29,Recinto Básico,2026-05-21T14:45:07.420255900
539,ENCLOSURE_FEE_VIP,75.0,30,Recinto VIP,2026-05-21T14:45:07.420255900
498,ENCLOSURE_FEE_PREMIUM,30.0,1,Recinto Premium,2026-05-21T14:45:07.421259400
579,SOUVENIR,15.0,2,Recinto Central,2026-05-21T14:45:07.422251100
499,ENCLOSURE_FEE_PREMIUM,30.0,2,Recinto Premium,2026-05-21T14:45:07.422251100
580,SOUVENIR,15.0,3,Recinto Central,2026-05-21T14:45:07.423251200
540,ENCLOSURE_FEE_VIP,75.0,3,Recinto VIP,2026-05-21T14:45:07.423251200
510,ENCLOSURE_FEE_BASIC,10.0,4,Recinto Básico,2026-05-21T14:45:07.423251200
581,SOUVENIR,15.0,5,Recinto Central,2026-05-21T14:45:07.423251200
500,ENCLOSURE_FEE_PREMIUM,30.0,5,Recinto Premium,2026-05-21T14:45:07.424753900
582,SOUVENIR,15.0,6,Recinto Central,2026-05-21T14:45:07.424753900
541,ENCLOSURE_FEE_VIP,75.0,6,Recinto VIP,2026-05-21T14:45:07.424753900
501,ENCLOSURE_FEE_PREMIUM,30.0,7,Recinto Premium,2026-05-21T14:45:07.426092800
542,ENCLOSURE_FEE_VIP,75.0,8,Recinto VIP,2026-05-21T14:45:07.426092800
511,ENCLOSURE_FEE_BASIC,10.0,9,Recinto Básico,2026-05-21T14:45:07.427088700
502,ENCLOSURE_FEE_PREMIUM,30.0,10,Recinto Premium,2026-05-21T14:45:07.427088700
503,ENCLOSURE_FEE_PREMIUM,30.0,11,Recinto Premium,2026-05-21T14:45:07.427088700
583,SOUVENIR,15.0,12,Recinto Central,2026-05-21T14:45:07.428158700
543,ENCLOSURE_FEE_VIP,75.0,12,Recinto VIP,2026-05-21T14:45:07.428158700
512,ENCLOSURE_FEE_BASIC,10.0,13,Recinto Básico,2026-05-21T14:45:07.428158700
544,ENCLOSURE_FEE_VIP,75.0,14,Recinto VIP,2026-05-21T14:45:07.428158700
545,ENCLOSURE_FEE_VIP,75.0,15,Recinto VIP,2026-05-21T14:45:07.429269200
584,SOUVENIR,15.0,16,Recinto Central,2026-05-21T14:45:07.429269200
546,ENCLOSURE_FEE_VIP,75.0,16,Recinto VIP,2026-05-21T14:45:07.429269200
585,SOUVENIR,15.0,17,Recinto Central,2026-05-21T14:45:07.430289600
547,ENCLOSURE_FEE_VIP,75.0,17,Recinto VIP,2026-05-21T14:45:07.430289600
586,SOUVENIR,15.0,18,Recinto Central,2026-05-21T14:45:07.430289600
548,ENCLOSURE_FEE_VIP,75.0,18,Recinto VIP,2026-05-21T14:45:07.431657
513,ENCLOSURE_FEE_BASIC,10.0,19,Recinto Básico,2026-05-21T14:45:07.431657
549,ENCLOSURE_FEE_VIP,75.0,20,Recinto VIP,2026-05-21T14:45:07.431657
550,ENCLOSURE_FEE_VIP,75.0,21,Recinto VIP,2026-05-21T14:45:07.432959
587,SOUVENIR,15.0,22,Recinto Central,2026-05-21T14:45:07.432959
551,ENCLOSURE_FEE_VIP,75.0,22,Recinto VIP,2026-05-21T14:45:07.432959
552,ENCLOSURE_FEE_VIP,75.0,23,Recinto VIP,2026-05-21T14:45:07.434200900
504,ENCLOSURE_FEE_PREMIUM,30.0,24,Recinto Premium,2026-05-21T14:45:07.434200900
588,SOUVENIR,15.0,25,Recinto Central,2026-05-21T14:45:07.435420
553,ENCLOSURE_FEE_VIP,75.0,25,Recinto VIP,2026-05-21T14:45:07.435420
505,ENCLOSURE_FEE_PREMIUM,30.0,26,Recinto Premium,2026-05-21T14:45:07.436689600
514,ENCLOSURE_FEE_BASIC,10.0,27,Recinto Básico,2026-05-21T14:45:07.436689600
589,SOUVENIR,15.0,28,Recinto Central,2026-05-21T14:45:07.437839100
554,ENCLOSURE_FEE_VIP,75.0,28,Recinto VIP,2026-05-21T14:45:07.437839100
590,SOUVENIR,15.0,29,Recinto Central,2026-05-21T14:45:07.437839100
506,ENCLOSURE_FEE_PREMIUM,30.0,29,Recinto Premium,2026-05-21T14:45:07.437839100
507,ENCLOSURE_FEE_PREMIUM,30.0,30,Recinto Premium,2026-05-21T14:45:07.439147700
555,ENCLOSURE_FEE_VIP,75.0,1,Recinto VIP,2026-05-21T14:45:07.440156300
591,SOUVENIR,15.0,2,Recinto Central,2026-05-21T14:45:07.440156300
508,ENCLOSURE_FEE_PREMIUM,30.0,2,Recinto Premium,2026-05-21T14:45:07.441150300
509,ENCLOSURE_FEE_PREMIUM,30.0,3,Recinto Premium,2026-05-21T14:45:07.441150300
592,SOUVENIR,15.0,4,Recinto Central,2026-05-21T14:45:07.442151800
556,ENCLOSURE_FEE_VIP,75.0,4,Recinto VIP,2026-05-21T14:45:07.442151800
593,SOUVENIR,15.0,5,Recinto Central,2026-05-21T14:45:07.442151800
515,ENCLOSURE_FEE_BASIC,10.0,5,Recinto Básico,2026-05-21T14:45:07.443153100
594,SOUVENIR,15.0,6,Recinto Central,2026-05-21T14:45:07.443153100
557,ENCLOSURE_FEE_VIP,75.0,6,Recinto VIP,2026-05-21T14:45:07.444151300
558,ENCLOSURE_FEE_VIP,75.0,7,Recinto VIP,2026-05-21T14:45:07.444151300
595,SOUVENIR,15.0,8,Recinto Central,2026-05-21T14:45:07.445151400
36,SPA_SERVICE,20.0,8,Baños y SPA,2026-05-21T14:45:07.445151400
559,ENCLOSURE_FEE_VIP,75.0,8,Recinto VIP,2026-05-21T14:45:07.446153500
510,ENCLOSURE_FEE_PREMIUM,30.0,9,Recinto Premium,2026-05-21T14:45:07.446153500
511,ENCLOSURE_FEE_PREMIUM,30.0,10,Recinto Premium,2026-05-21T14:45:07.446153500
516,ENCLOSURE_FEE_BASIC,10.0,11,Recinto Básico,2026-05-21T14:45:07.447152600
517,ENCLOSURE_FEE_BASIC,10.0,12,Recinto Básico,2026-05-21T14:45:07.447152600
518,ENCLOSURE_FEE_BASIC,10.0,13,Recinto Básico,2026-05-21T14:45:07.448668
596,SOUVENIR,15.0,14,Recinto Central,2026-05-21T14:45:07.448668
560,ENCLOSURE_FEE_VIP,75.0,14,Recinto VIP,2026-05-21T14:45:07.449683300
597,SOUVENIR,15.0,15,Recinto Central,2026-05-21T14:45:07.449683300
519,ENCLOSURE_FEE_BASIC,10.0,15,Recinto Básico,2026-05-21T14:45:07.450684600
561,ENCLOSURE_FEE_VIP,75.0,16,Recinto VIP,2026-05-21T14:45:07.450684600
598,SOUVENIR,15.0,17,Recinto Central,2026-05-21T14:45:07.451684800
512,ENCLOSURE_FEE_PREMIUM,30.0,17,Recinto Premium,2026-05-21T14:45:07.451684800
520,ENCLOSURE_FEE_BASIC,10.0,18,Recinto Básico,2026-05-21T14:45:07.452694100
562,ENCLOSURE_FEE_VIP,75.0,19,Recinto VIP,2026-05-21T14:45:07.452694100
599,SOUVENIR,15.0,20,Recinto Central,2026-05-21T14:45:07.453715200
563,ENCLOSURE_FEE_VIP,75.0,20,Recinto VIP,2026-05-21T14:45:07.454712100
521,ENCLOSURE_FEE_BASIC,10.0,21,Recinto Básico,2026-05-21T14:45:07.454712100
564,ENCLOSURE_FEE_VIP,75.0,22,Recinto VIP,2026-05-21T14:45:07.454712100
600,SOUVENIR,15.0,23,Recinto Central,2026-05-21T14:45:07.455713300
565,ENCLOSURE_FEE_VIP,75.0,23,Recinto VIP,2026-05-21T14:45:07.455713300
601,SOUVENIR,15.0,24,Recinto Central,2026-05-21T14:45:07.456712900
513,ENCLOSURE_FEE_PREMIUM,30.0,24,Recinto Premium,2026-05-21T14:45:07.456712900
566,ENCLOSURE_FEE_VIP,75.0,25,Recinto VIP,2026-05-21T14:45:07.456712900
567,ENCLOSURE_FEE_VIP,75.0,26,Recinto VIP,2026-05-21T14:45:07.457712100
602,SOUVENIR,15.0,27,Recinto Central,2026-05-21T14:45:07.457712100
568,ENCLOSURE_FEE_VIP,75.0,27,Recinto VIP,2026-05-21T14:45:07.458707800
569,ENCLOSURE_FEE_VIP,75.0,28,Recinto VIP,2026-05-21T14:45:07.458707800
514,ENCLOSURE_FEE_PREMIUM,30.0,29,Recinto Premium,2026-05-21T14:45:07.458707800
522,ENCLOSURE_FEE_BASIC,10.0,30,Recinto Básico,2026-05-21T14:45:07.459713400
570,ENCLOSURE_FEE_VIP,75.0,1,Recinto VIP,2026-05-21T14:45:07.460719100
571,ENCLOSURE_FEE_VIP,75.0,2,Recinto VIP,2026-05-21T14:45:07.461846800
523,ENCLOSURE_FEE_BASIC,10.0,3,Recinto Básico,2026-05-21T14:45:07.461846800
524,ENCLOSURE_FEE_BASIC,10.0,4,Recinto Básico,2026-05-21T14:45:07.461846800
572,ENCLOSURE_FEE_VIP,75.0,5,Recinto VIP,2026-05-21T14:45:07.461846800
603,SOUVENIR,15.0,6,Recinto Central,2026-05-21T14:45:07.463360600
573,ENCLOSURE_FEE_VIP,75.0,6,Recinto VIP,2026-05-21T14:45:07.463360600
515,ENCLOSURE_FEE_PREMIUM,30.0,7,Recinto Premium,2026-05-21T14:45:07.464385200
574,ENCLOSURE_FEE_VIP,75.0,8,Recinto VIP,2026-05-21T14:45:07.464385200
516,ENCLOSURE_FEE_PREMIUM,30.0,9,Recinto Premium,2026-05-21T14:45:07.464385200
525,ENCLOSURE_FEE_BASIC,10.0,10,Recinto Básico,2026-05-21T14:45:07.464385200
604,SOUVENIR,15.0,11,Recinto Central,2026-05-21T14:45:07.465861600
517,ENCLOSURE_FEE_PREMIUM,30.0,11,Recinto Premium,2026-05-21T14:45:07.465861600
575,ENCLOSURE_FEE_VIP,75.0,12,Recinto VIP,2026-05-21T14:45:07.467270700
518,ENCLOSURE_FEE_PREMIUM,30.0,13,Recinto Premium,2026-05-21T14:45:07.467777700
605,SOUVENIR,15.0,14,Recinto Central,2026-05-21T14:45:07.467777700
526,ENCLOSURE_FEE_BASIC,10.0,14,Recinto Básico,2026-05-21T14:45:07.467777700
519,ENCLOSURE_FEE_PREMIUM,30.0,15,Recinto Premium,2026-05-21T14:45:07.468810100
606,SOUVENIR,15.0,16,Recinto Central,2026-05-21T14:45:07.469813800
520,ENCLOSURE_FEE_PREMIUM,30.0,16,Recinto Premium,2026-05-21T14:45:07.470820600
607,SOUVENIR,15.0,17,Recinto Central,2026-05-21T14:45:07.470820600
521,ENCLOSURE_FEE_PREMIUM,30.0,17,Recinto Premium,2026-05-21T14:45:07.470820600
576,ENCLOSURE_FEE_VIP,75.0,18,Recinto VIP,2026-05-21T14:45:07.471806400
608,SOUVENIR,15.0,19,Recinto Central,2026-05-21T14:45:07.471806400
577,ENCLOSURE_FEE_VIP,75.0,19,Recinto VIP,2026-05-21T14:45:07.471806400
527,ENCLOSURE_FEE_BASIC,10.0,20,Recinto Básico,2026-05-21T14:45:07.473233500
528,ENCLOSURE_FEE_BASIC,10.0,21,Recinto Básico,2026-05-21T14:45:07.473233500
529,ENCLOSURE_FEE_BASIC,10.0,22,Recinto Básico,2026-05-21T14:45:07.473233500
522,ENCLOSURE_FEE_PREMIUM,30.0,23,Recinto Premium,2026-05-21T14:45:07.474508900
609,SOUVENIR,15.0,24,Recinto Central,2026-05-21T14:45:07.474508900
530,ENCLOSURE_FEE_BASIC,10.0,24,Recinto Básico,2026-05-21T14:45:07.475514700
531,ENCLOSURE_FEE_BASIC,10.0,25,Recinto Básico,2026-05-21T14:45:07.475514700
578,ENCLOSURE_FEE_VIP,75.0,26,Recinto VIP,2026-05-21T14:45:07.476903900
610,SOUVENIR,15.0,27,Recinto Central,2026-05-21T14:45:07.476903900
579,ENCLOSURE_FEE_VIP,75.0,27,Recinto VIP,2026-05-21T14:45:07.477909700
580,ENCLOSURE_FEE_VIP,75.0,28,Recinto VIP,2026-05-21T14:45:07.477909700
523,ENCLOSURE_FEE_PREMIUM,30.0,29,Recinto Premium,2026-05-21T14:45:07.479223
581,ENCLOSURE_FEE_VIP,75.0,30,Recinto VIP,2026-05-21T14:45:07.479223
582,ENCLOSURE_FEE_VIP,75.0,1,Recinto VIP,2026-05-21T14:45:07.481225500
583,ENCLOSURE_FEE_VIP,75.0,2,Recinto VIP,2026-05-21T14:45:07.481225500
584,ENCLOSURE_FEE_VIP,75.0,3,Recinto VIP,2026-05-21T14:45:07.482220800
585,ENCLOSURE_FEE_VIP,75.0,4,Recinto VIP,2026-05-21T14:45:07.482220800
586,ENCLOSURE_FEE_VIP,75.0,5,Recinto VIP,2026-05-21T14:45:07.483546800
524,ENCLOSURE_FEE_PREMIUM,30.0,6,Recinto Premium,2026-05-21T14:45:07.483546800
525,ENCLOSURE_FEE_PREMIUM,30.0,7,Recinto Premium,2026-05-21T14:45:07.483546800
611,SOUVENIR,15.0,8,Recinto Central,2026-05-21T14:45:07.484893700
526,ENCLOSURE_FEE_PREMIUM,30.0,8,Recinto Premium,2026-05-21T14:45:07.484893700
612,SOUVENIR,15.0,9,Recinto Central,2026-05-21T14:45:07.484893700
532,ENCLOSURE_FEE_BASIC,10.0,9,Recinto Básico,2026-05-21T14:45:07.486240600
527,ENCLOSURE_FEE_PREMIUM,30.0,10,Recinto Premium,2026-05-21T14:45:07.487241600
613,SOUVENIR,15.0,11,Recinto Central,2026-05-21T14:45:07.487241600
533,ENCLOSURE_FEE_BASIC,10.0,11,Recinto Básico,2026-05-21T14:45:07.488341
587,ENCLOSURE_FEE_VIP,75.0,12,Recinto VIP,2026-05-21T14:45:07.488341
614,SOUVENIR,15.0,13,Recinto Central,2026-05-21T14:45:07.489346200
534,ENCLOSURE_FEE_BASIC,10.0,13,Recinto Básico,2026-05-21T14:45:07.489346200
588,ENCLOSURE_FEE_VIP,75.0,14,Recinto VIP,2026-05-21T14:45:07.489346200
528,ENCLOSURE_FEE_PREMIUM,30.0,15,Recinto Premium,2026-05-21T14:45:07.490343500
615,SOUVENIR,15.0,16,Recinto Central,2026-05-21T14:45:07.490343500
589,ENCLOSURE_FEE_VIP,75.0,16,Recinto VIP,2026-05-21T14:45:07.490343500
616,SOUVENIR,15.0,17,Recinto Central,2026-05-21T14:45:07.490343500
529,ENCLOSURE_FEE_PREMIUM,30.0,17,Recinto Premium,2026-05-21T14:45:07.491738100
590,ENCLOSURE_FEE_VIP,75.0,18,Recinto VIP,2026-05-21T14:45:07.491738100
617,SOUVENIR,15.0,19,Recinto Central,2026-05-21T14:45:07.491738100
591,ENCLOSURE_FEE_VIP,75.0,19,Recinto VIP,2026-05-21T14:45:07.491738100
618,SOUVENIR,15.0,20,Recinto Central,2026-05-21T14:45:07.492922800
592,ENCLOSURE_FEE_VIP,75.0,20,Recinto VIP,2026-05-21T14:45:07.492922800
593,ENCLOSURE_FEE_VIP,75.0,21,Recinto VIP,2026-05-21T14:45:07.492922800
535,ENCLOSURE_FEE_BASIC,10.0,22,Recinto Básico,2026-05-21T14:45:07.492922800
536,ENCLOSURE_FEE_BASIC,10.0,23,Recinto Básico,2026-05-21T14:45:07.494150600
619,SOUVENIR,15.0,24,Recinto Central,2026-05-21T14:45:07.494150600
537,ENCLOSURE_FEE_BASIC,10.0,24,Recinto Básico,2026-05-21T14:45:07.494150600
530,ENCLOSURE_FEE_PREMIUM,30.0,25,Recinto Premium,2026-05-21T14:45:07.494150600
620,SOUVENIR,15.0,26,Recinto Central,2026-05-21T14:45:07.495264
531,ENCLOSURE_FEE_PREMIUM,30.0,26,Recinto Premium,2026-05-21T14:45:07.495264
594,ENCLOSURE_FEE_VIP,75.0,27,Recinto VIP,2026-05-21T14:45:07.495264
532,ENCLOSURE_FEE_PREMIUM,30.0,28,Recinto Premium,2026-05-21T14:45:07.496299400
533,ENCLOSURE_FEE_PREMIUM,30.0,29,Recinto Premium,2026-05-21T14:45:07.496299400
621,SOUVENIR,15.0,30,Recinto Central,2026-05-21T14:45:07.496299400
534,ENCLOSURE_FEE_PREMIUM,30.0,30,Recinto Premium,2026-05-21T14:45:07.496299400
622,SOUVENIR,15.0,1,Recinto Central,2026-05-21T14:45:07.498290100
535,ENCLOSURE_FEE_PREMIUM,30.0,1,Recinto Premium,2026-05-21T14:45:07.499304400
538,ENCLOSURE_FEE_BASIC,10.0,2,Recinto Básico,2026-05-21T14:45:07.499304400
623,SOUVENIR,15.0,3,Recinto Central,2026-05-21T14:45:07.499304400
536,ENCLOSURE_FEE_PREMIUM,30.0,3,Recinto Premium,2026-05-21T14:45:07.500324400
595,ENCLOSURE_FEE_VIP,75.0,4,Recinto VIP,2026-05-21T14:45:07.501283300
596,ENCLOSURE_FEE_VIP,75.0,5,Recinto VIP,2026-05-21T14:45:07.501283300
624,SOUVENIR,15.0,6,Recinto Central,2026-05-21T14:45:07.502414800
539,ENCLOSURE_FEE_BASIC,10.0,6,Recinto Básico,2026-05-21T14:45:07.502973500
625,SOUVENIR,15.0,7,Recinto Central,2026-05-21T14:45:07.503543400
537,ENCLOSURE_FEE_PREMIUM,30.0,7,Recinto Premium,2026-05-21T14:45:07.504698400
626,SOUVENIR,15.0,8,Recinto Central,2026-05-21T14:45:07.504698400
540,ENCLOSURE_FEE_BASIC,10.0,8,Recinto Básico,2026-05-21T14:45:07.505717900
627,SOUVENIR,15.0,9,Recinto Central,2026-05-21T14:45:07.506229400
37,SPA_SERVICE,20.0,9,Baños y SPA,2026-05-21T14:45:07.506754200
541,ENCLOSURE_FEE_BASIC,10.0,9,Recinto Básico,2026-05-21T14:45:07.506754200
538,ENCLOSURE_FEE_PREMIUM,30.0,10,Recinto Premium,2026-05-21T14:45:07.507315900
597,ENCLOSURE_FEE_VIP,75.0,11,Recinto VIP,2026-05-21T14:45:07.507837600
542,ENCLOSURE_FEE_BASIC,10.0,12,Recinto Básico,2026-05-21T14:45:07.508398700
598,ENCLOSURE_FEE_VIP,75.0,13,Recinto VIP,2026-05-21T14:45:07.508955
543,ENCLOSURE_FEE_BASIC,10.0,14,Recinto Básico,2026-05-21T14:45:07.510072200
539,ENCLOSURE_FEE_PREMIUM,30.0,15,Recinto Premium,2026-05-21T14:45:07.510600300
599,ENCLOSURE_FEE_VIP,75.0,16,Recinto VIP,2026-05-21T14:45:07.510600300
540,ENCLOSURE_FEE_PREMIUM,30.0,17,Recinto Premium,2026-05-21T14:45:07.511172100
544,ENCLOSURE_FEE_BASIC,10.0,18,Recinto Básico,2026-05-21T14:45:07.511741800
545,ENCLOSURE_FEE_BASIC,10.0,19,Recinto Básico,2026-05-21T14:45:07.512317
628,SOUVENIR,15.0,20,Recinto Central,2026-05-21T14:45:07.512317
541,ENCLOSURE_FEE_PREMIUM,30.0,20,Recinto Premium,2026-05-21T14:45:07.512871500
629,SOUVENIR,15.0,21,Recinto Central,2026-05-21T14:45:07.512871500
542,ENCLOSURE_FEE_PREMIUM,30.0,21,Recinto Premium,2026-05-21T14:45:07.513421300
630,SOUVENIR,15.0,22,Recinto Central,2026-05-21T14:45:07.513979900
543,ENCLOSURE_FEE_PREMIUM,30.0,22,Recinto Premium,2026-05-21T14:45:07.514525500
631,SOUVENIR,15.0,23,Recinto Central,2026-05-21T14:45:07.515069400
544,ENCLOSURE_FEE_PREMIUM,30.0,23,Recinto Premium,2026-05-21T14:45:07.515640700
546,ENCLOSURE_FEE_BASIC,10.0,24,Recinto Básico,2026-05-21T14:45:07.516880
600,ENCLOSURE_FEE_VIP,75.0,25,Recinto VIP,2026-05-21T14:45:07.516880
547,ENCLOSURE_FEE_BASIC,10.0,26,Recinto Básico,2026-05-21T14:45:07.517448800
632,SOUVENIR,15.0,27,Recinto Central,2026-05-21T14:45:07.518001300
548,ENCLOSURE_FEE_BASIC,10.0,27,Recinto Básico,2026-05-21T14:45:07.518577
601,ENCLOSURE_FEE_VIP,75.0,28,Recinto VIP,2026-05-21T14:45:07.519149200
633,SOUVENIR,15.0,29,Recinto Central,2026-05-21T14:45:07.519149200
549,ENCLOSURE_FEE_BASIC,10.0,29,Recinto Básico,2026-05-21T14:45:07.520164100
634,SOUVENIR,15.0,30,Recinto Central,2026-05-21T14:45:07.521205
550,ENCLOSURE_FEE_BASIC,10.0,30,Recinto Básico,2026-05-21T14:45:07.521205
602,ENCLOSURE_FEE_VIP,75.0,1,Recinto VIP,2026-05-21T14:45:07.523977100
603,ENCLOSURE_FEE_VIP,75.0,2,Recinto VIP,2026-05-21T14:45:07.523977100
635,SOUVENIR,15.0,3,Recinto Central,2026-05-21T14:45:07.524990100
545,ENCLOSURE_FEE_PREMIUM,30.0,3,Recinto Premium,2026-05-21T14:45:07.524990100
551,ENCLOSURE_FEE_BASIC,10.0,4,Recinto Básico,2026-05-21T14:45:07.524990100
604,ENCLOSURE_FEE_VIP,75.0,5,Recinto VIP,2026-05-21T14:45:07.525990
546,ENCLOSURE_FEE_PREMIUM,30.0,6,Recinto Premium,2026-05-21T14:45:07.525990
636,SOUVENIR,15.0,7,Recinto Central,2026-05-21T14:45:07.525990
552,ENCLOSURE_FEE_BASIC,10.0,7,Recinto Básico,2026-05-21T14:45:07.526989200
637,SOUVENIR,15.0,8,Recinto Central,2026-05-21T14:45:07.526989200
547,ENCLOSURE_FEE_PREMIUM,30.0,8,Recinto Premium,2026-05-21T14:45:07.527989
638,SOUVENIR,15.0,9,Recinto Central,2026-05-21T14:45:07.527989
548,ENCLOSURE_FEE_PREMIUM,30.0,9,Recinto Premium,2026-05-21T14:45:07.528990700
605,ENCLOSURE_FEE_VIP,75.0,10,Recinto VIP,2026-05-21T14:45:07.528990700
549,ENCLOSURE_FEE_PREMIUM,30.0,11,Recinto Premium,2026-05-21T14:45:07.528990700
553,ENCLOSURE_FEE_BASIC,10.0,12,Recinto Básico,2026-05-21T14:45:07.529988800
606,ENCLOSURE_FEE_VIP,75.0,13,Recinto VIP,2026-05-21T14:45:07.529988800
639,SOUVENIR,15.0,14,Recinto Central,2026-05-21T14:45:07.529988800
607,ENCLOSURE_FEE_VIP,75.0,14,Recinto VIP,2026-05-21T14:45:07.530990900
554,ENCLOSURE_FEE_BASIC,10.0,15,Recinto Básico,2026-05-21T14:45:07.530990900
550,ENCLOSURE_FEE_PREMIUM,30.0,16,Recinto Premium,2026-05-21T14:45:07.530990900
640,SOUVENIR,15.0,17,Recinto Central,2026-05-21T14:45:07.532359100
555,ENCLOSURE_FEE_BASIC,10.0,17,Recinto Básico,2026-05-21T14:45:07.532359100
641,SOUVENIR,15.0,18,Recinto Central,2026-05-21T14:45:07.532359100
608,ENCLOSURE_FEE_VIP,75.0,18,Recinto VIP,2026-05-21T14:45:07.533364300
642,SOUVENIR,15.0,19,Recinto Central,2026-05-21T14:45:07.533364300
556,ENCLOSURE_FEE_BASIC,10.0,19,Recinto Básico,2026-05-21T14:45:07.534491200
551,ENCLOSURE_FEE_PREMIUM,30.0,20,Recinto Premium,2026-05-21T14:45:07.534491200
643,SOUVENIR,15.0,21,Recinto Central,2026-05-21T14:45:07.535504800
609,ENCLOSURE_FEE_VIP,75.0,21,Recinto VIP,2026-05-21T14:45:07.535504800
610,ENCLOSURE_FEE_VIP,75.0,22,Recinto VIP,2026-05-21T14:45:07.536654900
557,ENCLOSURE_FEE_BASIC,10.0,23,Recinto Básico,2026-05-21T14:45:07.536654900
644,SOUVENIR,15.0,24,Recinto Central,2026-05-21T14:45:07.537733500
558,ENCLOSURE_FEE_BASIC,10.0,24,Recinto Básico,2026-05-21T14:45:07.537733500
611,ENCLOSURE_FEE_VIP,75.0,25,Recinto VIP,2026-05-21T14:45:07.538733500
552,ENCLOSURE_FEE_PREMIUM,30.0,26,Recinto Premium,2026-05-21T14:45:07.538733500
612,ENCLOSURE_FEE_VIP,75.0,27,Recinto VIP,2026-05-21T14:45:07.538733500
553,ENCLOSURE_FEE_PREMIUM,30.0,28,Recinto Premium,2026-05-21T14:45:07.540023600
645,SOUVENIR,15.0,29,Recinto Central,2026-05-21T14:45:07.540023600
613,ENCLOSURE_FEE_VIP,75.0,29,Recinto VIP,2026-05-21T14:45:07.540023600
614,ENCLOSURE_FEE_VIP,75.0,30,Recinto VIP,2026-05-21T14:45:07.541027700
615,ENCLOSURE_FEE_VIP,75.0,1,Recinto VIP,2026-05-21T14:45:07.542025600
554,ENCLOSURE_FEE_PREMIUM,30.0,2,Recinto Premium,2026-05-21T14:45:07.542025600
646,SOUVENIR,15.0,3,Recinto Central,2026-05-21T14:45:07.543123200
559,ENCLOSURE_FEE_BASIC,10.0,3,Recinto Básico,2026-05-21T14:45:07.543123200
560,ENCLOSURE_FEE_BASIC,10.0,4,Recinto Básico,2026-05-21T14:45:07.543123200
555,ENCLOSURE_FEE_PREMIUM,30.0,5,Recinto Premium,2026-05-21T14:45:07.544126300
561,ENCLOSURE_FEE_BASIC,10.0,6,Recinto Básico,2026-05-21T14:45:07.544126300
647,SOUVENIR,15.0,7,Recinto Central,2026-05-21T14:45:07.545191200
556,ENCLOSURE_FEE_PREMIUM,30.0,7,Recinto Premium,2026-05-21T14:45:07.545191200
562,ENCLOSURE_FEE_BASIC,10.0,8,Recinto Básico,2026-05-21T14:45:07.545191200
563,ENCLOSURE_FEE_BASIC,10.0,9,Recinto Básico,2026-05-21T14:45:07.546194500
648,SOUVENIR,15.0,10,Recinto Central,2026-05-21T14:45:07.546194500
557,ENCLOSURE_FEE_PREMIUM,30.0,10,Recinto Premium,2026-05-21T14:45:07.547375200
649,SOUVENIR,15.0,11,Recinto Central,2026-05-21T14:45:07.547375200
558,ENCLOSURE_FEE_PREMIUM,30.0,11,Recinto Premium,2026-05-21T14:45:07.548380500
650,SOUVENIR,15.0,12,Recinto Central,2026-05-21T14:45:07.548380500
564,ENCLOSURE_FEE_BASIC,10.0,12,Recinto Básico,2026-05-21T14:45:07.548380500
616,ENCLOSURE_FEE_VIP,75.0,13,Recinto VIP,2026-05-21T14:45:07.548380500
559,ENCLOSURE_FEE_PREMIUM,30.0,14,Recinto Premium,2026-05-21T14:45:07.549881500
651,SOUVENIR,15.0,15,Recinto Central,2026-05-21T14:45:07.549881500
617,ENCLOSURE_FEE_VIP,75.0,15,Recinto VIP,2026-05-21T14:45:07.549881500
618,ENCLOSURE_FEE_VIP,75.0,16,Recinto VIP,2026-05-21T14:45:07.551096
652,SOUVENIR,15.0,17,Recinto Central,2026-05-21T14:45:07.551096
565,ENCLOSURE_FEE_BASIC,10.0,17,Recinto Básico,2026-05-21T14:45:07.551096
566,ENCLOSURE_FEE_BASIC,10.0,18,Recinto Básico,2026-05-21T14:45:07.552384900
560,ENCLOSURE_FEE_PREMIUM,30.0,19,Recinto Premium,2026-05-21T14:45:07.552384900
619,ENCLOSURE_FEE_VIP,75.0,20,Recinto VIP,2026-05-21T14:45:07.553401800
653,SOUVENIR,15.0,21,Recinto Central,2026-05-21T14:45:07.553401800
561,ENCLOSURE_FEE_PREMIUM,30.0,21,Recinto Premium,2026-05-21T14:45:07.553401800
567,ENCLOSURE_FEE_BASIC,10.0,22,Recinto Básico,2026-05-21T14:45:07.553401800
620,ENCLOSURE_FEE_VIP,75.0,23,Recinto VIP,2026-05-21T14:45:07.554899100
654,SOUVENIR,15.0,24,Recinto Central,2026-05-21T14:45:07.554899100
568,ENCLOSURE_FEE_BASIC,10.0,24,Recinto Básico,2026-05-21T14:45:07.554899100
569,ENCLOSURE_FEE_BASIC,10.0,25,Recinto Básico,2026-05-21T14:45:07.555900400
562,ENCLOSURE_FEE_PREMIUM,30.0,26,Recinto Premium,2026-05-21T14:45:07.555900400
655,SOUVENIR,15.0,27,Recinto Central,2026-05-21T14:45:07.555900400
570,ENCLOSURE_FEE_BASIC,10.0,27,Recinto Básico,2026-05-21T14:45:07.557072200
656,SOUVENIR,15.0,28,Recinto Central,2026-05-21T14:45:07.557072200
621,ENCLOSURE_FEE_VIP,75.0,28,Recinto VIP,2026-05-21T14:45:07.557072200
622,ENCLOSURE_FEE_VIP,75.0,29,Recinto VIP,2026-05-21T14:45:07.558077400
623,ENCLOSURE_FEE_VIP,75.0,30,Recinto VIP,2026-05-21T14:45:07.558077400
563,ENCLOSURE_FEE_PREMIUM,30.0,1,Recinto Premium,2026-05-21T14:45:07.559069800
624,ENCLOSURE_FEE_VIP,75.0,2,Recinto VIP,2026-05-21T14:45:07.560144200
657,SOUVENIR,15.0,3,Recinto Central,2026-05-21T14:45:07.560144200
625,ENCLOSURE_FEE_VIP,75.0,3,Recinto VIP,2026-05-21T14:45:07.560144200
658,SOUVENIR,15.0,4,Recinto Central,2026-05-21T14:45:07.561428400
626,ENCLOSURE_FEE_VIP,75.0,4,Recinto VIP,2026-05-21T14:45:07.561428400
564,ENCLOSURE_FEE_PREMIUM,30.0,5,Recinto Premium,2026-05-21T14:45:07.562429600
659,SOUVENIR,15.0,6,Recinto Central,2026-05-21T14:45:07.562429600
571,ENCLOSURE_FEE_BASIC,10.0,6,Recinto Básico,2026-05-21T14:45:07.563433400
38,SPA_SERVICE,20.0,7,Baños y SPA,2026-05-21T14:45:07.563433400
572,ENCLOSURE_FEE_BASIC,10.0,7,Recinto Básico,2026-05-21T14:45:07.564531600
660,SOUVENIR,15.0,8,Recinto Central,2026-05-21T14:45:07.564531600
573,ENCLOSURE_FEE_BASIC,10.0,8,Recinto Básico,2026-05-21T14:45:07.564531600
565,ENCLOSURE_FEE_PREMIUM,30.0,9,Recinto Premium,2026-05-21T14:45:07.565988300
574,ENCLOSURE_FEE_BASIC,10.0,10,Recinto Básico,2026-05-21T14:45:07.565988300
627,ENCLOSURE_FEE_VIP,75.0,11,Recinto VIP,2026-05-21T14:45:07.565988300
566,ENCLOSURE_FEE_PREMIUM,30.0,12,Recinto Premium,2026-05-21T14:45:07.567257200
628,ENCLOSURE_FEE_VIP,75.0,13,Recinto VIP,2026-05-21T14:45:07.567763200
629,ENCLOSURE_FEE_VIP,75.0,14,Recinto VIP,2026-05-21T14:45:07.567763200
575,ENCLOSURE_FEE_BASIC,10.0,15,Recinto Básico,2026-05-21T14:45:07.567763200
567,ENCLOSURE_FEE_PREMIUM,30.0,16,Recinto Premium,2026-05-21T14:45:07.569315900
576,ENCLOSURE_FEE_BASIC,10.0,17,Recinto Básico,2026-05-21T14:45:07.569315900
577,ENCLOSURE_FEE_BASIC,10.0,18,Recinto Básico,2026-05-21T14:45:07.570334700
661,SOUVENIR,15.0,19,Recinto Central,2026-05-21T14:45:07.570334700
568,ENCLOSURE_FEE_PREMIUM,30.0,19,Recinto Premium,2026-05-21T14:45:07.570334700
569,ENCLOSURE_FEE_PREMIUM,30.0,20,Recinto Premium,2026-05-21T14:45:07.571848700
630,ENCLOSURE_FEE_VIP,75.0,21,Recinto VIP,2026-05-21T14:45:07.571848700
570,ENCLOSURE_FEE_PREMIUM,30.0,22,Recinto Premium,2026-05-21T14:45:07.571848700
578,ENCLOSURE_FEE_BASIC,10.0,23,Recinto Básico,2026-05-21T14:45:07.572859100
662,SOUVENIR,15.0,24,Recinto Central,2026-05-21T14:45:07.572859100
571,ENCLOSURE_FEE_PREMIUM,30.0,24,Recinto Premium,2026-05-21T14:45:07.573861300
663,SOUVENIR,15.0,25,Recinto Central,2026-05-21T14:45:07.573861300
572,ENCLOSURE_FEE_PREMIUM,30.0,25,Recinto Premium,2026-05-21T14:45:07.574861600
631,ENCLOSURE_FEE_VIP,75.0,26,Recinto VIP,2026-05-21T14:45:07.574861600
632,ENCLOSURE_FEE_VIP,75.0,27,Recinto VIP,2026-05-21T14:45:07.576118400
664,SOUVENIR,15.0,28,Recinto Central,2026-05-21T14:45:07.576118400
573,ENCLOSURE_FEE_PREMIUM,30.0,28,Recinto Premium,2026-05-21T14:45:07.576118400
574,ENCLOSURE_FEE_PREMIUM,30.0,29,Recinto Premium,2026-05-21T14:45:07.576118400
665,SOUVENIR,15.0,30,Recinto Central,2026-05-21T14:45:07.577570400
579,ENCLOSURE_FEE_BASIC,10.0,30,Recinto Básico,2026-05-21T14:45:07.577570400
666,SOUVENIR,15.0,1,Recinto Central,2026-05-21T14:45:07.578568
575,ENCLOSURE_FEE_PREMIUM,30.0,1,Recinto Premium,2026-05-21T14:45:07.578568
667,SOUVENIR,15.0,2,Recinto Central,2026-05-21T14:45:07.579670500
633,ENCLOSURE_FEE_VIP,75.0,2,Recinto VIP,2026-05-21T14:45:07.579670500
668,SOUVENIR,15.0,3,Recinto Central,2026-05-21T14:45:07.579670500
634,ENCLOSURE_FEE_VIP,75.0,3,Recinto VIP,2026-05-21T14:45:07.580688200
580,ENCLOSURE_FEE_BASIC,10.0,4,Recinto Básico,2026-05-21T14:45:07.580688200
581,ENCLOSURE_FEE_BASIC,10.0,5,Recinto Básico,2026-05-21T14:45:07.581731900
669,SOUVENIR,15.0,6,Recinto Central,2026-05-21T14:45:07.581731900
635,ENCLOSURE_FEE_VIP,75.0,6,Recinto VIP,2026-05-21T14:45:07.581731900
576,ENCLOSURE_FEE_PREMIUM,30.0,7,Recinto Premium,2026-05-21T14:45:07.581731900
582,ENCLOSURE_FEE_BASIC,10.0,8,Recinto Básico,2026-05-21T14:45:07.583058800
636,ENCLOSURE_FEE_VIP,75.0,9,Recinto VIP,2026-05-21T14:45:07.583058800
583,ENCLOSURE_FEE_BASIC,10.0,10,Recinto Básico,2026-05-21T14:45:07.583058800
670,SOUVENIR,15.0,11,Recinto Central,2026-05-21T14:45:07.583058800
637,ENCLOSURE_FEE_VIP,75.0,11,Recinto VIP,2026-05-21T14:45:07.584071300
584,ENCLOSURE_FEE_BASIC,10.0,12,Recinto Básico,2026-05-21T14:45:07.584071300
638,ENCLOSURE_FEE_VIP,75.0,13,Recinto VIP,2026-05-21T14:45:07.584071300
671,SOUVENIR,15.0,14,Recinto Central,2026-05-21T14:45:07.584071300
639,ENCLOSURE_FEE_VIP,75.0,14,Recinto VIP,2026-05-21T14:45:07.585346900
577,ENCLOSURE_FEE_PREMIUM,30.0,15,Recinto Premium,2026-05-21T14:45:07.585346900
578,ENCLOSURE_FEE_PREMIUM,30.0,16,Recinto Premium,2026-05-21T14:45:07.586339700
672,SOUVENIR,15.0,17,Recinto Central,2026-05-21T14:45:07.587342600
579,ENCLOSURE_FEE_PREMIUM,30.0,17,Recinto Premium,2026-05-21T14:45:07.587342600
580,ENCLOSURE_FEE_PREMIUM,30.0,18,Recinto Premium,2026-05-21T14:45:07.587342600
585,ENCLOSURE_FEE_BASIC,10.0,19,Recinto Básico,2026-05-21T14:45:07.588343200
581,ENCLOSURE_FEE_PREMIUM,30.0,20,Recinto Premium,2026-05-21T14:45:07.588343200
673,SOUVENIR,15.0,21,Recinto Central,2026-05-21T14:45:07.589336200
582,ENCLOSURE_FEE_PREMIUM,30.0,21,Recinto Premium,2026-05-21T14:45:07.589336200
640,ENCLOSURE_FEE_VIP,75.0,22,Recinto VIP,2026-05-21T14:45:07.589336200
641,ENCLOSURE_FEE_VIP,75.0,23,Recinto VIP,2026-05-21T14:45:07.590336700
642,ENCLOSURE_FEE_VIP,75.0,24,Recinto VIP,2026-05-21T14:45:07.591339600
674,SOUVENIR,15.0,25,Recinto Central,2026-05-21T14:45:07.591339600
586,ENCLOSURE_FEE_BASIC,10.0,25,Recinto Básico,2026-05-21T14:45:07.592592700
643,ENCLOSURE_FEE_VIP,75.0,26,Recinto VIP,2026-05-21T14:45:07.592592700
644,ENCLOSURE_FEE_VIP,75.0,27,Recinto VIP,2026-05-21T14:45:07.593589500
675,SOUVENIR,15.0,28,Recinto Central,2026-05-21T14:45:07.593589500
645,ENCLOSURE_FEE_VIP,75.0,28,Recinto VIP,2026-05-21T14:45:07.593589500
583,ENCLOSURE_FEE_PREMIUM,30.0,29,Recinto Premium,2026-05-21T14:45:07.593589500
587,ENCLOSURE_FEE_BASIC,10.0,30,Recinto Básico,2026-05-21T14:45:07.594906700
584,ENCLOSURE_FEE_PREMIUM,30.0,1,Recinto Premium,2026-05-21T14:45:07.597243100
39,SPA_SERVICE,20.0,2,Baños y SPA,2026-05-21T14:45:07.597243100
585,ENCLOSURE_FEE_PREMIUM,30.0,2,Recinto Premium,2026-05-21T14:45:07.597243100
40,SPA_SERVICE,20.0,3,Baños y SPA,2026-05-21T14:45:07.597243100
646,ENCLOSURE_FEE_VIP,75.0,3,Recinto VIP,2026-05-21T14:45:07.598755100
588,ENCLOSURE_FEE_BASIC,10.0,4,Recinto Básico,2026-05-21T14:45:07.598755100
676,SOUVENIR,15.0,5,Recinto Central,2026-05-21T14:45:07.598755100
41,SPA_SERVICE,20.0,5,Baños y SPA,2026-05-21T14:45:07.598755100
589,ENCLOSURE_FEE_BASIC,10.0,5,Recinto Básico,2026-05-21T14:45:07.600038600
677,SOUVENIR,15.0,6,Recinto Central,2026-05-21T14:45:07.600038600
590,ENCLOSURE_FEE_BASIC,10.0,6,Recinto Básico,2026-05-21T14:45:07.600038600
586,ENCLOSURE_FEE_PREMIUM,30.0,7,Recinto Premium,2026-05-21T14:45:07.601040100
587,ENCLOSURE_FEE_PREMIUM,30.0,8,Recinto Premium,2026-05-21T14:45:07.601040100
647,ENCLOSURE_FEE_VIP,75.0,9,Recinto VIP,2026-05-21T14:45:07.602039900
591,ENCLOSURE_FEE_BASIC,10.0,10,Recinto Básico,2026-05-21T14:45:07.602039900
588,ENCLOSURE_FEE_PREMIUM,30.0,11,Recinto Premium,2026-05-21T14:45:07.603045100
592,ENCLOSURE_FEE_BASIC,10.0,12,Recinto Básico,2026-05-21T14:45:07.603045100
648,ENCLOSURE_FEE_VIP,75.0,13,Recinto VIP,2026-05-21T14:45:07.603045100
589,ENCLOSURE_FEE_PREMIUM,30.0,14,Recinto Premium,2026-05-21T14:45:07.604455500
590,ENCLOSURE_FEE_PREMIUM,30.0,15,Recinto Premium,2026-05-21T14:45:07.604455500
591,ENCLOSURE_FEE_PREMIUM,30.0,16,Recinto Premium,2026-05-21T14:45:07.604455500
678,SOUVENIR,15.0,17,Recinto Central,2026-05-21T14:45:07.605456200
649,ENCLOSURE_FEE_VIP,75.0,17,Recinto VIP,2026-05-21T14:45:07.605456200
650,ENCLOSURE_FEE_VIP,75.0,18,Recinto VIP,2026-05-21T14:45:07.606464500
679,SOUVENIR,15.0,19,Recinto Central,2026-05-21T14:45:07.606464500
651,ENCLOSURE_FEE_VIP,75.0,19,Recinto VIP,2026-05-21T14:45:07.607699300
680,SOUVENIR,15.0,20,Recinto Central,2026-05-21T14:45:07.608700300
592,ENCLOSURE_FEE_PREMIUM,30.0,20,Recinto Premium,2026-05-21T14:45:07.608700300
652,ENCLOSURE_FEE_VIP,75.0,21,Recinto VIP,2026-05-21T14:45:07.609703900
593,ENCLOSURE_FEE_PREMIUM,30.0,22,Recinto Premium,2026-05-21T14:45:07.609703900
653,ENCLOSURE_FEE_VIP,75.0,23,Recinto VIP,2026-05-21T14:45:07.609703900
594,ENCLOSURE_FEE_PREMIUM,30.0,24,Recinto Premium,2026-05-21T14:45:07.610699900
593,ENCLOSURE_FEE_BASIC,10.0,25,Recinto Básico,2026-05-21T14:45:07.610699900
681,SOUVENIR,15.0,26,Recinto Central,2026-05-21T14:45:07.610699900
594,ENCLOSURE_FEE_BASIC,10.0,26,Recinto Básico,2026-05-21T14:45:07.610699900
682,SOUVENIR,15.0,27,Recinto Central,2026-05-21T14:45:07.612025500
654,ENCLOSURE_FEE_VIP,75.0,27,Recinto VIP,2026-05-21T14:45:07.612025500
683,SOUVENIR,15.0,28,Recinto Central,2026-05-21T14:45:07.612025500
595,ENCLOSURE_FEE_BASIC,10.0,28,Recinto Básico,2026-05-21T14:45:07.613217300
596,ENCLOSURE_FEE_BASIC,10.0,29,Recinto Básico,2026-05-21T14:45:07.613217300
595,ENCLOSURE_FEE_PREMIUM,30.0,30,Recinto Premium,2026-05-21T14:45:07.613217300
684,SOUVENIR,15.0,1,Recinto Central,2026-05-21T14:45:07.614472700
597,ENCLOSURE_FEE_BASIC,10.0,1,Recinto Básico,2026-05-21T14:45:07.614472700
596,ENCLOSURE_FEE_PREMIUM,30.0,2,Recinto Premium,2026-05-21T14:45:07.615594800
685,SOUVENIR,15.0,3,Recinto Central,2026-05-21T14:45:07.615594800
598,ENCLOSURE_FEE_BASIC,10.0,3,Recinto Básico,2026-05-21T14:45:07.616591800
686,SOUVENIR,15.0,4,Recinto Central,2026-05-21T14:45:07.616591800
655,ENCLOSURE_FEE_VIP,75.0,4,Recinto VIP,2026-05-21T14:45:07.616591800
687,SOUVENIR,15.0,5,Recinto Central,2026-05-21T14:45:07.616591800
656,ENCLOSURE_FEE_VIP,75.0,5,Recinto VIP,2026-05-21T14:45:07.617930700
688,SOUVENIR,15.0,6,Recinto Central,2026-05-21T14:45:07.617930700
42,SPA_SERVICE,20.0,6,Baños y SPA,2026-05-21T14:45:07.617930700
599,ENCLOSURE_FEE_BASIC,10.0,6,Recinto Básico,2026-05-21T14:45:07.618957200
689,SOUVENIR,15.0,7,Recinto Central,2026-05-21T14:45:07.619999900
597,ENCLOSURE_FEE_PREMIUM,30.0,7,Recinto Premium,2026-05-21T14:45:07.619999900
598,ENCLOSURE_FEE_PREMIUM,30.0,8,Recinto Premium,2026-05-21T14:45:07.621074100
599,ENCLOSURE_FEE_PREMIUM,30.0,9,Recinto Premium,2026-05-21T14:45:07.621074100
690,SOUVENIR,15.0,10,Recinto Central,2026-05-21T14:45:07.621074100
43,SPA_SERVICE,20.0,10,Baños y SPA,2026-05-21T14:45:07.621074100
600,ENCLOSURE_FEE_BASIC,10.0,10,Recinto Básico,2026-05-21T14:45:07.622256200
657,ENCLOSURE_FEE_VIP,75.0,11,Recinto VIP,2026-05-21T14:45:07.622256200
601,ENCLOSURE_FEE_BASIC,10.0,12,Recinto Básico,2026-05-21T14:45:07.623255500
658,ENCLOSURE_FEE_VIP,75.0,13,Recinto VIP,2026-05-21T14:45:07.623255500
691,SOUVENIR,15.0,14,Recinto Central,2026-05-21T14:45:07.624423900
600,ENCLOSURE_FEE_PREMIUM,30.0,14,Recinto Premium,2026-05-21T14:45:07.624423900
659,ENCLOSURE_FEE_VIP,75.0,15,Recinto VIP,2026-05-21T14:45:07.624423900
602,ENCLOSURE_FEE_BASIC,10.0,16,Recinto Básico,2026-05-21T14:45:07.624423900
660,ENCLOSURE_FEE_VIP,75.0,17,Recinto VIP,2026-05-21T14:45:07.624423900
603,ENCLOSURE_FEE_BASIC,10.0,18,Recinto Básico,2026-05-21T14:45:07.625878400
604,ENCLOSURE_FEE_BASIC,10.0,19,Recinto Básico,2026-05-21T14:45:07.625878400
661,ENCLOSURE_FEE_VIP,75.0,20,Recinto VIP,2026-05-21T14:45:07.625878400
692,SOUVENIR,15.0,21,Recinto Central,2026-05-21T14:45:07.625878400
605,ENCLOSURE_FEE_BASIC,10.0,21,Recinto Básico,2026-05-21T14:45:07.627333800
662,ENCLOSURE_FEE_VIP,75.0,22,Recinto VIP,2026-05-21T14:45:07.627333800
663,ENCLOSURE_FEE_VIP,75.0,23,Recinto VIP,2026-05-21T14:45:07.628612600
693,SOUVENIR,15.0,24,Recinto Central,2026-05-21T14:45:07.628612600
606,ENCLOSURE_FEE_BASIC,10.0,24,Recinto Básico,2026-05-21T14:45:07.628612600
607,ENCLOSURE_FEE_BASIC,10.0,25,Recinto Básico,2026-05-21T14:45:07.628612600
664,ENCLOSURE_FEE_VIP,75.0,26,Recinto VIP,2026-05-21T14:45:07.629651600
694,SOUVENIR,15.0,27,Recinto Central,2026-05-21T14:45:07.629651600
608,ENCLOSURE_FEE_BASIC,10.0,27,Recinto Básico,2026-05-21T14:45:07.629651600
695,SOUVENIR,15.0,28,Recinto Central,2026-05-21T14:45:07.630987
601,ENCLOSURE_FEE_PREMIUM,30.0,28,Recinto Premium,2026-05-21T14:45:07.630987
696,SOUVENIR,15.0,29,Recinto Central,2026-05-21T14:45:07.630987
609,ENCLOSURE_FEE_BASIC,10.0,29,Recinto Básico,2026-05-21T14:45:07.632195400
665,ENCLOSURE_FEE_VIP,75.0,30,Recinto VIP,2026-05-21T14:45:07.632195400
697,SOUVENIR,15.0,1,Recinto Central,2026-05-21T14:45:07.632195400
610,ENCLOSURE_FEE_BASIC,10.0,1,Recinto Básico,2026-05-21T14:45:07.633573100
698,SOUVENIR,15.0,2,Recinto Central,2026-05-21T14:45:07.633573100
666,ENCLOSURE_FEE_VIP,75.0,2,Recinto VIP,2026-05-21T14:45:07.634583600
699,SOUVENIR,15.0,3,Recinto Central,2026-05-21T14:45:07.635582800
602,ENCLOSURE_FEE_PREMIUM,30.0,3,Recinto Premium,2026-05-21T14:45:07.635582800
700,SOUVENIR,15.0,4,Recinto Central,2026-05-21T14:45:07.635582800
667,ENCLOSURE_FEE_VIP,75.0,4,Recinto VIP,2026-05-21T14:45:07.635582800
701,SOUVENIR,15.0,5,Recinto Central,2026-05-21T14:45:07.637069500
668,ENCLOSURE_FEE_VIP,75.0,5,Recinto VIP,2026-05-21T14:45:07.637069500
702,SOUVENIR,15.0,6,Recinto Central,2026-05-21T14:45:07.637069500
603,ENCLOSURE_FEE_PREMIUM,30.0,6,Recinto Premium,2026-05-21T14:45:07.637069500
669,ENCLOSURE_FEE_VIP,75.0,7,Recinto VIP,2026-05-21T14:45:07.638324900
611,ENCLOSURE_FEE_BASIC,10.0,8,Recinto Básico,2026-05-21T14:45:07.638324900
703,SOUVENIR,15.0,9,Recinto Central,2026-05-21T14:45:07.638324900
604,ENCLOSURE_FEE_PREMIUM,30.0,9,Recinto Premium,2026-05-21T14:45:07.638324900
612,ENCLOSURE_FEE_BASIC,10.0,10,Recinto Básico,2026-05-21T14:45:07.639698300
704,SOUVENIR,15.0,11,Recinto Central,2026-05-21T14:45:07.639698300
605,ENCLOSURE_FEE_PREMIUM,30.0,11,Recinto Premium,2026-05-21T14:45:07.640702800
705,SOUVENIR,15.0,12,Recinto Central,2026-05-21T14:45:07.640702800
670,ENCLOSURE_FEE_VIP,75.0,12,Recinto VIP,2026-05-21T14:45:07.640702800
613,ENCLOSURE_FEE_BASIC,10.0,13,Recinto Básico,2026-05-21T14:45:07.641888200
614,ENCLOSURE_FEE_BASIC,10.0,14,Recinto Básico,2026-05-21T14:45:07.641888200
706,SOUVENIR,15.0,15,Recinto Central,2026-05-21T14:45:07.643198300
671,ENCLOSURE_FEE_VIP,75.0,15,Recinto VIP,2026-05-21T14:45:07.643198300
615,ENCLOSURE_FEE_BASIC,10.0,16,Recinto Básico,2026-05-21T14:45:07.643198300
707,SOUVENIR,15.0,17,Recinto Central,2026-05-21T14:45:07.643198300
606,ENCLOSURE_FEE_PREMIUM,30.0,17,Recinto Premium,2026-05-21T14:45:07.644391200
708,SOUVENIR,15.0,18,Recinto Central,2026-05-21T14:45:07.644391200
616,ENCLOSURE_FEE_BASIC,10.0,18,Recinto Básico,2026-05-21T14:45:07.644391200
607,ENCLOSURE_FEE_PREMIUM,30.0,19,Recinto Premium,2026-05-21T14:45:07.644391200
672,ENCLOSURE_FEE_VIP,75.0,20,Recinto VIP,2026-05-21T14:45:07.645888700
709,SOUVENIR,15.0,21,Recinto Central,2026-05-21T14:45:07.645888700
617,ENCLOSURE_FEE_BASIC,10.0,21,Recinto Básico,2026-05-21T14:45:07.645888700
710,SOUVENIR,15.0,22,Recinto Central,2026-05-21T14:45:07.647154700
673,ENCLOSURE_FEE_VIP,75.0,22,Recinto VIP,2026-05-21T14:45:07.647154700
618,ENCLOSURE_FEE_BASIC,10.0,23,Recinto Básico,2026-05-21T14:45:07.647154700
711,SOUVENIR,15.0,24,Recinto Central,2026-05-21T14:45:07.648661400
608,ENCLOSURE_FEE_PREMIUM,30.0,24,Recinto Premium,2026-05-21T14:45:07.648661400
609,ENCLOSURE_FEE_PREMIUM,30.0,25,Recinto Premium,2026-05-21T14:45:07.648661400
619,ENCLOSURE_FEE_BASIC,10.0,26,Recinto Básico,2026-05-21T14:45:07.649676100
712,SOUVENIR,15.0,27,Recinto Central,2026-05-21T14:45:07.649676100
674,ENCLOSURE_FEE_VIP,75.0,27,Recinto VIP,2026-05-21T14:45:07.649676100
675,ENCLOSURE_FEE_VIP,75.0,28,Recinto VIP,2026-05-21T14:45:07.649676100
610,ENCLOSURE_FEE_PREMIUM,30.0,29,Recinto Premium,2026-05-21T14:45:07.651069500
713,SOUVENIR,15.0,30,Recinto Central,2026-05-21T14:45:07.651069500
676,ENCLOSURE_FEE_VIP,75.0,30,Recinto VIP,2026-05-21T14:45:07.652067600
611,ENCLOSURE_FEE_PREMIUM,30.0,1,Recinto Premium,2026-05-21T14:45:07.653567200
714,SOUVENIR,15.0,2,Recinto Central,2026-05-21T14:45:07.653567200
677,ENCLOSURE_FEE_VIP,75.0,2,Recinto VIP,2026-05-21T14:45:07.654729900
620,ENCLOSURE_FEE_BASIC,10.0,3,Recinto Básico,2026-05-21T14:45:07.654729900
715,SOUVENIR,15.0,4,Recinto Central,2026-05-21T14:45:07.654729900
678,ENCLOSURE_FEE_VIP,75.0,4,Recinto VIP,2026-05-21T14:45:07.655739300
679,ENCLOSURE_FEE_VIP,75.0,5,Recinto VIP,2026-05-21T14:45:07.655739300
716,SOUVENIR,15.0,6,Recinto Central,2026-05-21T14:45:07.656941600
621,ENCLOSURE_FEE_BASIC,10.0,6,Recinto Básico,2026-05-21T14:45:07.656941600
680,ENCLOSURE_FEE_VIP,75.0,7,Recinto VIP,2026-05-21T14:45:07.656941600
612,ENCLOSURE_FEE_PREMIUM,30.0,8,Recinto Premium,2026-05-21T14:45:07.656941600
717,SOUVENIR,15.0,9,Recinto Central,2026-05-21T14:45:07.656941600
613,ENCLOSURE_FEE_PREMIUM,30.0,9,Recinto Premium,2026-05-21T14:45:07.658338200
622,ENCLOSURE_FEE_BASIC,10.0,10,Recinto Básico,2026-05-21T14:45:07.658338200
718,SOUVENIR,15.0,11,Recinto Central,2026-05-21T14:45:07.658338200
623,ENCLOSURE_FEE_BASIC,10.0,11,Recinto Básico,2026-05-21T14:45:07.658338200
719,SOUVENIR,15.0,12,Recinto Central,2026-05-21T14:45:07.659711700
614,ENCLOSURE_FEE_PREMIUM,30.0,12,Recinto Premium,2026-05-21T14:45:07.659711700
624,ENCLOSURE_FEE_BASIC,10.0,13,Recinto Básico,2026-05-21T14:45:07.659711700
615,ENCLOSURE_FEE_PREMIUM,30.0,14,Recinto Premium,2026-05-21T14:45:07.659711700
681,ENCLOSURE_FEE_VIP,75.0,15,Recinto VIP,2026-05-21T14:45:07.659711700
616,ENCLOSURE_FEE_PREMIUM,30.0,16,Recinto Premium,2026-05-21T14:45:07.661209400
625,ENCLOSURE_FEE_BASIC,10.0,17,Recinto Básico,2026-05-21T14:45:07.661209400
720,SOUVENIR,15.0,18,Recinto Central,2026-05-21T14:45:07.661209400
617,ENCLOSURE_FEE_PREMIUM,30.0,18,Recinto Premium,2026-05-21T14:45:07.661209400
626,ENCLOSURE_FEE_BASIC,10.0,19,Recinto Básico,2026-05-21T14:45:07.662675500
721,SOUVENIR,15.0,20,Recinto Central,2026-05-21T14:45:07.662675500
627,ENCLOSURE_FEE_BASIC,10.0,20,Recinto Básico,2026-05-21T14:45:07.662675500
682,ENCLOSURE_FEE_VIP,75.0,21,Recinto VIP,2026-05-21T14:45:07.662675500
618,ENCLOSURE_FEE_PREMIUM,30.0,22,Recinto Premium,2026-05-21T14:45:07.664049700
722,SOUVENIR,15.0,23,Recinto Central,2026-05-21T14:45:07.664049700
628,ENCLOSURE_FEE_BASIC,10.0,23,Recinto Básico,2026-05-21T14:45:07.664049700
723,SOUVENIR,15.0,24,Recinto Central,2026-05-21T14:45:07.665057900
683,ENCLOSURE_FEE_VIP,75.0,24,Recinto VIP,2026-05-21T14:45:07.665057900
724,SOUVENIR,15.0,25,Recinto Central,2026-05-21T14:45:07.665057900
619,ENCLOSURE_FEE_PREMIUM,30.0,25,Recinto Premium,2026-05-21T14:45:07.666049100
684,ENCLOSURE_FEE_VIP,75.0,26,Recinto VIP,2026-05-21T14:45:07.666049100
725,SOUVENIR,15.0,27,Recinto Central,2026-05-21T14:45:07.666049100
629,ENCLOSURE_FEE_BASIC,10.0,27,Recinto Básico,2026-05-21T14:45:07.666049100
726,SOUVENIR,15.0,28,Recinto Central,2026-05-21T14:45:07.667200300
620,ENCLOSURE_FEE_PREMIUM,30.0,28,Recinto Premium,2026-05-21T14:45:07.667200300
630,ENCLOSURE_FEE_BASIC,10.0,29,Recinto Básico,2026-05-21T14:45:07.667715600
727,SOUVENIR,15.0,30,Recinto Central,2026-05-21T14:45:07.667715600
621,ENCLOSURE_FEE_PREMIUM,30.0,30,Recinto Premium,2026-05-21T14:45:07.668724100
728,SOUVENIR,15.0,1,Recinto Central,2026-05-21T14:45:07.669740100
622,ENCLOSURE_FEE_PREMIUM,30.0,1,Recinto Premium,2026-05-21T14:45:07.671136200
685,ENCLOSURE_FEE_VIP,75.0,2,Recinto VIP,2026-05-21T14:45:07.671136200
623,ENCLOSURE_FEE_PREMIUM,30.0,3,Recinto Premium,2026-05-21T14:45:07.672135800
729,SOUVENIR,15.0,4,Recinto Central,2026-05-21T14:45:07.672135800
686,ENCLOSURE_FEE_VIP,75.0,4,Recinto VIP,2026-05-21T14:45:07.673140200
730,SOUVENIR,15.0,5,Recinto Central,2026-05-21T14:45:07.673140200
624,ENCLOSURE_FEE_PREMIUM,30.0,5,Recinto Premium,2026-05-21T14:45:07.673140200
631,ENCLOSURE_FEE_BASIC,10.0,6,Recinto Básico,2026-05-21T14:45:07.674501900
625,ENCLOSURE_FEE_PREMIUM,30.0,7,Recinto Premium,2026-05-21T14:45:07.674501900
632,ENCLOSURE_FEE_BASIC,10.0,8,Recinto Básico,2026-05-21T14:45:07.674501900
633,ENCLOSURE_FEE_BASIC,10.0,9,Recinto Básico,2026-05-21T14:45:07.674501900
626,ENCLOSURE_FEE_PREMIUM,30.0,10,Recinto Premium,2026-05-21T14:45:07.675691500
731,SOUVENIR,15.0,11,Recinto Central,2026-05-21T14:45:07.675691500
687,ENCLOSURE_FEE_VIP,75.0,11,Recinto VIP,2026-05-21T14:45:07.675691500
627,ENCLOSURE_FEE_PREMIUM,30.0,12,Recinto Premium,2026-05-21T14:45:07.677024500
732,SOUVENIR,15.0,13,Recinto Central,2026-05-21T14:45:07.677024500
634,ENCLOSURE_FEE_BASIC,10.0,13,Recinto Básico,2026-05-21T14:45:07.677024500
635,ENCLOSURE_FEE_BASIC,10.0,14,Recinto Básico,2026-05-21T14:45:07.678151800
688,ENCLOSURE_FEE_VIP,75.0,15,Recinto VIP,2026-05-21T14:45:07.678151800
733,SOUVENIR,15.0,16,Recinto Central,2026-05-21T14:45:07.678151800
628,ENCLOSURE_FEE_PREMIUM,30.0,16,Recinto Premium,2026-05-21T14:45:07.678151800
734,SOUVENIR,15.0,17,Recinto Central,2026-05-21T14:45:07.679279800
689,ENCLOSURE_FEE_VIP,75.0,17,Recinto VIP,2026-05-21T14:45:07.679279800
690,ENCLOSURE_FEE_VIP,75.0,18,Recinto VIP,2026-05-21T14:45:07.679279800
629,ENCLOSURE_FEE_PREMIUM,30.0,19,Recinto Premium,2026-05-21T14:45:07.679279800
636,ENCLOSURE_FEE_BASIC,10.0,20,Recinto Básico,2026-05-21T14:45:07.679279800
691,ENCLOSURE_FEE_VIP,75.0,21,Recinto VIP,2026-05-21T14:45:07.680750800
637,ENCLOSURE_FEE_BASIC,10.0,22,Recinto Básico,2026-05-21T14:45:07.681754500
692,ENCLOSURE_FEE_VIP,75.0,23,Recinto VIP,2026-05-21T14:45:07.681754500
735,SOUVENIR,15.0,24,Recinto Central,2026-05-21T14:45:07.681754500
638,ENCLOSURE_FEE_BASIC,10.0,24,Recinto Básico,2026-05-21T14:45:07.681754500
639,ENCLOSURE_FEE_BASIC,10.0,25,Recinto Básico,2026-05-21T14:45:07.682933400
630,ENCLOSURE_FEE_PREMIUM,30.0,26,Recinto Premium,2026-05-21T14:45:07.682933400
736,SOUVENIR,15.0,27,Recinto Central,2026-05-21T14:45:07.682933400
693,ENCLOSURE_FEE_VIP,75.0,27,Recinto VIP,2026-05-21T14:45:07.682933400
694,ENCLOSURE_FEE_VIP,75.0,28,Recinto VIP,2026-05-21T14:45:07.684248200
737,SOUVENIR,15.0,29,Recinto Central,2026-05-21T14:45:07.684248200
695,ENCLOSURE_FEE_VIP,75.0,29,Recinto VIP,2026-05-21T14:45:07.685243300
696,ENCLOSURE_FEE_VIP,75.0,30,Recinto VIP,2026-05-21T14:45:07.685243300
640,ENCLOSURE_FEE_BASIC,10.0,1,Recinto Básico,2026-05-21T14:45:07.686244700
738,SOUVENIR,15.0,2,Recinto Central,2026-05-21T14:45:07.687248300
697,ENCLOSURE_FEE_VIP,75.0,2,Recinto VIP,2026-05-21T14:45:07.687248300
698,ENCLOSURE_FEE_VIP,75.0,3,Recinto VIP,2026-05-21T14:45:07.688398500
641,ENCLOSURE_FEE_BASIC,10.0,4,Recinto Básico,2026-05-21T14:45:07.688398500
699,ENCLOSURE_FEE_VIP,75.0,5,Recinto VIP,2026-05-21T14:45:07.689424
631,ENCLOSURE_FEE_PREMIUM,30.0,6,Recinto Premium,2026-05-21T14:45:07.689424
739,SOUVENIR,15.0,7,Recinto Central,2026-05-21T14:45:07.689424
632,ENCLOSURE_FEE_PREMIUM,30.0,7,Recinto Premium,2026-05-21T14:45:07.690805100
642,ENCLOSURE_FEE_BASIC,10.0,8,Recinto Básico,2026-05-21T14:45:07.691802900
633,ENCLOSURE_FEE_PREMIUM,30.0,9,Recinto Premium,2026-05-21T14:45:07.691802900
643,ENCLOSURE_FEE_BASIC,10.0,10,Recinto Básico,2026-05-21T14:45:07.691802900
740,SOUVENIR,15.0,11,Recinto Central,2026-05-21T14:45:07.693154600
644,ENCLOSURE_FEE_BASIC,10.0,11,Recinto Básico,2026-05-21T14:45:07.693154600
634,ENCLOSURE_FEE_PREMIUM,30.0,12,Recinto Premium,2026-05-21T14:45:07.693154600
700,ENCLOSURE_FEE_VIP,75.0,13,Recinto VIP,2026-05-21T14:45:07.694423900
645,ENCLOSURE_FEE_BASIC,10.0,14,Recinto Básico,2026-05-21T14:45:07.694930400
741,SOUVENIR,15.0,15,Recinto Central,2026-05-21T14:45:07.694930400
646,ENCLOSURE_FEE_BASIC,10.0,15,Recinto Básico,2026-05-21T14:45:07.696109200
647,ENCLOSURE_FEE_BASIC,10.0,16,Recinto Básico,2026-05-21T14:45:07.696109200
635,ENCLOSURE_FEE_PREMIUM,30.0,17,Recinto Premium,2026-05-21T14:45:07.696109200
742,SOUVENIR,15.0,18,Recinto Central,2026-05-21T14:45:07.696109200
648,ENCLOSURE_FEE_BASIC,10.0,18,Recinto Básico,2026-05-21T14:45:07.697580400
701,ENCLOSURE_FEE_VIP,75.0,19,Recinto VIP,2026-05-21T14:45:07.697580400
636,ENCLOSURE_FEE_PREMIUM,30.0,20,Recinto Premium,2026-05-21T14:45:07.697580400
743,SOUVENIR,15.0,21,Recinto Central,2026-05-21T14:45:07.698659800
702,ENCLOSURE_FEE_VIP,75.0,21,Recinto VIP,2026-05-21T14:45:07.698659800
744,SOUVENIR,15.0,22,Recinto Central,2026-05-21T14:45:07.698659800
637,ENCLOSURE_FEE_PREMIUM,30.0,22,Recinto Premium,2026-05-21T14:45:07.700001500
649,ENCLOSURE_FEE_BASIC,10.0,23,Recinto Básico,2026-05-21T14:45:07.700001500
638,ENCLOSURE_FEE_PREMIUM,30.0,24,Recinto Premium,2026-05-21T14:45:07.700001500
639,ENCLOSURE_FEE_PREMIUM,30.0,25,Recinto Premium,2026-05-21T14:45:07.701094700
650,ENCLOSURE_FEE_BASIC,10.0,26,Recinto Básico,2026-05-21T14:45:07.701094700
745,SOUVENIR,15.0,27,Recinto Central,2026-05-21T14:45:07.702357200
640,ENCLOSURE_FEE_PREMIUM,30.0,27,Recinto Premium,2026-05-21T14:45:07.702357200
641,ENCLOSURE_FEE_PREMIUM,30.0,28,Recinto Premium,2026-05-21T14:45:07.703353300
642,ENCLOSURE_FEE_PREMIUM,30.0,29,Recinto Premium,2026-05-21T14:45:07.703353300
643,ENCLOSURE_FEE_PREMIUM,30.0,30,Recinto Premium,2026-05-21T14:45:07.703353300
746,SOUVENIR,15.0,1,Recinto Central,2026-05-21T14:45:07.705841600
703,ENCLOSURE_FEE_VIP,75.0,1,Recinto VIP,2026-05-21T14:45:07.705841600
44,SPA_SERVICE,20.0,2,Baños y SPA,2026-05-21T14:45:07.705841600
644,ENCLOSURE_FEE_PREMIUM,30.0,2,Recinto Premium,2026-05-21T14:45:07.706838700
45,SPA_SERVICE,20.0,3,Baños y SPA,2026-05-21T14:45:07.706838700
651,ENCLOSURE_FEE_BASIC,10.0,3,Recinto Básico,2026-05-21T14:45:07.707933700
652,ENCLOSURE_FEE_BASIC,10.0,4,Recinto Básico,2026-05-21T14:45:07.707933700
747,SOUVENIR,15.0,5,Recinto Central,2026-05-21T14:45:07.707933700
653,ENCLOSURE_FEE_BASIC,10.0,5,Recinto Básico,2026-05-21T14:45:07.709188600
748,SOUVENIR,15.0,6,Recinto Central,2026-05-21T14:45:07.709188600
704,ENCLOSURE_FEE_VIP,75.0,6,Recinto VIP,2026-05-21T14:45:07.709188600
749,SOUVENIR,15.0,7,Recinto Central,2026-05-21T14:45:07.710357500
645,ENCLOSURE_FEE_PREMIUM,30.0,7,Recinto Premium,2026-05-21T14:45:07.710357500
705,ENCLOSURE_FEE_VIP,75.0,8,Recinto VIP,2026-05-21T14:45:07.710357500
750,SOUVENIR,15.0,9,Recinto Central,2026-05-21T14:45:07.711356900
646,ENCLOSURE_FEE_PREMIUM,30.0,9,Recinto Premium,2026-05-21T14:45:07.711356900
751,SOUVENIR,15.0,10,Recinto Central,2026-05-21T14:45:07.712355700
647,ENCLOSURE_FEE_PREMIUM,30.0,10,Recinto Premium,2026-05-21T14:45:07.712355700
648,ENCLOSURE_FEE_PREMIUM,30.0,11,Recinto Premium,2026-05-21T14:45:07.712355700
706,ENCLOSURE_FEE_VIP,75.0,12,Recinto VIP,2026-05-21T14:45:07.712355700
649,ENCLOSURE_FEE_PREMIUM,30.0,13,Recinto Premium,2026-05-21T14:45:07.713868600
752,SOUVENIR,15.0,14,Recinto Central,2026-05-21T14:45:07.713868600
654,ENCLOSURE_FEE_BASIC,10.0,14,Recinto Básico,2026-05-21T14:45:07.714923200
655,ENCLOSURE_FEE_BASIC,10.0,15,Recinto Básico,2026-05-21T14:45:07.714923200
753,SOUVENIR,15.0,16,Recinto Central,2026-05-21T14:45:07.716039500
707,ENCLOSURE_FEE_VIP,75.0,16,Recinto VIP,2026-05-21T14:45:07.716039500
650,ENCLOSURE_FEE_PREMIUM,30.0,17,Recinto Premium,2026-05-21T14:45:07.717406800
754,SOUVENIR,15.0,18,Recinto Central,2026-05-21T14:45:07.717406800
708,ENCLOSURE_FEE_VIP,75.0,18,Recinto VIP,2026-05-21T14:45:07.717406800
651,ENCLOSURE_FEE_PREMIUM,30.0,19,Recinto Premium,2026-05-21T14:45:07.718812900
652,ENCLOSURE_FEE_PREMIUM,30.0,20,Recinto Premium,2026-05-21T14:45:07.718812900
656,ENCLOSURE_FEE_BASIC,10.0,21,Recinto Básico,2026-05-21T14:45:07.720231300
755,SOUVENIR,15.0,22,Recinto Central,2026-05-21T14:45:07.720231300
657,ENCLOSURE_FEE_BASIC,10.0,22,Recinto Básico,2026-05-21T14:45:07.720231300
653,ENCLOSURE_FEE_PREMIUM,30.0,23,Recinto Premium,2026-05-21T14:45:07.721689100
756,SOUVENIR,15.0,24,Recinto Central,2026-05-21T14:45:07.721689100
654,ENCLOSURE_FEE_PREMIUM,30.0,24,Recinto Premium,2026-05-21T14:45:07.722689700
709,ENCLOSURE_FEE_VIP,75.0,25,Recinto VIP,2026-05-21T14:45:07.722689700
757,SOUVENIR,15.0,26,Recinto Central,2026-05-21T14:45:07.723689200
658,ENCLOSURE_FEE_BASIC,10.0,26,Recinto Básico,2026-05-21T14:45:07.723689200
758,SOUVENIR,15.0,27,Recinto Central,2026-05-21T14:45:07.724692
710,ENCLOSURE_FEE_VIP,75.0,27,Recinto VIP,2026-05-21T14:45:07.724692
759,SOUVENIR,15.0,28,Recinto Central,2026-05-21T14:45:07.725691200
711,ENCLOSURE_FEE_VIP,75.0,28,Recinto VIP,2026-05-21T14:45:07.725691200
760,SOUVENIR,15.0,29,Recinto Central,2026-05-21T14:45:07.726688700
655,ENCLOSURE_FEE_PREMIUM,30.0,29,Recinto Premium,2026-05-21T14:45:07.726688700
656,ENCLOSURE_FEE_PREMIUM,30.0,30,Recinto Premium,2026-05-21T14:45:07.726688700
761,SOUVENIR,15.0,1,Recinto Central,2026-05-21T14:45:07.727691300
659,ENCLOSURE_FEE_BASIC,10.0,1,Recinto Básico,2026-05-21T14:45:07.728689600
657,ENCLOSURE_FEE_PREMIUM,30.0,2,Recinto Premium,2026-05-21T14:45:07.728689600
660,ENCLOSURE_FEE_BASIC,10.0,3,Recinto Básico,2026-05-21T14:45:07.728689600
762,SOUVENIR,15.0,4,Recinto Central,2026-05-21T14:45:07.729692
661,ENCLOSURE_FEE_BASIC,10.0,4,Recinto Básico,2026-05-21T14:45:07.729692
763,SOUVENIR,15.0,5,Recinto Central,2026-05-21T14:45:07.730690800
662,ENCLOSURE_FEE_BASIC,10.0,5,Recinto Básico,2026-05-21T14:45:07.730690800
764,SOUVENIR,15.0,6,Recinto Central,2026-05-21T14:45:07.731688200
712,ENCLOSURE_FEE_VIP,75.0,6,Recinto VIP,2026-05-21T14:45:07.731688200
765,SOUVENIR,15.0,7,Recinto Central,2026-05-21T14:45:07.731688200
663,ENCLOSURE_FEE_BASIC,10.0,7,Recinto Básico,2026-05-21T14:45:07.732690
766,SOUVENIR,15.0,8,Recinto Central,2026-05-21T14:45:07.732690
658,ENCLOSURE_FEE_PREMIUM,30.0,8,Recinto Premium,2026-05-21T14:45:07.732690
713,ENCLOSURE_FEE_VIP,75.0,9,Recinto VIP,2026-05-21T14:45:07.733708400
664,ENCLOSURE_FEE_BASIC,10.0,10,Recinto Básico,2026-05-21T14:45:07.733708400
767,SOUVENIR,15.0,11,Recinto Central,2026-05-21T14:45:07.733708400
659,ENCLOSURE_FEE_PREMIUM,30.0,11,Recinto Premium,2026-05-21T14:45:07.734706600
768,SOUVENIR,15.0,12,Recinto Central,2026-05-21T14:45:07.735710
714,ENCLOSURE_FEE_VIP,75.0,12,Recinto VIP,2026-05-21T14:45:07.736708900
715,ENCLOSURE_FEE_VIP,75.0,13,Recinto VIP,2026-05-21T14:45:07.736708900
716,ENCLOSURE_FEE_VIP,75.0,14,Recinto VIP,2026-05-21T14:45:07.736708900
660,ENCLOSURE_FEE_PREMIUM,30.0,15,Recinto Premium,2026-05-21T14:45:07.736708900
665,ENCLOSURE_FEE_BASIC,10.0,16,Recinto Básico,2026-05-21T14:45:07.738207800
717,ENCLOSURE_FEE_VIP,75.0,17,Recinto VIP,2026-05-21T14:45:07.738207800
661,ENCLOSURE_FEE_PREMIUM,30.0,18,Recinto Premium,2026-05-21T14:45:07.738207800
662,ENCLOSURE_FEE_PREMIUM,30.0,19,Recinto Premium,2026-05-21T14:45:07.739247700
666,ENCLOSURE_FEE_BASIC,10.0,20,Recinto Básico,2026-05-21T14:45:07.739247700
769,SOUVENIR,15.0,21,Recinto Central,2026-05-21T14:45:07.739247700
667,ENCLOSURE_FEE_BASIC,10.0,21,Recinto Básico,2026-05-21T14:45:07.739247700
770,SOUVENIR,15.0,22,Recinto Central,2026-05-21T14:45:07.740648600
718,ENCLOSURE_FEE_VIP,75.0,22,Recinto VIP,2026-05-21T14:45:07.740648600
663,ENCLOSURE_FEE_PREMIUM,30.0,23,Recinto Premium,2026-05-21T14:45:07.740648600
719,ENCLOSURE_FEE_VIP,75.0,24,Recinto VIP,2026-05-21T14:45:07.740648600
664,ENCLOSURE_FEE_PREMIUM,30.0,25,Recinto Premium,2026-05-21T14:45:07.742121800
720,ENCLOSURE_FEE_VIP,75.0,26,Recinto VIP,2026-05-21T14:45:07.742121800
771,SOUVENIR,15.0,27,Recinto Central,2026-05-21T14:45:07.743125
668,ENCLOSURE_FEE_BASIC,10.0,27,Recinto Básico,2026-05-21T14:45:07.743125
721,ENCLOSURE_FEE_VIP,75.0,28,Recinto VIP,2026-05-21T14:45:07.743125
669,ENCLOSURE_FEE_BASIC,10.0,29,Recinto Básico,2026-05-21T14:45:07.744340900
670,ENCLOSURE_FEE_BASIC,10.0,30,Recinto Básico,2026-05-21T14:45:07.744340900
665,ENCLOSURE_FEE_PREMIUM,30.0,1,Recinto Premium,2026-05-21T14:45:07.745514
772,SOUVENIR,15.0,2,Recinto Central,2026-05-21T14:45:07.745514
722,ENCLOSURE_FEE_VIP,75.0,2,Recinto VIP,2026-05-21T14:45:07.746560800
773,SOUVENIR,15.0,3,Recinto Central,2026-05-21T14:45:07.746560800
723,ENCLOSURE_FEE_VIP,75.0,3,Recinto VIP,2026-05-21T14:45:07.746560800
774,SOUVENIR,15.0,4,Recinto Central,2026-05-21T14:45:07.748055100
671,ENCLOSURE_FEE_BASIC,10.0,4,Recinto Básico,2026-05-21T14:45:07.748563700
775,SOUVENIR,15.0,5,Recinto Central,2026-05-21T14:45:07.748563700
724,ENCLOSURE_FEE_VIP,75.0,5,Recinto VIP,2026-05-21T14:45:07.748563700
672,ENCLOSURE_FEE_BASIC,10.0,6,Recinto Básico,2026-05-21T14:45:07.749607200
776,SOUVENIR,15.0,7,Recinto Central,2026-05-21T14:45:07.749607200
673,ENCLOSURE_FEE_BASIC,10.0,7,Recinto Básico,2026-05-21T14:45:07.749607200
725,ENCLOSURE_FEE_VIP,75.0,8,Recinto VIP,2026-05-21T14:45:07.749607200
777,SOUVENIR,15.0,9,Recinto Central,2026-05-21T14:45:07.751031300
666,ENCLOSURE_FEE_PREMIUM,30.0,9,Recinto Premium,2026-05-21T14:45:07.751031300
667,ENCLOSURE_FEE_PREMIUM,30.0,10,Recinto Premium,2026-05-21T14:45:07.752380600
726,ENCLOSURE_FEE_VIP,75.0,11,Recinto VIP,2026-05-21T14:45:07.752897100
674,ENCLOSURE_FEE_BASIC,10.0,12,Recinto Básico,2026-05-21T14:45:07.752897100
778,SOUVENIR,15.0,13,Recinto Central,2026-05-21T14:45:07.753914800
668,ENCLOSURE_FEE_PREMIUM,30.0,13,Recinto Premium,2026-05-21T14:45:07.753914800
675,ENCLOSURE_FEE_BASIC,10.0,14,Recinto Básico,2026-05-21T14:45:07.754914100
779,SOUVENIR,15.0,15,Recinto Central,2026-05-21T14:45:07.754914100
669,ENCLOSURE_FEE_PREMIUM,30.0,15,Recinto Premium,2026-05-21T14:45:07.755914100
676,ENCLOSURE_FEE_BASIC,10.0,16,Recinto Básico,2026-05-21T14:45:07.755914100
670,ENCLOSURE_FEE_PREMIUM,30.0,17,Recinto Premium,2026-05-21T14:45:07.755914100
780,SOUVENIR,15.0,18,Recinto Central,2026-05-21T14:45:07.757022500
671,ENCLOSURE_FEE_PREMIUM,30.0,18,Recinto Premium,2026-05-21T14:45:07.757022500
677,ENCLOSURE_FEE_BASIC,10.0,19,Recinto Básico,2026-05-21T14:45:07.757022500
678,ENCLOSURE_FEE_BASIC,10.0,20,Recinto Básico,2026-05-21T14:45:07.758023900
679,ENCLOSURE_FEE_BASIC,10.0,21,Recinto Básico,2026-05-21T14:45:07.758023900
672,ENCLOSURE_FEE_PREMIUM,30.0,22,Recinto Premium,2026-05-21T14:45:07.758023900
781,SOUVENIR,15.0,23,Recinto Central,2026-05-21T14:45:07.758023900
673,ENCLOSURE_FEE_PREMIUM,30.0,23,Recinto Premium,2026-05-21T14:45:07.759025100
727,ENCLOSURE_FEE_VIP,75.0,24,Recinto VIP,2026-05-21T14:45:07.759025100
674,ENCLOSURE_FEE_PREMIUM,30.0,25,Recinto Premium,2026-05-21T14:45:07.759025100
782,SOUVENIR,15.0,26,Recinto Central,2026-05-21T14:45:07.760029
728,ENCLOSURE_FEE_VIP,75.0,26,Recinto VIP,2026-05-21T14:45:07.760029
675,ENCLOSURE_FEE_PREMIUM,30.0,27,Recinto Premium,2026-05-21T14:45:07.760029
783,SOUVENIR,15.0,28,Recinto Central,2026-05-21T14:45:07.760029
676,ENCLOSURE_FEE_PREMIUM,30.0,28,Recinto Premium,2026-05-21T14:45:07.761542100
729,ENCLOSURE_FEE_VIP,75.0,29,Recinto VIP,2026-05-21T14:45:07.761542100
784,SOUVENIR,15.0,30,Recinto Central,2026-05-21T14:45:07.761542100
730,ENCLOSURE_FEE_VIP,75.0,30,Recinto VIP,2026-05-21T14:45:07.762559800
785,SOUVENIR,15.0,1,Recinto Central,2026-05-21T14:45:07.763550200
731,ENCLOSURE_FEE_VIP,75.0,1,Recinto VIP,2026-05-21T14:45:07.763550200
786,SOUVENIR,15.0,2,Recinto Central,2026-05-21T14:45:07.764587500
732,ENCLOSURE_FEE_VIP,75.0,2,Recinto VIP,2026-05-21T14:45:07.764587500
787,SOUVENIR,15.0,3,Recinto Central,2026-05-21T14:45:07.765585400
680,ENCLOSURE_FEE_BASIC,10.0,3,Recinto Básico,2026-05-21T14:45:07.765585400
733,ENCLOSURE_FEE_VIP,75.0,4,Recinto VIP,2026-05-21T14:45:07.766584900
734,ENCLOSURE_FEE_VIP,75.0,5,Recinto VIP,2026-05-21T14:45:07.766584900
681,ENCLOSURE_FEE_BASIC,10.0,6,Recinto Básico,2026-05-21T14:45:07.766584900
788,SOUVENIR,15.0,7,Recinto Central,2026-05-21T14:45:07.767795500
735,ENCLOSURE_FEE_VIP,75.0,7,Recinto VIP,2026-05-21T14:45:07.767795500
677,ENCLOSURE_FEE_PREMIUM,30.0,8,Recinto Premium,2026-05-21T14:45:07.768810300
682,ENCLOSURE_FEE_BASIC,10.0,9,Recinto Básico,2026-05-21T14:45:07.768810300
789,SOUVENIR,15.0,10,Recinto Central,2026-05-21T14:45:07.770235500
678,ENCLOSURE_FEE_PREMIUM,30.0,10,Recinto Premium,2026-05-21T14:45:07.770235500
736,ENCLOSURE_FEE_VIP,75.0,11,Recinto VIP,2026-05-21T14:45:07.770235500
679,ENCLOSURE_FEE_PREMIUM,30.0,12,Recinto Premium,2026-05-21T14:45:07.771356300
683,ENCLOSURE_FEE_BASIC,10.0,13,Recinto Básico,2026-05-21T14:45:07.771356300
790,SOUVENIR,15.0,14,Recinto Central,2026-05-21T14:45:07.772354400
680,ENCLOSURE_FEE_PREMIUM,30.0,14,Recinto Premium,2026-05-21T14:45:07.772354400
791,SOUVENIR,15.0,15,Recinto Central,2026-05-21T14:45:07.772354400
684,ENCLOSURE_FEE_BASIC,10.0,15,Recinto Básico,2026-05-21T14:45:07.773617600
792,SOUVENIR,15.0,16,Recinto Central,2026-05-21T14:45:07.773617600
681,ENCLOSURE_FEE_PREMIUM,30.0,16,Recinto Premium,2026-05-21T14:45:07.774626200
737,ENCLOSURE_FEE_VIP,75.0,17,Recinto VIP,2026-05-21T14:45:07.774626200
793,SOUVENIR,15.0,18,Recinto Central,2026-05-21T14:45:07.774626200
685,ENCLOSURE_FEE_BASIC,10.0,18,Recinto Básico,2026-05-21T14:45:07.776087100
686,ENCLOSURE_FEE_BASIC,10.0,19,Recinto Básico,2026-05-21T14:45:07.776087100
687,ENCLOSURE_FEE_BASIC,10.0,20,Recinto Básico,2026-05-21T14:45:07.776087100
682,ENCLOSURE_FEE_PREMIUM,30.0,21,Recinto Premium,2026-05-21T14:45:07.777088400
738,ENCLOSURE_FEE_VIP,75.0,22,Recinto VIP,2026-05-21T14:45:07.777088400
794,SOUVENIR,15.0,23,Recinto Central,2026-05-21T14:45:07.777088400
683,ENCLOSURE_FEE_PREMIUM,30.0,23,Recinto Premium,2026-05-21T14:45:07.777088400
795,SOUVENIR,15.0,24,Recinto Central,2026-05-21T14:45:07.778288100
739,ENCLOSURE_FEE_VIP,75.0,24,Recinto VIP,2026-05-21T14:45:07.778288100
796,SOUVENIR,15.0,25,Recinto Central,2026-05-21T14:45:07.778288100
688,ENCLOSURE_FEE_BASIC,10.0,25,Recinto Básico,2026-05-21T14:45:07.779721
689,ENCLOSURE_FEE_BASIC,10.0,26,Recinto Básico,2026-05-21T14:45:07.779721
797,SOUVENIR,15.0,27,Recinto Central,2026-05-21T14:45:07.779721
690,ENCLOSURE_FEE_BASIC,10.0,27,Recinto Básico,2026-05-21T14:45:07.779721
798,SOUVENIR,15.0,28,Recinto Central,2026-05-21T14:45:07.781124800
691,ENCLOSURE_FEE_BASIC,10.0,28,Recinto Básico,2026-05-21T14:45:07.781124800
692,ENCLOSURE_FEE_BASIC,10.0,29,Recinto Básico,2026-05-21T14:45:07.781124800
799,SOUVENIR,15.0,30,Recinto Central,2026-05-21T14:45:07.782149900
684,ENCLOSURE_FEE_PREMIUM,30.0,30,Recinto Premium,2026-05-21T14:45:07.782149900
740,ENCLOSURE_FEE_VIP,75.0,1,Recinto VIP,2026-05-21T14:45:07.783555100
685,ENCLOSURE_FEE_PREMIUM,30.0,2,Recinto Premium,2026-05-21T14:45:07.784566
686,ENCLOSURE_FEE_PREMIUM,30.0,3,Recinto Premium,2026-05-21T14:45:07.784566
687,ENCLOSURE_FEE_PREMIUM,30.0,4,Recinto Premium,2026-05-21T14:45:07.785578800
800,SOUVENIR,15.0,5,Recinto Central,2026-05-21T14:45:07.785578800
688,ENCLOSURE_FEE_PREMIUM,30.0,5,Recinto Premium,2026-05-21T14:45:07.785578800
46,SPA_SERVICE,20.0,6,Baños y SPA,2026-05-21T14:45:07.787012600
693,ENCLOSURE_FEE_BASIC,10.0,6,Recinto Básico,2026-05-21T14:45:07.787012600
801,SOUVENIR,15.0,7,Recinto Central,2026-05-21T14:45:07.788015200
47,SPA_SERVICE,20.0,7,Baños y SPA,2026-05-21T14:45:07.788015200
689,ENCLOSURE_FEE_PREMIUM,30.0,7,Recinto Premium,2026-05-21T14:45:07.789019800
690,ENCLOSURE_FEE_PREMIUM,30.0,8,Recinto Premium,2026-05-21T14:45:07.789019800
694,ENCLOSURE_FEE_BASIC,10.0,9,Recinto Básico,2026-05-21T14:45:07.789019800
48,SPA_SERVICE,20.0,10,Baños y SPA,2026-05-21T14:45:07.789019800
695,ENCLOSURE_FEE_BASIC,10.0,10,Recinto Básico,2026-05-21T14:45:07.790021900
696,ENCLOSURE_FEE_BASIC,10.0,11,Recinto Básico,2026-05-21T14:45:07.790021900
697,ENCLOSURE_FEE_BASIC,10.0,12,Recinto Básico,2026-05-21T14:45:07.790021900
741,ENCLOSURE_FEE_VIP,75.0,13,Recinto VIP,2026-05-21T14:45:07.791012900
802,SOUVENIR,15.0,14,Recinto Central,2026-05-21T14:45:07.791012900
742,ENCLOSURE_FEE_VIP,75.0,14,Recinto VIP,2026-05-21T14:45:07.792275700
691,ENCLOSURE_FEE_PREMIUM,30.0,15,Recinto Premium,2026-05-21T14:45:07.792275700
743,ENCLOSURE_FEE_VIP,75.0,16,Recinto VIP,2026-05-21T14:45:07.793279600
698,ENCLOSURE_FEE_BASIC,10.0,17,Recinto Básico,2026-05-21T14:45:07.793279600
803,SOUVENIR,15.0,18,Recinto Central,2026-05-21T14:45:07.794279800
692,ENCLOSURE_FEE_PREMIUM,30.0,18,Recinto Premium,2026-05-21T14:45:07.794279800
744,ENCLOSURE_FEE_VIP,75.0,19,Recinto VIP,2026-05-21T14:45:07.794279800
699,ENCLOSURE_FEE_BASIC,10.0,20,Recinto Básico,2026-05-21T14:45:07.795279700
700,ENCLOSURE_FEE_BASIC,10.0,21,Recinto Básico,2026-05-21T14:45:07.795279700
804,SOUVENIR,15.0,22,Recinto Central,2026-05-21T14:45:07.796562100
701,ENCLOSURE_FEE_BASIC,10.0,22,Recinto Básico,2026-05-21T14:45:07.796562100
702,ENCLOSURE_FEE_BASIC,10.0,23,Recinto Básico,2026-05-21T14:45:07.796562100
703,ENCLOSURE_FEE_BASIC,10.0,24,Recinto Básico,2026-05-21T14:45:07.796562100
805,SOUVENIR,15.0,25,Recinto Central,2026-05-21T14:45:07.797864500
693,ENCLOSURE_FEE_PREMIUM,30.0,25,Recinto Premium,2026-05-21T14:45:07.798382900
704,ENCLOSURE_FEE_BASIC,10.0,26,Recinto Básico,2026-05-21T14:45:07.798382900
745,ENCLOSURE_FEE_VIP,75.0,27,Recinto VIP,2026-05-21T14:45:07.798382900
694,ENCLOSURE_FEE_PREMIUM,30.0,28,Recinto Premium,2026-05-21T14:45:07.799394100
695,ENCLOSURE_FEE_PREMIUM,30.0,29,Recinto Premium,2026-05-21T14:45:07.799394100
696,ENCLOSURE_FEE_PREMIUM,30.0,30,Recinto Premium,2026-05-21T14:45:07.799394100
806,SOUVENIR,15.0,1,Recinto Central,2026-05-21T14:45:07.801402900
697,ENCLOSURE_FEE_PREMIUM,30.0,1,Recinto Premium,2026-05-21T14:45:07.801402900
698,ENCLOSURE_FEE_PREMIUM,30.0,2,Recinto Premium,2026-05-21T14:45:07.802400
705,ENCLOSURE_FEE_BASIC,10.0,3,Recinto Básico,2026-05-21T14:45:07.802400
699,ENCLOSURE_FEE_PREMIUM,30.0,4,Recinto Premium,2026-05-21T14:45:07.803396200
807,SOUVENIR,15.0,5,Recinto Central,2026-05-21T14:45:07.803396200
746,ENCLOSURE_FEE_VIP,75.0,5,Recinto VIP,2026-05-21T14:45:07.804393500
706,ENCLOSURE_FEE_BASIC,10.0,6,Recinto Básico,2026-05-21T14:45:07.804393500
700,ENCLOSURE_FEE_PREMIUM,30.0,7,Recinto Premium,2026-05-21T14:45:07.805393900
747,ENCLOSURE_FEE_VIP,75.0,8,Recinto VIP,2026-05-21T14:45:07.805393900
808,SOUVENIR,15.0,9,Recinto Central,2026-05-21T14:45:07.805393900
701,ENCLOSURE_FEE_PREMIUM,30.0,9,Recinto Premium,2026-05-21T14:45:07.805393900
707,ENCLOSURE_FEE_BASIC,10.0,10,Recinto Básico,2026-05-21T14:45:07.805393900
809,SOUVENIR,15.0,11,Recinto Central,2026-05-21T14:45:07.806806800
702,ENCLOSURE_FEE_PREMIUM,30.0,11,Recinto Premium,2026-05-21T14:45:07.806806800
703,ENCLOSURE_FEE_PREMIUM,30.0,12,Recinto Premium,2026-05-21T14:45:07.806806800
748,ENCLOSURE_FEE_VIP,75.0,13,Recinto VIP,2026-05-21T14:45:07.806806800
810,SOUVENIR,15.0,14,Recinto Central,2026-05-21T14:45:07.808233300
708,ENCLOSURE_FEE_BASIC,10.0,14,Recinto Básico,2026-05-21T14:45:07.808233300
811,SOUVENIR,15.0,15,Recinto Central,2026-05-21T14:45:07.808233300
749,ENCLOSURE_FEE_VIP,75.0,15,Recinto VIP,2026-05-21T14:45:07.808233300
812,SOUVENIR,15.0,16,Recinto Central,2026-05-21T14:45:07.809319100
750,ENCLOSURE_FEE_VIP,75.0,16,Recinto VIP,2026-05-21T14:45:07.809319100
813,SOUVENIR,15.0,17,Recinto Central,2026-05-21T14:45:07.809319100
704,ENCLOSURE_FEE_PREMIUM,30.0,17,Recinto Premium,2026-05-21T14:45:07.809319100
705,ENCLOSURE_FEE_PREMIUM,30.0,18,Recinto Premium,2026-05-21T14:45:07.810750300
706,ENCLOSURE_FEE_PREMIUM,30.0,19,Recinto Premium,2026-05-21T14:45:07.810750300
814,SOUVENIR,15.0,20,Recinto Central,2026-05-21T14:45:07.810750300
709,ENCLOSURE_FEE_BASIC,10.0,20,Recinto Básico,2026-05-21T14:45:07.810750300
707,ENCLOSURE_FEE_PREMIUM,30.0,21,Recinto Premium,2026-05-21T14:45:07.811745500
710,ENCLOSURE_FEE_BASIC,10.0,22,Recinto Básico,2026-05-21T14:45:07.811745500
711,ENCLOSURE_FEE_BASIC,10.0,23,Recinto Básico,2026-05-21T14:45:07.811745500
815,SOUVENIR,15.0,24,Recinto Central,2026-05-21T14:45:07.811745500
708,ENCLOSURE_FEE_PREMIUM,30.0,24,Recinto Premium,2026-05-21T14:45:07.811745500
816,SOUVENIR,15.0,25,Recinto Central,2026-05-21T14:45:07.813220200
712,ENCLOSURE_FEE_BASIC,10.0,25,Recinto Básico,2026-05-21T14:45:07.813220200
751,ENCLOSURE_FEE_VIP,75.0,26,Recinto VIP,2026-05-21T14:45:07.813220200
752,ENCLOSURE_FEE_VIP,75.0,27,Recinto VIP,2026-05-21T14:45:07.814591500
753,ENCLOSURE_FEE_VIP,75.0,28,Recinto VIP,2026-05-21T14:45:07.814591500
817,SOUVENIR,15.0,29,Recinto Central,2026-05-21T14:45:07.814591500
754,ENCLOSURE_FEE_VIP,75.0,29,Recinto VIP,2026-05-21T14:45:07.814591500
818,SOUVENIR,15.0,30,Recinto Central,2026-05-21T14:45:07.815938400
713,ENCLOSURE_FEE_BASIC,10.0,30,Recinto Básico,2026-05-21T14:45:07.815938400
819,SOUVENIR,15.0,1,Recinto Central,2026-05-21T14:45:07.817214900
714,ENCLOSURE_FEE_BASIC,10.0,1,Recinto Básico,2026-05-21T14:45:07.817214900
715,ENCLOSURE_FEE_BASIC,10.0,2,Recinto Básico,2026-05-21T14:45:07.818279100
755,ENCLOSURE_FEE_VIP,75.0,3,Recinto VIP,2026-05-21T14:45:07.818279100
716,ENCLOSURE_FEE_BASIC,10.0,4,Recinto Básico,2026-05-21T14:45:07.818279100
709,ENCLOSURE_FEE_PREMIUM,30.0,5,Recinto Premium,2026-05-21T14:45:07.819275
710,ENCLOSURE_FEE_PREMIUM,30.0,6,Recinto Premium,2026-05-21T14:45:07.819275
820,SOUVENIR,15.0,7,Recinto Central,2026-05-21T14:45:07.819275
756,ENCLOSURE_FEE_VIP,75.0,7,Recinto VIP,2026-05-21T14:45:07.820511700
821,SOUVENIR,15.0,8,Recinto Central,2026-05-21T14:45:07.820511700
717,ENCLOSURE_FEE_BASIC,10.0,8,Recinto Básico,2026-05-21T14:45:07.820511700
822,SOUVENIR,15.0,9,Recinto Central,2026-05-21T14:45:07.821515400
711,ENCLOSURE_FEE_PREMIUM,30.0,9,Recinto Premium,2026-05-21T14:45:07.821515400
757,ENCLOSURE_FEE_VIP,75.0,10,Recinto VIP,2026-05-21T14:45:07.822766400
823,SOUVENIR,15.0,11,Recinto Central,2026-05-21T14:45:07.822766400
712,ENCLOSURE_FEE_PREMIUM,30.0,11,Recinto Premium,2026-05-21T14:45:07.822766400
718,ENCLOSURE_FEE_BASIC,10.0,12,Recinto Básico,2026-05-21T14:45:07.823764700
824,SOUVENIR,15.0,13,Recinto Central,2026-05-21T14:45:07.823764700
719,ENCLOSURE_FEE_BASIC,10.0,13,Recinto Básico,2026-05-21T14:45:07.824809900
758,ENCLOSURE_FEE_VIP,75.0,14,Recinto VIP,2026-05-21T14:45:07.824809900
713,ENCLOSURE_FEE_PREMIUM,30.0,15,Recinto Premium,2026-05-21T14:45:07.824809900
825,SOUVENIR,15.0,16,Recinto Central,2026-05-21T14:45:07.825819900
759,ENCLOSURE_FEE_VIP,75.0,16,Recinto VIP,2026-05-21T14:45:07.825819900
826,SOUVENIR,15.0,17,Recinto Central,2026-05-21T14:45:07.825819900
714,ENCLOSURE_FEE_PREMIUM,30.0,17,Recinto Premium,2026-05-21T14:45:07.826823100
827,SOUVENIR,15.0,18,Recinto Central,2026-05-21T14:45:07.826823100
760,ENCLOSURE_FEE_VIP,75.0,18,Recinto VIP,2026-05-21T14:45:07.826823100
828,SOUVENIR,15.0,19,Recinto Central,2026-05-21T14:45:07.828278800
720,ENCLOSURE_FEE_BASIC,10.0,19,Recinto Básico,2026-05-21T14:45:07.828278800
715,ENCLOSURE_FEE_PREMIUM,30.0,20,Recinto Premium,2026-05-21T14:45:07.828278800
721,ENCLOSURE_FEE_BASIC,10.0,21,Recinto Básico,2026-05-21T14:45:07.828278800
716,ENCLOSURE_FEE_PREMIUM,30.0,22,Recinto Premium,2026-05-21T14:45:07.829689700
829,SOUVENIR,15.0,23,Recinto Central,2026-05-21T14:45:07.829689700
722,ENCLOSURE_FEE_BASIC,10.0,23,Recinto Básico,2026-05-21T14:45:07.829689700
761,ENCLOSURE_FEE_VIP,75.0,24,Recinto VIP,2026-05-21T14:45:07.829689700
830,SOUVENIR,15.0,25,Recinto Central,2026-05-21T14:45:07.831092300
723,ENCLOSURE_FEE_BASIC,10.0,25,Recinto Básico,2026-05-21T14:45:07.831092300
831,SOUVENIR,15.0,26,Recinto Central,2026-05-21T14:45:07.831092300
724,ENCLOSURE_FEE_BASIC,10.0,26,Recinto Básico,2026-05-21T14:45:07.832094800
832,SOUVENIR,15.0,27,Recinto Central,2026-05-21T14:45:07.832094800
725,ENCLOSURE_FEE_BASIC,10.0,27,Recinto Básico,2026-05-21T14:45:07.832094800
717,ENCLOSURE_FEE_PREMIUM,30.0,28,Recinto Premium,2026-05-21T14:45:07.833342200
726,ENCLOSURE_FEE_BASIC,10.0,29,Recinto Básico,2026-05-21T14:45:07.833342200
762,ENCLOSURE_FEE_VIP,75.0,30,Recinto VIP,2026-05-21T14:45:07.833342200
833,SOUVENIR,15.0,1,Recinto Central,2026-05-21T14:45:07.834807800
763,ENCLOSURE_FEE_VIP,75.0,1,Recinto VIP,2026-05-21T14:45:07.834807800
764,ENCLOSURE_FEE_VIP,75.0,2,Recinto VIP,2026-05-21T14:45:07.835812700
718,ENCLOSURE_FEE_PREMIUM,30.0,3,Recinto Premium,2026-05-21T14:45:07.835812700
834,SOUVENIR,15.0,4,Recinto Central,2026-05-21T14:45:07.835812700
719,ENCLOSURE_FEE_PREMIUM,30.0,4,Recinto Premium,2026-05-21T14:45:07.837009800
765,ENCLOSURE_FEE_VIP,75.0,5,Recinto VIP,2026-05-21T14:45:07.837009800
727,ENCLOSURE_FEE_BASIC,10.0,6,Recinto Básico,2026-05-21T14:45:07.837009800
766,ENCLOSURE_FEE_VIP,75.0,7,Recinto VIP,2026-05-21T14:45:07.838443200
835,SOUVENIR,15.0,8,Recinto Central,2026-05-21T14:45:07.838443200
720,ENCLOSURE_FEE_PREMIUM,30.0,8,Recinto Premium,2026-05-21T14:45:07.839455600
49,SPA_SERVICE,20.0,9,Baños y SPA,2026-05-21T14:45:07.839455600
721,ENCLOSURE_FEE_PREMIUM,30.0,9,Recinto Premium,2026-05-21T14:45:07.839455600
728,ENCLOSURE_FEE_BASIC,10.0,10,Recinto Básico,2026-05-21T14:45:07.840656400
729,ENCLOSURE_FEE_BASIC,10.0,11,Recinto Básico,2026-05-21T14:45:07.840656400
722,ENCLOSURE_FEE_PREMIUM,30.0,12,Recinto Premium,2026-05-21T14:45:07.840656400
767,ENCLOSURE_FEE_VIP,75.0,13,Recinto VIP,2026-05-21T14:45:07.840656400
836,SOUVENIR,15.0,14,Recinto Central,2026-05-21T14:45:07.840656400
730,ENCLOSURE_FEE_BASIC,10.0,14,Recinto Básico,2026-05-21T14:45:07.842045900
723,ENCLOSURE_FEE_PREMIUM,30.0,15,Recinto Premium,2026-05-21T14:45:07.842045900
724,ENCLOSURE_FEE_PREMIUM,30.0,16,Recinto Premium,2026-05-21T14:45:07.842045900
837,SOUVENIR,15.0,17,Recinto Central,2026-05-21T14:45:07.842045900
731,ENCLOSURE_FEE_BASIC,10.0,17,Recinto Básico,2026-05-21T14:45:07.843044
725,ENCLOSURE_FEE_PREMIUM,30.0,18,Recinto Premium,2026-05-21T14:45:07.843044
838,SOUVENIR,15.0,19,Recinto Central,2026-05-21T14:45:07.843044
726,ENCLOSURE_FEE_PREMIUM,30.0,19,Recinto Premium,2026-05-21T14:45:07.844047
839,SOUVENIR,15.0,20,Recinto Central,2026-05-21T14:45:07.844047
768,ENCLOSURE_FEE_VIP,75.0,20,Recinto VIP,2026-05-21T14:45:07.844047
727,ENCLOSURE_FEE_PREMIUM,30.0,21,Recinto Premium,2026-05-21T14:45:07.845256
840,SOUVENIR,15.0,22,Recinto Central,2026-05-21T14:45:07.845256
728,ENCLOSURE_FEE_PREMIUM,30.0,22,Recinto Premium,2026-05-21T14:45:07.845256
729,ENCLOSURE_FEE_PREMIUM,30.0,23,Recinto Premium,2026-05-21T14:45:07.846757400
732,ENCLOSURE_FEE_BASIC,10.0,24,Recinto Básico,2026-05-21T14:45:07.846757400
841,SOUVENIR,15.0,25,Recinto Central,2026-05-21T14:45:07.847753900
730,ENCLOSURE_FEE_PREMIUM,30.0,25,Recinto Premium,2026-05-21T14:45:07.847753900
842,SOUVENIR,15.0,26,Recinto Central,2026-05-21T14:45:07.847753900
731,ENCLOSURE_FEE_PREMIUM,30.0,26,Recinto Premium,2026-05-21T14:45:07.848756600
732,ENCLOSURE_FEE_PREMIUM,30.0,27,Recinto Premium,2026-05-21T14:45:07.848756600
843,SOUVENIR,15.0,28,Recinto Central,2026-05-21T14:45:07.848756600
733,ENCLOSURE_FEE_BASIC,10.0,28,Recinto Básico,2026-05-21T14:45:07.849801100
844,SOUVENIR,15.0,29,Recinto Central,2026-05-21T14:45:07.849801100
733,ENCLOSURE_FEE_PREMIUM,30.0,29,Recinto Premium,2026-05-21T14:45:07.849801100
769,ENCLOSURE_FEE_VIP,75.0,30,Recinto VIP,2026-05-21T14:45:07.849801100
845,SOUVENIR,15.0,1,Recinto Central,2026-05-21T14:45:07.850970300
734,ENCLOSURE_FEE_PREMIUM,30.0,1,Recinto Premium,2026-05-21T14:45:07.851970800
735,ENCLOSURE_FEE_PREMIUM,30.0,2,Recinto Premium,2026-05-21T14:45:07.851970800
736,ENCLOSURE_FEE_PREMIUM,30.0,3,Recinto Premium,2026-05-21T14:45:07.851970800
734,ENCLOSURE_FEE_BASIC,10.0,4,Recinto Básico,2026-05-21T14:45:07.852970600
737,ENCLOSURE_FEE_PREMIUM,30.0,5,Recinto Premium,2026-05-21T14:45:07.852970600
846,SOUVENIR,15.0,6,Recinto Central,2026-05-21T14:45:07.853983300
770,ENCLOSURE_FEE_VIP,75.0,6,Recinto VIP,2026-05-21T14:45:07.854991700
847,SOUVENIR,15.0,7,Recinto Central,2026-05-21T14:45:07.854991700
735,ENCLOSURE_FEE_BASIC,10.0,7,Recinto Básico,2026-05-21T14:45:07.854991700
848,SOUVENIR,15.0,8,Recinto Central,2026-05-21T14:45:07.855982700
736,ENCLOSURE_FEE_BASIC,10.0,8,Recinto Básico,2026-05-21T14:45:07.855982700
849,SOUVENIR,15.0,9,Recinto Central,2026-05-21T14:45:07.855982700
738,ENCLOSURE_FEE_PREMIUM,30.0,9,Recinto Premium,2026-05-21T14:45:07.855982700
850,SOUVENIR,15.0,10,Recinto Central,2026-05-21T14:45:07.856989700
739,ENCLOSURE_FEE_PREMIUM,30.0,10,Recinto Premium,2026-05-21T14:45:07.856989700
851,SOUVENIR,15.0,11,Recinto Central,2026-05-21T14:45:07.857987700
771,ENCLOSURE_FEE_VIP,75.0,11,Recinto VIP,2026-05-21T14:45:07.857987700
852,SOUVENIR,15.0,12,Recinto Central,2026-05-21T14:45:07.857987700
737,ENCLOSURE_FEE_BASIC,10.0,12,Recinto Básico,2026-05-21T14:45:07.858981900
853,SOUVENIR,15.0,13,Recinto Central,2026-05-21T14:45:07.858981900
738,ENCLOSURE_FEE_BASIC,10.0,13,Recinto Básico,2026-05-21T14:45:07.858981900
854,SOUVENIR,15.0,14,Recinto Central,2026-05-21T14:45:07.859984500
739,ENCLOSURE_FEE_BASIC,10.0,14,Recinto Básico,2026-05-21T14:45:07.859984500
740,ENCLOSURE_FEE_BASIC,10.0,15,Recinto Básico,2026-05-21T14:45:07.859984500
855,SOUVENIR,15.0,16,Recinto Central,2026-05-21T14:45:07.860982
740,ENCLOSURE_FEE_PREMIUM,30.0,16,Recinto Premium,2026-05-21T14:45:07.860982
741,ENCLOSURE_FEE_PREMIUM,30.0,17,Recinto Premium,2026-05-21T14:45:07.862353500
772,ENCLOSURE_FEE_VIP,75.0,18,Recinto VIP,2026-05-21T14:45:07.862353500
856,SOUVENIR,15.0,19,Recinto Central,2026-05-21T14:45:07.862353500
741,ENCLOSURE_FEE_BASIC,10.0,19,Recinto Básico,2026-05-21T14:45:07.863468800
742,ENCLOSURE_FEE_PREMIUM,30.0,20,Recinto Premium,2026-05-21T14:45:07.863468800
857,SOUVENIR,15.0,21,Recinto Central,2026-05-21T14:45:07.864561300
773,ENCLOSURE_FEE_VIP,75.0,21,Recinto VIP,2026-05-21T14:45:07.864561300
858,SOUVENIR,15.0,22,Recinto Central,2026-05-21T14:45:07.864561300
743,ENCLOSURE_FEE_PREMIUM,30.0,22,Recinto Premium,2026-05-21T14:45:07.865787300
744,ENCLOSURE_FEE_PREMIUM,30.0,23,Recinto Premium,2026-05-21T14:45:07.865787300
859,SOUVENIR,15.0,24,Recinto Central,2026-05-21T14:45:07.865787300
774,ENCLOSURE_FEE_VIP,75.0,24,Recinto VIP,2026-05-21T14:45:07.866854100
745,ENCLOSURE_FEE_PREMIUM,30.0,25,Recinto Premium,2026-05-21T14:45:07.866854100
746,ENCLOSURE_FEE_PREMIUM,30.0,26,Recinto Premium,2026-05-21T14:45:07.866854100
860,SOUVENIR,15.0,27,Recinto Central,2026-05-21T14:45:07.867939500
747,ENCLOSURE_FEE_PREMIUM,30.0,27,Recinto Premium,2026-05-21T14:45:07.867939500
861,SOUVENIR,15.0,28,Recinto Central,2026-05-21T14:45:07.867939500
775,ENCLOSURE_FEE_VIP,75.0,28,Recinto VIP,2026-05-21T14:45:07.869389
748,ENCLOSURE_FEE_PREMIUM,30.0,29,Recinto Premium,2026-05-21T14:45:07.869389
862,SOUVENIR,15.0,30,Recinto Central,2026-05-21T14:45:07.870872200
776,ENCLOSURE_FEE_VIP,75.0,30,Recinto VIP,2026-05-21T14:45:07.870872200
742,ENCLOSURE_FEE_BASIC,10.0,1,Recinto Básico,2026-05-21T14:45:07.871379300
743,ENCLOSURE_FEE_BASIC,10.0,2,Recinto Básico,2026-05-21T14:45:07.872390900
863,SOUVENIR,15.0,3,Recinto Central,2026-05-21T14:45:07.872390900
744,ENCLOSURE_FEE_BASIC,10.0,3,Recinto Básico,2026-05-21T14:45:07.873540700
864,SOUVENIR,15.0,4,Recinto Central,2026-05-21T14:45:07.873540700
749,ENCLOSURE_FEE_PREMIUM,30.0,4,Recinto Premium,2026-05-21T14:45:07.873540700
750,ENCLOSURE_FEE_PREMIUM,30.0,5,Recinto Premium,2026-05-21T14:45:07.874581
745,ENCLOSURE_FEE_BASIC,10.0,6,Recinto Básico,2026-05-21T14:45:07.874581
865,SOUVENIR,15.0,7,Recinto Central,2026-05-21T14:45:07.874581
777,ENCLOSURE_FEE_VIP,75.0,7,Recinto VIP,2026-05-21T14:45:07.875637900
751,ENCLOSURE_FEE_PREMIUM,30.0,8,Recinto Premium,2026-05-21T14:45:07.875637900
866,SOUVENIR,15.0,9,Recinto Central,2026-05-21T14:45:07.876693400
746,ENCLOSURE_FEE_BASIC,10.0,9,Recinto Básico,2026-05-21T14:45:07.876693400
778,ENCLOSURE_FEE_VIP,75.0,10,Recinto VIP,2026-05-21T14:45:07.877700700
867,SOUVENIR,15.0,11,Recinto Central,2026-05-21T14:45:07.877700700
779,ENCLOSURE_FEE_VIP,75.0,11,Recinto VIP,2026-05-21T14:45:07.878701400
780,ENCLOSURE_FEE_VIP,75.0,12,Recinto VIP,2026-05-21T14:45:07.878701400
868,SOUVENIR,15.0,13,Recinto Central,2026-05-21T14:45:07.878701400
747,ENCLOSURE_FEE_BASIC,10.0,13,Recinto Básico,2026-05-21T14:45:07.878701400
781,ENCLOSURE_FEE_VIP,75.0,14,Recinto VIP,2026-05-21T14:45:07.879698
782,ENCLOSURE_FEE_VIP,75.0,15,Recinto VIP,2026-05-21T14:45:07.879698
748,ENCLOSURE_FEE_BASIC,10.0,16,Recinto Básico,2026-05-21T14:45:07.879698
752,ENCLOSURE_FEE_PREMIUM,30.0,17,Recinto Premium,2026-05-21T14:45:07.879698
749,ENCLOSURE_FEE_BASIC,10.0,18,Recinto Básico,2026-05-21T14:45:07.880700
753,ENCLOSURE_FEE_PREMIUM,30.0,19,Recinto Premium,2026-05-21T14:45:07.880700
869,SOUVENIR,15.0,20,Recinto Central,2026-05-21T14:45:07.880700
750,ENCLOSURE_FEE_BASIC,10.0,20,Recinto Básico,2026-05-21T14:45:07.881700100
754,ENCLOSURE_FEE_PREMIUM,30.0,21,Recinto Premium,2026-05-21T14:45:07.881700100
870,SOUVENIR,15.0,22,Recinto Central,2026-05-21T14:45:07.881700100
751,ENCLOSURE_FEE_BASIC,10.0,22,Recinto Básico,2026-05-21T14:45:07.882695200
752,ENCLOSURE_FEE_BASIC,10.0,23,Recinto Básico,2026-05-21T14:45:07.882695200
753,ENCLOSURE_FEE_BASIC,10.0,24,Recinto Básico,2026-05-21T14:45:07.882695200
755,ENCLOSURE_FEE_PREMIUM,30.0,25,Recinto Premium,2026-05-21T14:45:07.883711600
756,ENCLOSURE_FEE_PREMIUM,30.0,26,Recinto Premium,2026-05-21T14:45:07.884710800
757,ENCLOSURE_FEE_PREMIUM,30.0,27,Recinto Premium,2026-05-21T14:45:07.884710800
871,SOUVENIR,15.0,28,Recinto Central,2026-05-21T14:45:07.884710800
758,ENCLOSURE_FEE_PREMIUM,30.0,28,Recinto Premium,2026-05-21T14:45:07.885710100
759,ENCLOSURE_FEE_PREMIUM,30.0,29,Recinto Premium,2026-05-21T14:45:07.885710100
783,ENCLOSURE_FEE_VIP,75.0,30,Recinto VIP,2026-05-21T14:45:07.887274300
760,ENCLOSURE_FEE_PREMIUM,30.0,1,Recinto Premium,2026-05-21T14:45:07.887274300
784,ENCLOSURE_FEE_VIP,75.0,2,Recinto VIP,2026-05-21T14:45:07.888860400
872,SOUVENIR,15.0,3,Recinto Central,2026-05-21T14:45:07.888860400
754,ENCLOSURE_FEE_BASIC,10.0,3,Recinto Básico,2026-05-21T14:45:07.889870200
873,SOUVENIR,15.0,4,Recinto Central,2026-05-21T14:45:07.889870200
755,ENCLOSURE_FEE_BASIC,10.0,4,Recinto Básico,2026-05-21T14:45:07.889870200
874,SOUVENIR,15.0,5,Recinto Central,2026-05-21T14:45:07.889870200
756,ENCLOSURE_FEE_BASIC,10.0,5,Recinto Básico,2026-05-21T14:45:07.891297700
875,SOUVENIR,15.0,6,Recinto Central,2026-05-21T14:45:07.891297700
757,ENCLOSURE_FEE_BASIC,10.0,6,Recinto Básico,2026-05-21T14:45:07.891297700
758,ENCLOSURE_FEE_BASIC,10.0,7,Recinto Básico,2026-05-21T14:45:07.892433800
785,ENCLOSURE_FEE_VIP,75.0,8,Recinto VIP,2026-05-21T14:45:07.892433800
786,ENCLOSURE_FEE_VIP,75.0,9,Recinto VIP,2026-05-21T14:45:07.893834400
787,ENCLOSURE_FEE_VIP,75.0,10,Recinto VIP,2026-05-21T14:45:07.893834400
876,SOUVENIR,15.0,11,Recinto Central,2026-05-21T14:45:07.894853400
788,ENCLOSURE_FEE_VIP,75.0,11,Recinto VIP,2026-05-21T14:45:07.894853400
759,ENCLOSURE_FEE_BASIC,10.0,12,Recinto Básico,2026-05-21T14:45:07.894853400
761,ENCLOSURE_FEE_PREMIUM,30.0,13,Recinto Premium,2026-05-21T14:45:07.896074100
789,ENCLOSURE_FEE_VIP,75.0,14,Recinto VIP,2026-05-21T14:45:07.896074100
790,ENCLOSURE_FEE_VIP,75.0,15,Recinto VIP,2026-05-21T14:45:07.896074100
791,ENCLOSURE_FEE_VIP,75.0,16,Recinto VIP,2026-05-21T14:45:07.896074100
760,ENCLOSURE_FEE_BASIC,10.0,17,Recinto Básico,2026-05-21T14:45:07.897079300
762,ENCLOSURE_FEE_PREMIUM,30.0,18,Recinto Premium,2026-05-21T14:45:07.897079300
763,ENCLOSURE_FEE_PREMIUM,30.0,19,Recinto Premium,2026-05-21T14:45:07.897079300
877,SOUVENIR,15.0,20,Recinto Central,2026-05-21T14:45:07.898586100
761,ENCLOSURE_FEE_BASIC,10.0,20,Recinto Básico,2026-05-21T14:45:07.898586100
792,ENCLOSURE_FEE_VIP,75.0,21,Recinto VIP,2026-05-21T14:45:07.898586100
878,SOUVENIR,15.0,22,Recinto Central,2026-05-21T14:45:07.898586100
762,ENCLOSURE_FEE_BASIC,10.0,22,Recinto Básico,2026-05-21T14:45:07.899927900
879,SOUVENIR,15.0,23,Recinto Central,2026-05-21T14:45:07.899927900
793,ENCLOSURE_FEE_VIP,75.0,23,Recinto VIP,2026-05-21T14:45:07.899927900
880,SOUVENIR,15.0,24,Recinto Central,2026-05-21T14:45:07.900924
794,ENCLOSURE_FEE_VIP,75.0,24,Recinto VIP,2026-05-21T14:45:07.900924
881,SOUVENIR,15.0,25,Recinto Central,2026-05-21T14:45:07.900924
763,ENCLOSURE_FEE_BASIC,10.0,25,Recinto Básico,2026-05-21T14:45:07.902026800
882,SOUVENIR,15.0,26,Recinto Central,2026-05-21T14:45:07.903165400
764,ENCLOSURE_FEE_BASIC,10.0,26,Recinto Básico,2026-05-21T14:45:07.903165400
883,SOUVENIR,15.0,27,Recinto Central,2026-05-21T14:45:07.903165400
795,ENCLOSURE_FEE_VIP,75.0,27,Recinto VIP,2026-05-21T14:45:07.904167600
764,ENCLOSURE_FEE_PREMIUM,30.0,28,Recinto Premium,2026-05-21T14:45:07.904167600
765,ENCLOSURE_FEE_PREMIUM,30.0,29,Recinto Premium,2026-05-21T14:45:07.904167600
765,ENCLOSURE_FEE_BASIC,10.0,30,Recinto Básico,2026-05-21T14:45:07.904167600
884,SOUVENIR,15.0,1,Recinto Central,2026-05-21T14:45:07.905629600
766,ENCLOSURE_FEE_BASIC,10.0,1,Recinto Básico,2026-05-21T14:45:07.907122600
796,ENCLOSURE_FEE_VIP,75.0,2,Recinto VIP,2026-05-21T14:45:07.907122600
766,ENCLOSURE_FEE_PREMIUM,30.0,3,Recinto Premium,2026-05-21T14:45:07.907122600
767,ENCLOSURE_FEE_PREMIUM,30.0,4,Recinto Premium,2026-05-21T14:45:07.911449200
885,SOUVENIR,15.0,5,Recinto Central,2026-05-21T14:45:07.911449200
767,ENCLOSURE_FEE_BASIC,10.0,5,Recinto Básico,2026-05-21T14:45:07.912450900
797,ENCLOSURE_FEE_VIP,75.0,6,Recinto VIP,2026-05-21T14:45:07.912964400
768,ENCLOSURE_FEE_PREMIUM,30.0,7,Recinto Premium,2026-05-21T14:45:07.912964400
768,ENCLOSURE_FEE_BASIC,10.0,8,Recinto Básico,2026-05-21T14:45:07.912964400
886,SOUVENIR,15.0,9,Recinto Central,2026-05-21T14:45:07.913975500
798,ENCLOSURE_FEE_VIP,75.0,9,Recinto VIP,2026-05-21T14:45:07.913975500
887,SOUVENIR,15.0,10,Recinto Central,2026-05-21T14:45:07.913975500
769,ENCLOSURE_FEE_BASIC,10.0,10,Recinto Básico,2026-05-21T14:45:07.914983300
769,ENCLOSURE_FEE_PREMIUM,30.0,11,Recinto Premium,2026-05-21T14:45:07.914983300
770,ENCLOSURE_FEE_PREMIUM,30.0,12,Recinto Premium,2026-05-21T14:45:07.914983300
888,SOUVENIR,15.0,13,Recinto Central,2026-05-21T14:45:07.915978600
771,ENCLOSURE_FEE_PREMIUM,30.0,13,Recinto Premium,2026-05-21T14:45:07.916977100
799,ENCLOSURE_FEE_VIP,75.0,14,Recinto VIP,2026-05-21T14:45:07.916977100
800,ENCLOSURE_FEE_VIP,75.0,15,Recinto VIP,2026-05-21T14:45:07.916977100
770,ENCLOSURE_FEE_BASIC,10.0,16,Recinto Básico,2026-05-21T14:45:07.916977100
772,ENCLOSURE_FEE_PREMIUM,30.0,17,Recinto Premium,2026-05-21T14:45:07.918498800
773,ENCLOSURE_FEE_PREMIUM,30.0,18,Recinto Premium,2026-05-21T14:45:07.919515400
771,ENCLOSURE_FEE_BASIC,10.0,19,Recinto Básico,2026-05-21T14:45:07.919515400
772,ENCLOSURE_FEE_BASIC,10.0,20,Recinto Básico,2026-05-21T14:45:07.920516100
889,SOUVENIR,15.0,21,Recinto Central,2026-05-21T14:45:07.920516100
773,ENCLOSURE_FEE_BASIC,10.0,21,Recinto Básico,2026-05-21T14:45:07.920516100
890,SOUVENIR,15.0,22,Recinto Central,2026-05-21T14:45:07.921514200
774,ENCLOSURE_FEE_BASIC,10.0,22,Recinto Básico,2026-05-21T14:45:07.921514200
891,SOUVENIR,15.0,23,Recinto Central,2026-05-21T14:45:07.922509200
774,ENCLOSURE_FEE_PREMIUM,30.0,23,Recinto Premium,2026-05-21T14:45:07.922509200
892,SOUVENIR,15.0,24,Recinto Central,2026-05-21T14:45:07.923516800
801,ENCLOSURE_FEE_VIP,75.0,24,Recinto VIP,2026-05-21T14:45:07.924512900
775,ENCLOSURE_FEE_PREMIUM,30.0,25,Recinto Premium,2026-05-21T14:45:07.924512900
775,ENCLOSURE_FEE_BASIC,10.0,26,Recinto Básico,2026-05-21T14:45:07.925513400
802,ENCLOSURE_FEE_VIP,75.0,27,Recinto VIP,2026-05-21T14:45:07.925513400
893,SOUVENIR,15.0,28,Recinto Central,2026-05-21T14:45:07.925513400
776,ENCLOSURE_FEE_PREMIUM,30.0,28,Recinto Premium,2026-05-21T14:45:07.926514
777,ENCLOSURE_FEE_PREMIUM,30.0,29,Recinto Premium,2026-05-21T14:45:07.926514
803,ENCLOSURE_FEE_VIP,75.0,30,Recinto VIP,2026-05-21T14:45:07.927512200
778,ENCLOSURE_FEE_PREMIUM,30.0,1,Recinto Premium,2026-05-21T14:45:07.928510800
894,SOUVENIR,15.0,2,Recinto Central,2026-05-21T14:45:07.928510800
776,ENCLOSURE_FEE_BASIC,10.0,2,Recinto Básico,2026-05-21T14:45:07.929514200
50,SPA_SERVICE,20.0,3,Baños y SPA,2026-05-21T14:45:07.929514200
779,ENCLOSURE_FEE_PREMIUM,30.0,3,Recinto Premium,2026-05-21T14:45:07.930514600
777,ENCLOSURE_FEE_BASIC,10.0,4,Recinto Básico,2026-05-21T14:45:07.930514600
895,SOUVENIR,15.0,5,Recinto Central,2026-05-21T14:45:07.930514600
804,ENCLOSURE_FEE_VIP,75.0,5,Recinto VIP,2026-05-21T14:45:07.931513700
896,SOUVENIR,15.0,6,Recinto Central,2026-05-21T14:45:07.932515300
780,ENCLOSURE_FEE_PREMIUM,30.0,6,Recinto Premium,2026-05-21T14:45:07.932515300
805,ENCLOSURE_FEE_VIP,75.0,7,Recinto VIP,2026-05-21T14:45:07.932515300
897,SOUVENIR,15.0,8,Recinto Central,2026-05-21T14:45:07.933515600
781,ENCLOSURE_FEE_PREMIUM,30.0,8,Recinto Premium,2026-05-21T14:45:07.933515600
778,ENCLOSURE_FEE_BASIC,10.0,9,Recinto Básico,2026-05-21T14:45:07.934530800
806,ENCLOSURE_FEE_VIP,75.0,10,Recinto VIP,2026-05-21T14:45:07.934530800
898,SOUVENIR,15.0,11,Recinto Central,2026-05-21T14:45:07.935524400
782,ENCLOSURE_FEE_PREMIUM,30.0,11,Recinto Premium,2026-05-21T14:45:07.935524400
807,ENCLOSURE_FEE_VIP,75.0,12,Recinto VIP,2026-05-21T14:45:07.936529700
808,ENCLOSURE_FEE_VIP,75.0,13,Recinto VIP,2026-05-21T14:45:07.937531200
809,ENCLOSURE_FEE_VIP,75.0,14,Recinto VIP,2026-05-21T14:45:07.937531200
783,ENCLOSURE_FEE_PREMIUM,30.0,15,Recinto Premium,2026-05-21T14:45:07.938528300
810,ENCLOSURE_FEE_VIP,75.0,16,Recinto VIP,2026-05-21T14:45:07.938528300
899,SOUVENIR,15.0,17,Recinto Central,2026-05-21T14:45:07.938528300
779,ENCLOSURE_FEE_BASIC,10.0,17,Recinto Básico,2026-05-21T14:45:07.939527900
780,ENCLOSURE_FEE_BASIC,10.0,18,Recinto Básico,2026-05-21T14:45:07.939527900
900,SOUVENIR,15.0,19,Recinto Central,2026-05-21T14:45:07.939527900
811,ENCLOSURE_FEE_VIP,75.0,19,Recinto VIP,2026-05-21T14:45:07.940530700
781,ENCLOSURE_FEE_BASIC,10.0,20,Recinto Básico,2026-05-21T14:45:07.940530700
784,ENCLOSURE_FEE_PREMIUM,30.0,21,Recinto Premium,2026-05-21T14:45:07.941530600
901,SOUVENIR,15.0,22,Recinto Central,2026-05-21T14:45:07.941530600
782,ENCLOSURE_FEE_BASIC,10.0,22,Recinto Básico,2026-05-21T14:45:07.942528600
902,SOUVENIR,15.0,23,Recinto Central,2026-05-21T14:45:07.942528600
783,ENCLOSURE_FEE_BASIC,10.0,23,Recinto Básico,2026-05-21T14:45:07.943529500
785,ENCLOSURE_FEE_PREMIUM,30.0,24,Recinto Premium,2026-05-21T14:45:07.944527100
784,ENCLOSURE_FEE_BASIC,10.0,25,Recinto Básico,2026-05-21T14:45:07.944527100
812,ENCLOSURE_FEE_VIP,75.0,26,Recinto VIP,2026-05-21T14:45:07.945529200
903,SOUVENIR,15.0,27,Recinto Central,2026-05-21T14:45:07.945529200
785,ENCLOSURE_FEE_BASIC,10.0,27,Recinto Básico,2026-05-21T14:45:07.945529200
904,SOUVENIR,15.0,28,Recinto Central,2026-05-21T14:45:07.946755300
786,ENCLOSURE_FEE_PREMIUM,30.0,28,Recinto Premium,2026-05-21T14:45:07.946755300
786,ENCLOSURE_FEE_BASIC,10.0,29,Recinto Básico,2026-05-21T14:45:07.946755300
787,ENCLOSURE_FEE_PREMIUM,30.0,30,Recinto Premium,2026-05-21T14:45:07.948263
905,SOUVENIR,15.0,1,Recinto Central,2026-05-21T14:45:07.949507600
813,ENCLOSURE_FEE_VIP,75.0,1,Recinto VIP,2026-05-21T14:45:07.949507600
787,ENCLOSURE_FEE_BASIC,10.0,2,Recinto Básico,2026-05-21T14:45:07.950538700
788,ENCLOSURE_FEE_BASIC,10.0,3,Recinto Básico,2026-05-21T14:45:07.950538700
906,SOUVENIR,15.0,4,Recinto Central,2026-05-21T14:45:07.951986300
788,ENCLOSURE_FEE_PREMIUM,30.0,4,Recinto Premium,2026-05-21T14:45:07.951986300
789,ENCLOSURE_FEE_PREMIUM,30.0,5,Recinto Premium,2026-05-21T14:45:07.952973500
814,ENCLOSURE_FEE_VIP,75.0,6,Recinto VIP,2026-05-21T14:45:07.952973500
815,ENCLOSURE_FEE_VIP,75.0,7,Recinto VIP,2026-05-21T14:45:07.954047100
816,ENCLOSURE_FEE_VIP,75.0,8,Recinto VIP,2026-05-21T14:45:07.954047100
907,SOUVENIR,15.0,9,Recinto Central,2026-05-21T14:45:07.954047100
817,ENCLOSURE_FEE_VIP,75.0,9,Recinto VIP,2026-05-21T14:45:07.954047100
818,ENCLOSURE_FEE_VIP,75.0,10,Recinto VIP,2026-05-21T14:45:07.955485100
790,ENCLOSURE_FEE_PREMIUM,30.0,11,Recinto Premium,2026-05-21T14:45:07.955485100
908,SOUVENIR,15.0,12,Recinto Central,2026-05-21T14:45:07.956487200
789,ENCLOSURE_FEE_BASIC,10.0,12,Recinto Básico,2026-05-21T14:45:07.956487200
819,ENCLOSURE_FEE_VIP,75.0,13,Recinto VIP,2026-05-21T14:45:07.957488100
820,ENCLOSURE_FEE_VIP,75.0,14,Recinto VIP,2026-05-21T14:45:07.957488100
790,ENCLOSURE_FEE_BASIC,10.0,15,Recinto Básico,2026-05-21T14:45:07.957488100
909,SOUVENIR,15.0,16,Recinto Central,2026-05-21T14:45:07.958762800
821,ENCLOSURE_FEE_VIP,75.0,16,Recinto VIP,2026-05-21T14:45:07.958762800
822,ENCLOSURE_FEE_VIP,75.0,17,Recinto VIP,2026-05-21T14:45:07.959761400
823,ENCLOSURE_FEE_VIP,75.0,18,Recinto VIP,2026-05-21T14:45:07.959761400
824,ENCLOSURE_FEE_VIP,75.0,19,Recinto VIP,2026-05-21T14:45:07.960797700
910,SOUVENIR,15.0,20,Recinto Central,2026-05-21T14:45:07.960797700
791,ENCLOSURE_FEE_PREMIUM,30.0,20,Recinto Premium,2026-05-21T14:45:07.961806400
792,ENCLOSURE_FEE_PREMIUM,30.0,21,Recinto Premium,2026-05-21T14:45:07.961806400
911,SOUVENIR,15.0,22,Recinto Central,2026-05-21T14:45:07.962793900
791,ENCLOSURE_FEE_BASIC,10.0,22,Recinto Básico,2026-05-21T14:45:07.962793900
792,ENCLOSURE_FEE_BASIC,10.0,23,Recinto Básico,2026-05-21T14:45:07.962793900
912,SOUVENIR,15.0,24,Recinto Central,2026-05-21T14:45:07.962793900
825,ENCLOSURE_FEE_VIP,75.0,24,Recinto VIP,2026-05-21T14:45:07.962793900
826,ENCLOSURE_FEE_VIP,75.0,25,Recinto VIP,2026-05-21T14:45:07.964157900
793,ENCLOSURE_FEE_PREMIUM,30.0,26,Recinto Premium,2026-05-21T14:45:07.964157900
794,ENCLOSURE_FEE_PREMIUM,30.0,27,Recinto Premium,2026-05-21T14:45:07.964157900
795,ENCLOSURE_FEE_PREMIUM,30.0,28,Recinto Premium,2026-05-21T14:45:07.964157900
913,SOUVENIR,15.0,29,Recinto Central,2026-05-21T14:45:07.964157900
827,ENCLOSURE_FEE_VIP,75.0,29,Recinto VIP,2026-05-21T14:45:07.965684500
914,SOUVENIR,15.0,30,Recinto Central,2026-05-21T14:45:07.965684500
793,ENCLOSURE_FEE_BASIC,10.0,30,Recinto Básico,2026-05-21T14:45:07.965684500
915,SOUVENIR,15.0,1,Recinto Central,2026-05-21T14:45:07.967173
796,ENCLOSURE_FEE_PREMIUM,30.0,1,Recinto Premium,2026-05-21T14:45:07.968172
797,ENCLOSURE_FEE_PREMIUM,30.0,2,Recinto Premium,2026-05-21T14:45:07.968681400
916,SOUVENIR,15.0,3,Recinto Central,2026-05-21T14:45:07.968681400
794,ENCLOSURE_FEE_BASIC,10.0,3,Recinto Básico,2026-05-21T14:45:07.969691900
798,ENCLOSURE_FEE_PREMIUM,30.0,4,Recinto Premium,2026-05-21T14:45:07.969691900
917,SOUVENIR,15.0,5,Recinto Central,2026-05-21T14:45:07.969691900
799,ENCLOSURE_FEE_PREMIUM,30.0,5,Recinto Premium,2026-05-21T14:45:07.971076400
828,ENCLOSURE_FEE_VIP,75.0,6,Recinto VIP,2026-05-21T14:45:07.971076400
918,SOUVENIR,15.0,7,Recinto Central,2026-05-21T14:45:07.971076400
795,ENCLOSURE_FEE_BASIC,10.0,7,Recinto Básico,2026-05-21T14:45:07.972332700
829,ENCLOSURE_FEE_VIP,75.0,8,Recinto VIP,2026-05-21T14:45:07.972332700
796,ENCLOSURE_FEE_BASIC,10.0,9,Recinto Básico,2026-05-21T14:45:07.973334800
800,ENCLOSURE_FEE_PREMIUM,30.0,10,Recinto Premium,2026-05-21T14:45:07.973334800
919,SOUVENIR,15.0,11,Recinto Central,2026-05-21T14:45:07.973334800
830,ENCLOSURE_FEE_VIP,75.0,11,Recinto VIP,2026-05-21T14:45:07.973334800
831,ENCLOSURE_FEE_VIP,75.0,12,Recinto VIP,2026-05-21T14:45:07.974332600
832,ENCLOSURE_FEE_VIP,75.0,13,Recinto VIP,2026-05-21T14:45:07.974332600
797,ENCLOSURE_FEE_BASIC,10.0,14,Recinto Básico,2026-05-21T14:45:07.974332600
798,ENCLOSURE_FEE_BASIC,10.0,15,Recinto Básico,2026-05-21T14:45:07.975336800
833,ENCLOSURE_FEE_VIP,75.0,16,Recinto VIP,2026-05-21T14:45:07.975336800
799,ENCLOSURE_FEE_BASIC,10.0,17,Recinto Básico,2026-05-21T14:45:07.975336800
920,SOUVENIR,15.0,18,Recinto Central,2026-05-21T14:45:07.975336800
801,ENCLOSURE_FEE_PREMIUM,30.0,18,Recinto Premium,2026-05-21T14:45:07.976623700
800,ENCLOSURE_FEE_BASIC,10.0,19,Recinto Básico,2026-05-21T14:45:07.976623700
834,ENCLOSURE_FEE_VIP,75.0,20,Recinto VIP,2026-05-21T14:45:07.976623700
802,ENCLOSURE_FEE_PREMIUM,30.0,21,Recinto Premium,2026-05-21T14:45:07.977624700
835,ENCLOSURE_FEE_VIP,75.0,22,Recinto VIP,2026-05-21T14:45:07.977624700
921,SOUVENIR,15.0,23,Recinto Central,2026-05-21T14:45:07.977624700
801,ENCLOSURE_FEE_BASIC,10.0,23,Recinto Básico,2026-05-21T14:45:07.978821400
922,SOUVENIR,15.0,24,Recinto Central,2026-05-21T14:45:07.978821400
836,ENCLOSURE_FEE_VIP,75.0,24,Recinto VIP,2026-05-21T14:45:07.978821400
923,SOUVENIR,15.0,25,Recinto Central,2026-05-21T14:45:07.978821400
803,ENCLOSURE_FEE_PREMIUM,30.0,25,Recinto Premium,2026-05-21T14:45:07.980013100
804,ENCLOSURE_FEE_PREMIUM,30.0,26,Recinto Premium,2026-05-21T14:45:07.980013100
924,SOUVENIR,15.0,27,Recinto Central,2026-05-21T14:45:07.980013100
805,ENCLOSURE_FEE_PREMIUM,30.0,27,Recinto Premium,2026-05-21T14:45:07.981389100
837,ENCLOSURE_FEE_VIP,75.0,28,Recinto VIP,2026-05-21T14:45:07.981389100
925,SOUVENIR,15.0,29,Recinto Central,2026-05-21T14:45:07.982387200
838,ENCLOSURE_FEE_VIP,75.0,29,Recinto VIP,2026-05-21T14:45:07.982387200
802,ENCLOSURE_FEE_BASIC,10.0,30,Recinto Básico,2026-05-21T14:45:07.982387200
839,ENCLOSURE_FEE_VIP,75.0,1,Recinto VIP,2026-05-21T14:45:07.983390300
803,ENCLOSURE_FEE_BASIC,10.0,2,Recinto Básico,2026-05-21T14:45:07.984852800
804,ENCLOSURE_FEE_BASIC,10.0,3,Recinto Básico,2026-05-21T14:45:07.985844700
51,SPA_SERVICE,20.0,4,Baños y SPA,2026-05-21T14:45:07.985844700
806,ENCLOSURE_FEE_PREMIUM,30.0,4,Recinto Premium,2026-05-21T14:45:07.987330200
926,SOUVENIR,15.0,5,Recinto Central,2026-05-21T14:45:07.987330200
840,ENCLOSURE_FEE_VIP,75.0,5,Recinto VIP,2026-05-21T14:45:07.988681300
927,SOUVENIR,15.0,6,Recinto Central,2026-05-21T14:45:07.988681300
805,ENCLOSURE_FEE_BASIC,10.0,6,Recinto Básico,2026-05-21T14:45:07.988681300
841,ENCLOSURE_FEE_VIP,75.0,7,Recinto VIP,2026-05-21T14:45:07.989700
928,SOUVENIR,15.0,8,Recinto Central,2026-05-21T14:45:07.989700
807,ENCLOSURE_FEE_PREMIUM,30.0,8,Recinto Premium,2026-05-21T14:45:07.990777600
808,ENCLOSURE_FEE_PREMIUM,30.0,9,Recinto Premium,2026-05-21T14:45:07.990777600
806,ENCLOSURE_FEE_BASIC,10.0,10,Recinto Básico,2026-05-21T14:45:07.992052400
929,SOUVENIR,15.0,11,Recinto Central,2026-05-21T14:45:07.992052400
807,ENCLOSURE_FEE_BASIC,10.0,11,Recinto Básico,2026-05-21T14:45:07.992052400
930,SOUVENIR,15.0,12,Recinto Central,2026-05-21T14:45:07.993410300
842,ENCLOSURE_FEE_VIP,75.0,12,Recinto VIP,2026-05-21T14:45:07.993410300
931,SOUVENIR,15.0,13,Recinto Central,2026-05-21T14:45:07.993410300
808,ENCLOSURE_FEE_BASIC,10.0,13,Recinto Básico,2026-05-21T14:45:07.993410300
809,ENCLOSURE_FEE_PREMIUM,30.0,14,Recinto Premium,2026-05-21T14:45:07.994498200
809,ENCLOSURE_FEE_BASIC,10.0,15,Recinto Básico,2026-05-21T14:45:07.994498200
810,ENCLOSURE_FEE_PREMIUM,30.0,16,Recinto Premium,2026-05-21T14:45:07.995546
811,ENCLOSURE_FEE_PREMIUM,30.0,17,Recinto Premium,2026-05-21T14:45:07.995546
932,SOUVENIR,15.0,18,Recinto Central,2026-05-21T14:45:07.996548700
810,ENCLOSURE_FEE_BASIC,10.0,18,Recinto Básico,2026-05-21T14:45:07.996548700
812,ENCLOSURE_FEE_PREMIUM,30.0,19,Recinto Premium,2026-05-21T14:45:07.996548700
843,ENCLOSURE_FEE_VIP,75.0,20,Recinto VIP,2026-05-21T14:45:07.997683100
811,ENCLOSURE_FEE_BASIC,10.0,21,Recinto Básico,2026-05-21T14:45:07.997683100
933,SOUVENIR,15.0,22,Recinto Central,2026-05-21T14:45:07.997683100
813,ENCLOSURE_FEE_PREMIUM,30.0,22,Recinto Premium,2026-05-21T14:45:07.998682700
814,ENCLOSURE_FEE_PREMIUM,30.0,23,Recinto Premium,2026-05-21T14:45:07.998682700
844,ENCLOSURE_FEE_VIP,75.0,24,Recinto VIP,2026-05-21T14:45:07.998682700
815,ENCLOSURE_FEE_PREMIUM,30.0,25,Recinto Premium,2026-05-21T14:45:07.998682700
934,SOUVENIR,15.0,26,Recinto Central,2026-05-21T14:45:08.000076900
812,ENCLOSURE_FEE_BASIC,10.0,26,Recinto Básico,2026-05-21T14:45:08.001188700
935,SOUVENIR,15.0,27,Recinto Central,2026-05-21T14:45:08.002191200
845,ENCLOSURE_FEE_VIP,75.0,27,Recinto VIP,2026-05-21T14:45:08.002191200
816,ENCLOSURE_FEE_PREMIUM,30.0,28,Recinto Premium,2026-05-21T14:45:08.002191200
846,ENCLOSURE_FEE_VIP,75.0,29,Recinto VIP,2026-05-21T14:45:08.003539200
817,ENCLOSURE_FEE_PREMIUM,30.0,30,Recinto Premium,2026-05-21T14:45:08.003539200
936,SOUVENIR,15.0,1,Recinto Central,2026-05-21T14:45:08.004538400
847,ENCLOSURE_FEE_VIP,75.0,1,Recinto VIP,2026-05-21T14:45:08.006003200
937,SOUVENIR,15.0,2,Recinto Central,2026-05-21T14:45:08.006003200
813,ENCLOSURE_FEE_BASIC,10.0,2,Recinto Básico,2026-05-21T14:45:08.006998200
848,ENCLOSURE_FEE_VIP,75.0,3,Recinto VIP,2026-05-21T14:45:08.006998200
849,ENCLOSURE_FEE_VIP,75.0,4,Recinto VIP,2026-05-21T14:45:08.006998200
938,SOUVENIR,15.0,5,Recinto Central,2026-05-21T14:45:08.008047100
850,ENCLOSURE_FEE_VIP,75.0,5,Recinto VIP,2026-05-21T14:45:08.008047100
939,SOUVENIR,15.0,6,Recinto Central,2026-05-21T14:45:08.009157300
818,ENCLOSURE_FEE_PREMIUM,30.0,6,Recinto Premium,2026-05-21T14:45:08.009157300
940,SOUVENIR,15.0,7,Recinto Central,2026-05-21T14:45:08.010487900
814,ENCLOSURE_FEE_BASIC,10.0,7,Recinto Básico,2026-05-21T14:45:08.010487900
941,SOUVENIR,15.0,8,Recinto Central,2026-05-21T14:45:08.011492700
851,ENCLOSURE_FEE_VIP,75.0,8,Recinto VIP,2026-05-21T14:45:08.011492700
852,ENCLOSURE_FEE_VIP,75.0,9,Recinto VIP,2026-05-21T14:45:08.012526100
942,SOUVENIR,15.0,10,Recinto Central,2026-05-21T14:45:08.012526100
853,ENCLOSURE_FEE_VIP,75.0,10,Recinto VIP,2026-05-21T14:45:08.012526100
815,ENCLOSURE_FEE_BASIC,10.0,11,Recinto Básico,2026-05-21T14:45:08.013840600
816,ENCLOSURE_FEE_BASIC,10.0,12,Recinto Básico,2026-05-21T14:45:08.013840600
854,ENCLOSURE_FEE_VIP,75.0,13,Recinto VIP,2026-05-21T14:45:08.013840600
819,ENCLOSURE_FEE_PREMIUM,30.0,14,Recinto Premium,2026-05-21T14:45:08.013840600
820,ENCLOSURE_FEE_PREMIUM,30.0,15,Recinto Premium,2026-05-21T14:45:08.015065700
855,ENCLOSURE_FEE_VIP,75.0,16,Recinto VIP,2026-05-21T14:45:08.015065700
856,ENCLOSURE_FEE_VIP,75.0,17,Recinto VIP,2026-05-21T14:45:08.016062900
857,ENCLOSURE_FEE_VIP,75.0,18,Recinto VIP,2026-05-21T14:45:08.016062900
943,SOUVENIR,15.0,19,Recinto Central,2026-05-21T14:45:08.016062900
817,ENCLOSURE_FEE_BASIC,10.0,19,Recinto Básico,2026-05-21T14:45:08.016062900
944,SOUVENIR,15.0,20,Recinto Central,2026-05-21T14:45:08.017435200
858,ENCLOSURE_FEE_VIP,75.0,20,Recinto VIP,2026-05-21T14:45:08.018440300
818,ENCLOSURE_FEE_BASIC,10.0,21,Recinto Básico,2026-05-21T14:45:08.018440300
945,SOUVENIR,15.0,22,Recinto Central,2026-05-21T14:45:08.019446100
821,ENCLOSURE_FEE_PREMIUM,30.0,22,Recinto Premium,2026-05-21T14:45:08.019446100
946,SOUVENIR,15.0,23,Recinto Central,2026-05-21T14:45:08.020846900
822,ENCLOSURE_FEE_PREMIUM,30.0,23,Recinto Premium,2026-05-21T14:45:08.021361100
823,ENCLOSURE_FEE_PREMIUM,30.0,24,Recinto Premium,2026-05-21T14:45:08.021361100
947,SOUVENIR,15.0,25,Recinto Central,2026-05-21T14:45:08.021361100
859,ENCLOSURE_FEE_VIP,75.0,25,Recinto VIP,2026-05-21T14:45:08.022375600
824,ENCLOSURE_FEE_PREMIUM,30.0,26,Recinto Premium,2026-05-21T14:45:08.022375600
860,ENCLOSURE_FEE_VIP,75.0,27,Recinto VIP,2026-05-21T14:45:08.022375600
819,ENCLOSURE_FEE_BASIC,10.0,28,Recinto Básico,2026-05-21T14:45:08.023373100
948,SOUVENIR,15.0,29,Recinto Central,2026-05-21T14:45:08.023373100
820,ENCLOSURE_FEE_BASIC,10.0,29,Recinto Básico,2026-05-21T14:45:08.024374700
949,SOUVENIR,15.0,30,Recinto Central,2026-05-21T14:45:08.024374700
825,ENCLOSURE_FEE_PREMIUM,30.0,30,Recinto Premium,2026-05-21T14:45:08.025370100
950,SOUVENIR,15.0,1,Recinto Central,2026-05-21T14:45:08.026416200
821,ENCLOSURE_FEE_BASIC,10.0,1,Recinto Básico,2026-05-21T14:45:08.027411400
826,ENCLOSURE_FEE_PREMIUM,30.0,2,Recinto Premium,2026-05-21T14:45:08.027411400
951,SOUVENIR,15.0,3,Recinto Central,2026-05-21T14:45:08.027411400
822,ENCLOSURE_FEE_BASIC,10.0,3,Recinto Básico,2026-05-21T14:45:08.027411400
823,ENCLOSURE_FEE_BASIC,10.0,4,Recinto Básico,2026-05-21T14:45:08.027411400
952,SOUVENIR,15.0,5,Recinto Central,2026-05-21T14:45:08.028828200
861,ENCLOSURE_FEE_VIP,75.0,5,Recinto VIP,2026-05-21T14:45:08.028828200
827,ENCLOSURE_FEE_PREMIUM,30.0,6,Recinto Premium,2026-05-21T14:45:08.029831100
824,ENCLOSURE_FEE_BASIC,10.0,7,Recinto Básico,2026-05-21T14:45:08.029831100
953,SOUVENIR,15.0,8,Recinto Central,2026-05-21T14:45:08.029831100
825,ENCLOSURE_FEE_BASIC,10.0,8,Recinto Básico,2026-05-21T14:45:08.031056500
828,ENCLOSURE_FEE_PREMIUM,30.0,9,Recinto Premium,2026-05-21T14:45:08.031056500
954,SOUVENIR,15.0,10,Recinto Central,2026-05-21T14:45:08.031056500
862,ENCLOSURE_FEE_VIP,75.0,10,Recinto VIP,2026-05-21T14:45:08.032056800
955,SOUVENIR,15.0,11,Recinto Central,2026-05-21T14:45:08.032056800
826,ENCLOSURE_FEE_BASIC,10.0,11,Recinto Básico,2026-05-21T14:45:08.032056800
863,ENCLOSURE_FEE_VIP,75.0,12,Recinto VIP,2026-05-21T14:45:08.033066100
864,ENCLOSURE_FEE_VIP,75.0,13,Recinto VIP,2026-05-21T14:45:08.034082800
956,SOUVENIR,15.0,14,Recinto Central,2026-05-21T14:45:08.034082800
829,ENCLOSURE_FEE_PREMIUM,30.0,14,Recinto Premium,2026-05-21T14:45:08.035082700
865,ENCLOSURE_FEE_VIP,75.0,15,Recinto VIP,2026-05-21T14:45:08.035082700
830,ENCLOSURE_FEE_PREMIUM,30.0,16,Recinto Premium,2026-05-21T14:45:08.036079800
957,SOUVENIR,15.0,17,Recinto Central,2026-05-21T14:45:08.037087
866,ENCLOSURE_FEE_VIP,75.0,17,Recinto VIP,2026-05-21T14:45:08.037087
831,ENCLOSURE_FEE_PREMIUM,30.0,18,Recinto Premium,2026-05-21T14:45:08.037087
832,ENCLOSURE_FEE_PREMIUM,30.0,19,Recinto Premium,2026-05-21T14:45:08.038088800
958,SOUVENIR,15.0,20,Recinto Central,2026-05-21T14:45:08.038088800
827,ENCLOSURE_FEE_BASIC,10.0,20,Recinto Básico,2026-05-21T14:45:08.038088800
867,ENCLOSURE_FEE_VIP,75.0,21,Recinto VIP,2026-05-21T14:45:08.039079400
868,ENCLOSURE_FEE_VIP,75.0,22,Recinto VIP,2026-05-21T14:45:08.039079400
828,ENCLOSURE_FEE_BASIC,10.0,23,Recinto Básico,2026-05-21T14:45:08.040075
829,ENCLOSURE_FEE_BASIC,10.0,24,Recinto Básico,2026-05-21T14:45:08.040075
833,ENCLOSURE_FEE_PREMIUM,30.0,25,Recinto Premium,2026-05-21T14:45:08.040075
830,ENCLOSURE_FEE_BASIC,10.0,26,Recinto Básico,2026-05-21T14:45:08.040075
959,SOUVENIR,15.0,27,Recinto Central,2026-05-21T14:45:08.041310500
869,ENCLOSURE_FEE_VIP,75.0,27,Recinto VIP,2026-05-21T14:45:08.041310500
960,SOUVENIR,15.0,28,Recinto Central,2026-05-21T14:45:08.041310500
870,ENCLOSURE_FEE_VIP,75.0,28,Recinto VIP,2026-05-21T14:45:08.041310500
834,ENCLOSURE_FEE_PREMIUM,30.0,29,Recinto Premium,2026-05-21T14:45:08.042500900
961,SOUVENIR,15.0,30,Recinto Central,2026-05-21T14:45:08.042500900
835,ENCLOSURE_FEE_PREMIUM,30.0,30,Recinto Premium,2026-05-21T14:45:08.042500900
52,SPA_SERVICE,20.0,1,Baños y SPA,2026-05-21T14:45:08.043787900
871,ENCLOSURE_FEE_VIP,75.0,1,Recinto VIP,2026-05-21T14:45:08.044795400
962,SOUVENIR,15.0,2,Recinto Central,2026-05-21T14:45:08.044795400
836,ENCLOSURE_FEE_PREMIUM,30.0,2,Recinto Premium,2026-05-21T14:45:08.044795400
53,SPA_SERVICE,20.0,3,Baños y SPA,2026-05-21T14:45:08.044795400
837,ENCLOSURE_FEE_PREMIUM,30.0,3,Recinto Premium,2026-05-21T14:45:08.046131400
963,SOUVENIR,15.0,4,Recinto Central,2026-05-21T14:45:08.046131400
838,ENCLOSURE_FEE_PREMIUM,30.0,4,Recinto Premium,2026-05-21T14:45:08.046131400
964,SOUVENIR,15.0,5,Recinto Central,2026-05-21T14:45:08.046131400
872,ENCLOSURE_FEE_VIP,75.0,5,Recinto VIP,2026-05-21T14:45:08.047424100
831,ENCLOSURE_FEE_BASIC,10.0,6,Recinto Básico,2026-05-21T14:45:08.047424100
873,ENCLOSURE_FEE_VIP,75.0,7,Recinto VIP,2026-05-21T14:45:08.048420300
839,ENCLOSURE_FEE_PREMIUM,30.0,8,Recinto Premium,2026-05-21T14:45:08.048420300
832,ENCLOSURE_FEE_BASIC,10.0,9,Recinto Básico,2026-05-21T14:45:08.049822600
965,SOUVENIR,15.0,10,Recinto Central,2026-05-21T14:45:08.049822600
874,ENCLOSURE_FEE_VIP,75.0,10,Recinto VIP,2026-05-21T14:45:08.050835
966,SOUVENIR,15.0,11,Recinto Central,2026-05-21T14:45:08.050835
833,ENCLOSURE_FEE_BASIC,10.0,11,Recinto Básico,2026-05-21T14:45:08.051836600
840,ENCLOSURE_FEE_PREMIUM,30.0,12,Recinto Premium,2026-05-21T14:45:08.051836600
841,ENCLOSURE_FEE_PREMIUM,30.0,13,Recinto Premium,2026-05-21T14:45:08.052829800
842,ENCLOSURE_FEE_PREMIUM,30.0,14,Recinto Premium,2026-05-21T14:45:08.052829800
875,ENCLOSURE_FEE_VIP,75.0,15,Recinto VIP,2026-05-21T14:45:08.053823600
967,SOUVENIR,15.0,16,Recinto Central,2026-05-21T14:45:08.053823600
876,ENCLOSURE_FEE_VIP,75.0,16,Recinto VIP,2026-05-21T14:45:08.054826900
968,SOUVENIR,15.0,17,Recinto Central,2026-05-21T14:45:08.054826900
834,ENCLOSURE_FEE_BASIC,10.0,17,Recinto Básico,2026-05-21T14:45:08.054826900
843,ENCLOSURE_FEE_PREMIUM,30.0,18,Recinto Premium,2026-05-21T14:45:08.055821
969,SOUVENIR,15.0,19,Recinto Central,2026-05-21T14:45:08.055821
835,ENCLOSURE_FEE_BASIC,10.0,19,Recinto Básico,2026-05-21T14:45:08.055821
877,ENCLOSURE_FEE_VIP,75.0,20,Recinto VIP,2026-05-21T14:45:08.056821200
970,SOUVENIR,15.0,21,Recinto Central,2026-05-21T14:45:08.056821200
836,ENCLOSURE_FEE_BASIC,10.0,21,Recinto Básico,2026-05-21T14:45:08.056821200
844,ENCLOSURE_FEE_PREMIUM,30.0,22,Recinto Premium,2026-05-21T14:45:08.057822100
845,ENCLOSURE_FEE_PREMIUM,30.0,23,Recinto Premium,2026-05-21T14:45:08.057822100
971,SOUVENIR,15.0,24,Recinto Central,2026-05-21T14:45:08.057822100
846,ENCLOSURE_FEE_PREMIUM,30.0,24,Recinto Premium,2026-05-21T14:45:08.058822900
847,ENCLOSURE_FEE_PREMIUM,30.0,25,Recinto Premium,2026-05-21T14:45:08.058822900
972,SOUVENIR,15.0,26,Recinto Central,2026-05-21T14:45:08.058822900
878,ENCLOSURE_FEE_VIP,75.0,26,Recinto VIP,2026-05-21T14:45:08.060433300
848,ENCLOSURE_FEE_PREMIUM,30.0,27,Recinto Premium,2026-05-21T14:45:08.060433300
837,ENCLOSURE_FEE_BASIC,10.0,28,Recinto Básico,2026-05-21T14:45:08.060433300
838,ENCLOSURE_FEE_BASIC,10.0,29,Recinto Básico,2026-05-21T14:45:08.061445800
973,SOUVENIR,15.0,30,Recinto Central,2026-05-21T14:45:08.061445800
879,ENCLOSURE_FEE_VIP,75.0,30,Recinto VIP,2026-05-21T14:45:08.061445800
849,ENCLOSURE_FEE_PREMIUM,30.0,1,Recinto Premium,2026-05-21T14:45:08.062895500
880,ENCLOSURE_FEE_VIP,75.0,2,Recinto VIP,2026-05-21T14:45:08.063896600
850,ENCLOSURE_FEE_PREMIUM,30.0,3,Recinto Premium,2026-05-21T14:45:08.063896600
974,SOUVENIR,15.0,4,Recinto Central,2026-05-21T14:45:08.065386200
851,ENCLOSURE_FEE_PREMIUM,30.0,4,Recinto Premium,2026-05-21T14:45:08.065386200
839,ENCLOSURE_FEE_BASIC,10.0,5,Recinto Básico,2026-05-21T14:45:08.065386200
852,ENCLOSURE_FEE_PREMIUM,30.0,6,Recinto Premium,2026-05-21T14:45:08.066386600
840,ENCLOSURE_FEE_BASIC,10.0,7,Recinto Básico,2026-05-21T14:45:08.066386600
841,ENCLOSURE_FEE_BASIC,10.0,8,Recinto Básico,2026-05-21T14:45:08.066386600
975,SOUVENIR,15.0,9,Recinto Central,2026-05-21T14:45:08.067392100
881,ENCLOSURE_FEE_VIP,75.0,9,Recinto VIP,2026-05-21T14:45:08.067392100
842,ENCLOSURE_FEE_BASIC,10.0,10,Recinto Básico,2026-05-21T14:45:08.067392100
843,ENCLOSURE_FEE_BASIC,10.0,11,Recinto Básico,2026-05-21T14:45:08.068399500
976,SOUVENIR,15.0,12,Recinto Central,2026-05-21T14:45:08.068399500
844,ENCLOSURE_FEE_BASIC,10.0,12,Recinto Básico,2026-05-21T14:45:08.068399500
977,SOUVENIR,15.0,13,Recinto Central,2026-05-21T14:45:08.068399500
845,ENCLOSURE_FEE_BASIC,10.0,13,Recinto Básico,2026-05-21T14:45:08.069895600
978,SOUVENIR,15.0,14,Recinto Central,2026-05-21T14:45:08.069895600
846,ENCLOSURE_FEE_BASIC,10.0,14,Recinto Básico,2026-05-21T14:45:08.069895600
979,SOUVENIR,15.0,15,Recinto Central,2026-05-21T14:45:08.071195400
882,ENCLOSURE_FEE_VIP,75.0,15,Recinto VIP,2026-05-21T14:45:08.071195400
883,ENCLOSURE_FEE_VIP,75.0,16,Recinto VIP,2026-05-21T14:45:08.071195400
853,ENCLOSURE_FEE_PREMIUM,30.0,17,Recinto Premium,2026-05-21T14:45:08.071195400
884,ENCLOSURE_FEE_VIP,75.0,18,Recinto VIP,2026-05-21T14:45:08.072374900
847,ENCLOSURE_FEE_BASIC,10.0,19,Recinto Básico,2026-05-21T14:45:08.072374900
980,SOUVENIR,15.0,20,Recinto Central,2026-05-21T14:45:08.073553100
848,ENCLOSURE_FEE_BASIC,10.0,20,Recinto Básico,2026-05-21T14:45:08.073553100
981,SOUVENIR,15.0,21,Recinto Central,2026-05-21T14:45:08.074553100
885,ENCLOSURE_FEE_VIP,75.0,21,Recinto VIP,2026-05-21T14:45:08.074553100
982,SOUVENIR,15.0,22,Recinto Central,2026-05-21T14:45:08.074553100
849,ENCLOSURE_FEE_BASIC,10.0,22,Recinto Básico,2026-05-21T14:45:08.075555200
983,SOUVENIR,15.0,23,Recinto Central,2026-05-21T14:45:08.075555200
886,ENCLOSURE_FEE_VIP,75.0,23,Recinto VIP,2026-05-21T14:45:08.075555200
854,ENCLOSURE_FEE_PREMIUM,30.0,24,Recinto Premium,2026-05-21T14:45:08.077060300
887,ENCLOSURE_FEE_VIP,75.0,25,Recinto VIP,2026-05-21T14:45:08.077060300
984,SOUVENIR,15.0,26,Recinto Central,2026-05-21T14:45:08.078073200
855,ENCLOSURE_FEE_PREMIUM,30.0,26,Recinto Premium,2026-05-21T14:45:08.078073200
850,ENCLOSURE_FEE_BASIC,10.0,27,Recinto Básico,2026-05-21T14:45:08.079073200
985,SOUVENIR,15.0,28,Recinto Central,2026-05-21T14:45:08.079073200
856,ENCLOSURE_FEE_PREMIUM,30.0,28,Recinto Premium,2026-05-21T14:45:08.080353
851,ENCLOSURE_FEE_BASIC,10.0,29,Recinto Básico,2026-05-21T14:45:08.080353
986,SOUVENIR,15.0,30,Recinto Central,2026-05-21T14:45:08.080353
857,ENCLOSURE_FEE_PREMIUM,30.0,30,Recinto Premium,2026-05-21T14:45:08.080353
888,ENCLOSURE_FEE_VIP,75.0,1,Recinto VIP,2026-05-21T14:45:08.082878800
987,SOUVENIR,15.0,2,Recinto Central,2026-05-21T14:45:08.082878800
889,ENCLOSURE_FEE_VIP,75.0,2,Recinto VIP,2026-05-21T14:45:08.084166600
988,SOUVENIR,15.0,3,Recinto Central,2026-05-21T14:45:08.084166600
852,ENCLOSURE_FEE_BASIC,10.0,3,Recinto Básico,2026-05-21T14:45:08.085171200
890,ENCLOSURE_FEE_VIP,75.0,4,Recinto VIP,2026-05-21T14:45:08.085171200
853,ENCLOSURE_FEE_BASIC,10.0,5,Recinto Básico,2026-05-21T14:45:08.085171200
858,ENCLOSURE_FEE_PREMIUM,30.0,6,Recinto Premium,2026-05-21T14:45:08.086173500
989,SOUVENIR,15.0,7,Recinto Central,2026-05-21T14:45:08.086173500
891,ENCLOSURE_FEE_VIP,75.0,7,Recinto VIP,2026-05-21T14:45:08.087222300
990,SOUVENIR,15.0,8,Recinto Central,2026-05-21T14:45:08.087222300
854,ENCLOSURE_FEE_BASIC,10.0,8,Recinto Básico,2026-05-21T14:45:08.088217300
859,ENCLOSURE_FEE_PREMIUM,30.0,9,Recinto Premium,2026-05-21T14:45:08.088217300
991,SOUVENIR,15.0,10,Recinto Central,2026-05-21T14:45:08.088217300
892,ENCLOSURE_FEE_VIP,75.0,10,Recinto VIP,2026-05-21T14:45:08.088217300
855,ENCLOSURE_FEE_BASIC,10.0,11,Recinto Básico,2026-05-21T14:45:08.089215700
856,ENCLOSURE_FEE_BASIC,10.0,12,Recinto Básico,2026-05-21T14:45:08.089215700
857,ENCLOSURE_FEE_BASIC,10.0,13,Recinto Básico,2026-05-21T14:45:08.089215700
992,SOUVENIR,15.0,14,Recinto Central,2026-05-21T14:45:08.089215700
893,ENCLOSURE_FEE_VIP,75.0,14,Recinto VIP,2026-05-21T14:45:08.089215700
858,ENCLOSURE_FEE_BASIC,10.0,15,Recinto Básico,2026-05-21T14:45:08.090676200
859,ENCLOSURE_FEE_BASIC,10.0,16,Recinto Básico,2026-05-21T14:45:08.090676200
860,ENCLOSURE_FEE_PREMIUM,30.0,17,Recinto Premium,2026-05-21T14:45:08.090676200
860,ENCLOSURE_FEE_BASIC,10.0,18,Recinto Básico,2026-05-21T14:45:08.091705200
894,ENCLOSURE_FEE_VIP,75.0,19,Recinto VIP,2026-05-21T14:45:08.091705200
861,ENCLOSURE_FEE_BASIC,10.0,20,Recinto Básico,2026-05-21T14:45:08.091705200
993,SOUVENIR,15.0,21,Recinto Central,2026-05-21T14:45:08.092705800
895,ENCLOSURE_FEE_VIP,75.0,21,Recinto VIP,2026-05-21T14:45:08.092705800
994,SOUVENIR,15.0,22,Recinto Central,2026-05-21T14:45:08.092705800
862,ENCLOSURE_FEE_BASIC,10.0,22,Recinto Básico,2026-05-21T14:45:08.092705800
995,SOUVENIR,15.0,23,Recinto Central,2026-05-21T14:45:08.093893600
863,ENCLOSURE_FEE_BASIC,10.0,23,Recinto Básico,2026-05-21T14:45:08.093893600
996,SOUVENIR,15.0,24,Recinto Central,2026-05-21T14:45:08.093893600
896,ENCLOSURE_FEE_VIP,75.0,24,Recinto VIP,2026-05-21T14:45:08.094897100
864,ENCLOSURE_FEE_BASIC,10.0,25,Recinto Básico,2026-05-21T14:45:08.094897100
997,SOUVENIR,15.0,26,Recinto Central,2026-05-21T14:45:08.094897100
865,ENCLOSURE_FEE_BASIC,10.0,26,Recinto Básico,2026-05-21T14:45:08.094897100
998,SOUVENIR,15.0,27,Recinto Central,2026-05-21T14:45:08.094897100
866,ENCLOSURE_FEE_BASIC,10.0,27,Recinto Básico,2026-05-21T14:45:08.096334900
861,ENCLOSURE_FEE_PREMIUM,30.0,28,Recinto Premium,2026-05-21T14:45:08.096334900
999,SOUVENIR,15.0,29,Recinto Central,2026-05-21T14:45:08.096334900
867,ENCLOSURE_FEE_BASIC,10.0,29,Recinto Básico,2026-05-21T14:45:08.096334900
868,ENCLOSURE_FEE_BASIC,10.0,30,Recinto Básico,2026-05-21T14:45:08.097714900
862,ENCLOSURE_FEE_PREMIUM,30.0,1,Recinto Premium,2026-05-21T14:45:08.098716300
863,ENCLOSURE_FEE_PREMIUM,30.0,2,Recinto Premium,2026-05-21T14:45:08.098716300
869,ENCLOSURE_FEE_BASIC,10.0,3,Recinto Básico,2026-05-21T14:45:08.098716300
1000,SOUVENIR,15.0,4,Recinto Central,2026-05-21T14:45:08.098716300
897,ENCLOSURE_FEE_VIP,75.0,4,Recinto VIP,2026-05-21T14:45:08.100348300
870,ENCLOSURE_FEE_BASIC,10.0,5,Recinto Básico,2026-05-21T14:45:08.100348300
864,ENCLOSURE_FEE_PREMIUM,30.0,6,Recinto Premium,2026-05-21T14:45:08.100348300
1001,SOUVENIR,15.0,7,Recinto Central,2026-05-21T14:45:08.100348300
865,ENCLOSURE_FEE_PREMIUM,30.0,7,Recinto Premium,2026-05-21T14:45:08.101357100
1002,SOUVENIR,15.0,8,Recinto Central,2026-05-21T14:45:08.101357100
871,ENCLOSURE_FEE_BASIC,10.0,8,Recinto Básico,2026-05-21T14:45:08.101357100
872,ENCLOSURE_FEE_BASIC,10.0,9,Recinto Básico,2026-05-21T14:45:08.101357100
1003,SOUVENIR,15.0,10,Recinto Central,2026-05-21T14:45:08.102544300
873,ENCLOSURE_FEE_BASIC,10.0,10,Recinto Básico,2026-05-21T14:45:08.102544300
874,ENCLOSURE_FEE_BASIC,10.0,11,Recinto Básico,2026-05-21T14:45:08.103752100
898,ENCLOSURE_FEE_VIP,75.0,12,Recinto VIP,2026-05-21T14:45:08.103752100
875,ENCLOSURE_FEE_BASIC,10.0,13,Recinto Básico,2026-05-21T14:45:08.103752100
899,ENCLOSURE_FEE_VIP,75.0,14,Recinto VIP,2026-05-21T14:45:08.103752100
900,ENCLOSURE_FEE_VIP,75.0,15,Recinto VIP,2026-05-21T14:45:08.105261300
1004,SOUVENIR,15.0,16,Recinto Central,2026-05-21T14:45:08.105261300
901,ENCLOSURE_FEE_VIP,75.0,16,Recinto VIP,2026-05-21T14:45:08.105261300
876,ENCLOSURE_FEE_BASIC,10.0,17,Recinto Básico,2026-05-21T14:45:08.106267800
1005,SOUVENIR,15.0,18,Recinto Central,2026-05-21T14:45:08.106267800
866,ENCLOSURE_FEE_PREMIUM,30.0,18,Recinto Premium,2026-05-21T14:45:08.106267800
1006,SOUVENIR,15.0,19,Recinto Central,2026-05-21T14:45:08.107275500
902,ENCLOSURE_FEE_VIP,75.0,19,Recinto VIP,2026-05-21T14:45:08.107275500
903,ENCLOSURE_FEE_VIP,75.0,20,Recinto VIP,2026-05-21T14:45:08.107275500
1007,SOUVENIR,15.0,21,Recinto Central,2026-05-21T14:45:08.107275500
904,ENCLOSURE_FEE_VIP,75.0,21,Recinto VIP,2026-05-21T14:45:08.108276800
867,ENCLOSURE_FEE_PREMIUM,30.0,22,Recinto Premium,2026-05-21T14:45:08.108276800
877,ENCLOSURE_FEE_BASIC,10.0,23,Recinto Básico,2026-05-21T14:45:08.108276800
878,ENCLOSURE_FEE_BASIC,10.0,24,Recinto Básico,2026-05-21T14:45:08.108276800
1008,SOUVENIR,15.0,25,Recinto Central,2026-05-21T14:45:08.109668400
905,ENCLOSURE_FEE_VIP,75.0,25,Recinto VIP,2026-05-21T14:45:08.109668400
879,ENCLOSURE_FEE_BASIC,10.0,26,Recinto Básico,2026-05-21T14:45:08.109668400
868,ENCLOSURE_FEE_PREMIUM,30.0,27,Recinto Premium,2026-05-21T14:45:08.109668400
869,ENCLOSURE_FEE_PREMIUM,30.0,28,Recinto Premium,2026-05-21T14:45:08.110667800
1009,SOUVENIR,15.0,29,Recinto Central,2026-05-21T14:45:08.111667300
870,ENCLOSURE_FEE_PREMIUM,30.0,29,Recinto Premium,2026-05-21T14:45:08.111667300
906,ENCLOSURE_FEE_VIP,75.0,30,Recinto VIP,2026-05-21T14:45:08.111667300
1010,SOUVENIR,15.0,1,Recinto Central,2026-05-21T14:45:08.112671200
907,ENCLOSURE_FEE_VIP,75.0,1,Recinto VIP,2026-05-21T14:45:08.113917200
1011,SOUVENIR,15.0,2,Recinto Central,2026-05-21T14:45:08.113917200
880,ENCLOSURE_FEE_BASIC,10.0,2,Recinto Básico,2026-05-21T14:45:08.113917200
871,ENCLOSURE_FEE_PREMIUM,30.0,3,Recinto Premium,2026-05-21T14:45:08.113917200
1012,SOUVENIR,15.0,4,Recinto Central,2026-05-21T14:45:08.115392400
872,ENCLOSURE_FEE_PREMIUM,30.0,4,Recinto Premium,2026-05-21T14:45:08.115392400
1013,SOUVENIR,15.0,5,Recinto Central,2026-05-21T14:45:08.115392400
908,ENCLOSURE_FEE_VIP,75.0,5,Recinto VIP,2026-05-21T14:45:08.116793100
1014,SOUVENIR,15.0,6,Recinto Central,2026-05-21T14:45:08.116793100
54,SPA_SERVICE,20.0,6,Baños y SPA,2026-05-21T14:45:08.116793100
873,ENCLOSURE_FEE_PREMIUM,30.0,6,Recinto Premium,2026-05-21T14:45:08.116793100
909,ENCLOSURE_FEE_VIP,75.0,7,Recinto VIP,2026-05-21T14:45:08.118307700
55,SPA_SERVICE,20.0,8,Baños y SPA,2026-05-21T14:45:08.118307700
881,ENCLOSURE_FEE_BASIC,10.0,8,Recinto Básico,2026-05-21T14:45:08.118307700
1015,SOUVENIR,15.0,9,Recinto Central,2026-05-21T14:45:08.119297200
874,ENCLOSURE_FEE_PREMIUM,30.0,9,Recinto Premium,2026-05-21T14:45:08.119297200
56,SPA_SERVICE,20.0,10,Baños y SPA,2026-05-21T14:45:08.119297200
882,ENCLOSURE_FEE_BASIC,10.0,10,Recinto Básico,2026-05-21T14:45:08.120579900
910,ENCLOSURE_FEE_VIP,75.0,11,Recinto VIP,2026-05-21T14:45:08.120579900
1016,SOUVENIR,15.0,12,Recinto Central,2026-05-21T14:45:08.121577
875,ENCLOSURE_FEE_PREMIUM,30.0,12,Recinto Premium,2026-05-21T14:45:08.121577
883,ENCLOSURE_FEE_BASIC,10.0,13,Recinto Básico,2026-05-21T14:45:08.121577
876,ENCLOSURE_FEE_PREMIUM,30.0,14,Recinto Premium,2026-05-21T14:45:08.121577
877,ENCLOSURE_FEE_PREMIUM,30.0,15,Recinto Premium,2026-05-21T14:45:08.122580300
1017,SOUVENIR,15.0,16,Recinto Central,2026-05-21T14:45:08.122580300
884,ENCLOSURE_FEE_BASIC,10.0,16,Recinto Básico,2026-05-21T14:45:08.122580300
885,ENCLOSURE_FEE_BASIC,10.0,17,Recinto Básico,2026-05-21T14:45:08.123826500
1018,SOUVENIR,15.0,18,Recinto Central,2026-05-21T14:45:08.123826500
886,ENCLOSURE_FEE_BASIC,10.0,18,Recinto Básico,2026-05-21T14:45:08.123826500
1019,SOUVENIR,15.0,19,Recinto Central,2026-05-21T14:45:08.124834400
878,ENCLOSURE_FEE_PREMIUM,30.0,19,Recinto Premium,2026-05-21T14:45:08.124834400
1020,SOUVENIR,15.0,20,Recinto Central,2026-05-21T14:45:08.124834400
911,ENCLOSURE_FEE_VIP,75.0,20,Recinto VIP,2026-05-21T14:45:08.124834400
1021,SOUVENIR,15.0,21,Recinto Central,2026-05-21T14:45:08.124834400
912,ENCLOSURE_FEE_VIP,75.0,21,Recinto VIP,2026-05-21T14:45:08.126339400
879,ENCLOSURE_FEE_PREMIUM,30.0,22,Recinto Premium,2026-05-21T14:45:08.126339400
1022,SOUVENIR,15.0,23,Recinto Central,2026-05-21T14:45:08.126339400
880,ENCLOSURE_FEE_PREMIUM,30.0,23,Recinto Premium,2026-05-21T14:45:08.127613500
1023,SOUVENIR,15.0,24,Recinto Central,2026-05-21T14:45:08.127613500
887,ENCLOSURE_FEE_BASIC,10.0,24,Recinto Básico,2026-05-21T14:45:08.127613500
1024,SOUVENIR,15.0,25,Recinto Central,2026-05-21T14:45:08.128652200
888,ENCLOSURE_FEE_BASIC,10.0,25,Recinto Básico,2026-05-21T14:45:08.128652200
1025,SOUVENIR,15.0,26,Recinto Central,2026-05-21T14:45:08.129653600
881,ENCLOSURE_FEE_PREMIUM,30.0,26,Recinto Premium,2026-05-21T14:45:08.129653600
1026,SOUVENIR,15.0,27,Recinto Central,2026-05-21T14:45:08.130650100
889,ENCLOSURE_FEE_BASIC,10.0,27,Recinto Básico,2026-05-21T14:45:08.130650100
1027,SOUVENIR,15.0,28,Recinto Central,2026-05-21T14:45:08.130650100
882,ENCLOSURE_FEE_PREMIUM,30.0,28,Recinto Premium,2026-05-21T14:45:08.131651700
913,ENCLOSURE_FEE_VIP,75.0,29,Recinto VIP,2026-05-21T14:45:08.131651700
890,ENCLOSURE_FEE_BASIC,10.0,30,Recinto Básico,2026-05-21T14:45:08.132656900
883,ENCLOSURE_FEE_PREMIUM,30.0,1,Recinto Premium,2026-05-21T14:45:08.133665900
884,ENCLOSURE_FEE_PREMIUM,30.0,2,Recinto Premium,2026-05-21T14:45:08.133665900
1028,SOUVENIR,15.0,3,Recinto Central,2026-05-21T14:45:08.134675300
891,ENCLOSURE_FEE_BASIC,10.0,3,Recinto Básico,2026-05-21T14:45:08.134675300
885,ENCLOSURE_FEE_PREMIUM,30.0,4,Recinto Premium,2026-05-21T14:45:08.135686900
914,ENCLOSURE_FEE_VIP,75.0,5,Recinto VIP,2026-05-21T14:45:08.135686900
915,ENCLOSURE_FEE_VIP,75.0,6,Recinto VIP,2026-05-21T14:45:08.136685600
1029,SOUVENIR,15.0,7,Recinto Central,2026-05-21T14:45:08.136685600
886,ENCLOSURE_FEE_PREMIUM,30.0,7,Recinto Premium,2026-05-21T14:45:08.137686100
1030,SOUVENIR,15.0,8,Recinto Central,2026-05-21T14:45:08.137686100
892,ENCLOSURE_FEE_BASIC,10.0,8,Recinto Básico,2026-05-21T14:45:08.137686100
893,ENCLOSURE_FEE_BASIC,10.0,9,Recinto Básico,2026-05-21T14:45:08.137686100
1031,SOUVENIR,15.0,10,Recinto Central,2026-05-21T14:45:08.138689400
887,ENCLOSURE_FEE_PREMIUM,30.0,10,Recinto Premium,2026-05-21T14:45:08.138689400
888,ENCLOSURE_FEE_PREMIUM,30.0,11,Recinto Premium,2026-05-21T14:45:08.138689400
1032,SOUVENIR,15.0,12,Recinto Central,2026-05-21T14:45:08.138689400
894,ENCLOSURE_FEE_BASIC,10.0,12,Recinto Básico,2026-05-21T14:45:08.140062100
1033,SOUVENIR,15.0,13,Recinto Central,2026-05-21T14:45:08.140062100
889,ENCLOSURE_FEE_PREMIUM,30.0,13,Recinto Premium,2026-05-21T14:45:08.140062100
895,ENCLOSURE_FEE_BASIC,10.0,14,Recinto Básico,2026-05-21T14:45:08.140062100
1034,SOUVENIR,15.0,15,Recinto Central,2026-05-21T14:45:08.141064300
916,ENCLOSURE_FEE_VIP,75.0,15,Recinto VIP,2026-05-21T14:45:08.141064300
917,ENCLOSURE_FEE_VIP,75.0,16,Recinto VIP,2026-05-21T14:45:08.142063700
890,ENCLOSURE_FEE_PREMIUM,30.0,17,Recinto Premium,2026-05-21T14:45:08.142063700
896,ENCLOSURE_FEE_BASIC,10.0,18,Recinto Básico,2026-05-21T14:45:08.143070700
897,ENCLOSURE_FEE_BASIC,10.0,19,Recinto Básico,2026-05-21T14:45:08.143070700
918,ENCLOSURE_FEE_VIP,75.0,20,Recinto VIP,2026-05-21T14:45:08.143070700
891,ENCLOSURE_FEE_PREMIUM,30.0,21,Recinto Premium,2026-05-21T14:45:08.144064900
919,ENCLOSURE_FEE_VIP,75.0,22,Recinto VIP,2026-05-21T14:45:08.144064900
1035,SOUVENIR,15.0,23,Recinto Central,2026-05-21T14:45:08.144064900
892,ENCLOSURE_FEE_PREMIUM,30.0,23,Recinto Premium,2026-05-21T14:45:08.145461800
920,ENCLOSURE_FEE_VIP,75.0,24,Recinto VIP,2026-05-21T14:45:08.145461800
898,ENCLOSURE_FEE_BASIC,10.0,25,Recinto Básico,2026-05-21T14:45:08.145461800
1036,SOUVENIR,15.0,26,Recinto Central,2026-05-21T14:45:08.145461800
899,ENCLOSURE_FEE_BASIC,10.0,26,Recinto Básico,2026-05-21T14:45:08.146949
1037,SOUVENIR,15.0,27,Recinto Central,2026-05-21T14:45:08.146949
900,ENCLOSURE_FEE_BASIC,10.0,27,Recinto Básico,2026-05-21T14:45:08.146949
1038,SOUVENIR,15.0,28,Recinto Central,2026-05-21T14:45:08.148458800
921,ENCLOSURE_FEE_VIP,75.0,28,Recinto VIP,2026-05-21T14:45:08.148458800
1039,SOUVENIR,15.0,29,Recinto Central,2026-05-21T14:45:08.148458800
893,ENCLOSURE_FEE_PREMIUM,30.0,29,Recinto Premium,2026-05-21T14:45:08.148458800
922,ENCLOSURE_FEE_VIP,75.0,30,Recinto VIP,2026-05-21T14:45:08.148458800
923,ENCLOSURE_FEE_VIP,75.0,1,Recinto VIP,2026-05-21T14:45:08.151019800
1040,SOUVENIR,15.0,2,Recinto Central,2026-05-21T14:45:08.151019800
901,ENCLOSURE_FEE_BASIC,10.0,2,Recinto Básico,2026-05-21T14:45:08.152017100
894,ENCLOSURE_FEE_PREMIUM,30.0,3,Recinto Premium,2026-05-21T14:45:08.152017100
1041,SOUVENIR,15.0,4,Recinto Central,2026-05-21T14:45:08.153017500
902,ENCLOSURE_FEE_BASIC,10.0,4,Recinto Básico,2026-05-21T14:45:08.153017500
57,SPA_SERVICE,20.0,5,Baños y SPA,2026-05-21T14:45:08.153017500
903,ENCLOSURE_FEE_BASIC,10.0,5,Recinto Básico,2026-05-21T14:45:08.154094100
1042,SOUVENIR,15.0,6,Recinto Central,2026-05-21T14:45:08.154094100
895,ENCLOSURE_FEE_PREMIUM,30.0,6,Recinto Premium,2026-05-21T14:45:08.154094100
1043,SOUVENIR,15.0,7,Recinto Central,2026-05-21T14:45:08.155092100
904,ENCLOSURE_FEE_BASIC,10.0,7,Recinto Básico,2026-05-21T14:45:08.155092100
1044,SOUVENIR,15.0,8,Recinto Central,2026-05-21T14:45:08.155092100
924,ENCLOSURE_FEE_VIP,75.0,8,Recinto VIP,2026-05-21T14:45:08.156357300
1045,SOUVENIR,15.0,9,Recinto Central,2026-05-21T14:45:08.156357300
896,ENCLOSURE_FEE_PREMIUM,30.0,9,Recinto Premium,2026-05-21T14:45:08.157365400
1046,SOUVENIR,15.0,10,Recinto Central,2026-05-21T14:45:08.157365400
925,ENCLOSURE_FEE_VIP,75.0,10,Recinto VIP,2026-05-21T14:45:08.157365400
905,ENCLOSURE_FEE_BASIC,10.0,11,Recinto Básico,2026-05-21T14:45:08.157365400
1047,SOUVENIR,15.0,12,Recinto Central,2026-05-21T14:45:08.157365400
906,ENCLOSURE_FEE_BASIC,10.0,12,Recinto Básico,2026-05-21T14:45:08.158868700
897,ENCLOSURE_FEE_PREMIUM,30.0,13,Recinto Premium,2026-05-21T14:45:08.158868700
1048,SOUVENIR,15.0,14,Recinto Central,2026-05-21T14:45:08.158868700
907,ENCLOSURE_FEE_BASIC,10.0,14,Recinto Básico,2026-05-21T14:45:08.160129900
898,ENCLOSURE_FEE_PREMIUM,30.0,15,Recinto Premium,2026-05-21T14:45:08.160129900
899,ENCLOSURE_FEE_PREMIUM,30.0,16,Recinto Premium,2026-05-21T14:45:08.160129900
908,ENCLOSURE_FEE_BASIC,10.0,17,Recinto Básico,2026-05-21T14:45:08.161174
1049,SOUVENIR,15.0,18,Recinto Central,2026-05-21T14:45:08.161174
900,ENCLOSURE_FEE_PREMIUM,30.0,18,Recinto Premium,2026-05-21T14:45:08.161174
926,ENCLOSURE_FEE_VIP,75.0,19,Recinto VIP,2026-05-21T14:45:08.161174
901,ENCLOSURE_FEE_PREMIUM,30.0,20,Recinto Premium,2026-05-21T14:45:08.162331200
927,ENCLOSURE_FEE_VIP,75.0,21,Recinto VIP,2026-05-21T14:45:08.162331200
1050,SOUVENIR,15.0,22,Recinto Central,2026-05-21T14:45:08.162331200
928,ENCLOSURE_FEE_VIP,75.0,22,Recinto VIP,2026-05-21T14:45:08.162331200
909,ENCLOSURE_FEE_BASIC,10.0,23,Recinto Básico,2026-05-21T14:45:08.163638200
929,ENCLOSURE_FEE_VIP,75.0,24,Recinto VIP,2026-05-21T14:45:08.163638200
1051,SOUVENIR,15.0,25,Recinto Central,2026-05-21T14:45:08.163638200
930,ENCLOSURE_FEE_VIP,75.0,25,Recinto VIP,2026-05-21T14:45:08.163638200
931,ENCLOSURE_FEE_VIP,75.0,26,Recinto VIP,2026-05-21T14:45:08.164635300
902,ENCLOSURE_FEE_PREMIUM,30.0,27,Recinto Premium,2026-05-21T14:45:08.164635300
932,ENCLOSURE_FEE_VIP,75.0,28,Recinto VIP,2026-05-21T14:45:08.164635300
910,ENCLOSURE_FEE_BASIC,10.0,29,Recinto Básico,2026-05-21T14:45:08.165646800
911,ENCLOSURE_FEE_BASIC,10.0,30,Recinto Básico,2026-05-21T14:45:08.165646800
912,ENCLOSURE_FEE_BASIC,10.0,1,Recinto Básico,2026-05-21T14:45:08.166649
1052,SOUVENIR,15.0,2,Recinto Central,2026-05-21T14:45:08.167163
933,ENCLOSURE_FEE_VIP,75.0,2,Recinto VIP,2026-05-21T14:45:08.167163
1053,SOUVENIR,15.0,3,Recinto Central,2026-05-21T14:45:08.167163
903,ENCLOSURE_FEE_PREMIUM,30.0,3,Recinto Premium,2026-05-21T14:45:08.168672
1054,SOUVENIR,15.0,4,Recinto Central,2026-05-21T14:45:08.168672
904,ENCLOSURE_FEE_PREMIUM,30.0,4,Recinto Premium,2026-05-21T14:45:08.169684400
905,ENCLOSURE_FEE_PREMIUM,30.0,5,Recinto Premium,2026-05-21T14:45:08.169684400
58,SPA_SERVICE,20.0,6,Baños y SPA,2026-05-21T14:45:08.170681400
913,ENCLOSURE_FEE_BASIC,10.0,6,Recinto Básico,2026-05-21T14:45:08.170681400
1055,SOUVENIR,15.0,7,Recinto Central,2026-05-21T14:45:08.170681400
934,ENCLOSURE_FEE_VIP,75.0,7,Recinto VIP,2026-05-21T14:45:08.170681400
1056,SOUVENIR,15.0,8,Recinto Central,2026-05-21T14:45:08.171752400
914,ENCLOSURE_FEE_BASIC,10.0,8,Recinto Básico,2026-05-21T14:45:08.171752400
1057,SOUVENIR,15.0,9,Recinto Central,2026-05-21T14:45:08.171752400
59,SPA_SERVICE,20.0,9,Baños y SPA,2026-05-21T14:45:08.173110500
915,ENCLOSURE_FEE_BASIC,10.0,9,Recinto Básico,2026-05-21T14:45:08.173110500
1058,SOUVENIR,15.0,10,Recinto Central,2026-05-21T14:45:08.173110500
935,ENCLOSURE_FEE_VIP,75.0,10,Recinto VIP,2026-05-21T14:45:08.173110500
1059,SOUVENIR,15.0,11,Recinto Central,2026-05-21T14:45:08.174550400
906,ENCLOSURE_FEE_PREMIUM,30.0,11,Recinto Premium,2026-05-21T14:45:08.174550400
1060,SOUVENIR,15.0,12,Recinto Central,2026-05-21T14:45:08.174550400
936,ENCLOSURE_FEE_VIP,75.0,12,Recinto VIP,2026-05-21T14:45:08.175541500
937,ENCLOSURE_FEE_VIP,75.0,13,Recinto VIP,2026-05-21T14:45:08.175541500
1061,SOUVENIR,15.0,14,Recinto Central,2026-05-21T14:45:08.176545200
938,ENCLOSURE_FEE_VIP,75.0,14,Recinto VIP,2026-05-21T14:45:08.176545200
907,ENCLOSURE_FEE_PREMIUM,30.0,15,Recinto Premium,2026-05-21T14:45:08.176545200
1062,SOUVENIR,15.0,16,Recinto Central,2026-05-21T14:45:08.176545200
908,ENCLOSURE_FEE_PREMIUM,30.0,16,Recinto Premium,2026-05-21T14:45:08.177777200
939,ENCLOSURE_FEE_VIP,75.0,17,Recinto VIP,2026-05-21T14:45:08.177777200
1063,SOUVENIR,15.0,18,Recinto Central,2026-05-21T14:45:08.177777200
940,ENCLOSURE_FEE_VIP,75.0,18,Recinto VIP,2026-05-21T14:45:08.178778200
941,ENCLOSURE_FEE_VIP,75.0,19,Recinto VIP,2026-05-21T14:45:08.178778200
1064,SOUVENIR,15.0,20,Recinto Central,2026-05-21T14:45:08.178778200
909,ENCLOSURE_FEE_PREMIUM,30.0,20,Recinto Premium,2026-05-21T14:45:08.179892300
1065,SOUVENIR,15.0,21,Recinto Central,2026-05-21T14:45:08.179892300
910,ENCLOSURE_FEE_PREMIUM,30.0,21,Recinto Premium,2026-05-21T14:45:08.180936700
916,ENCLOSURE_FEE_BASIC,10.0,22,Recinto Básico,2026-05-21T14:45:08.180936700
942,ENCLOSURE_FEE_VIP,75.0,23,Recinto VIP,2026-05-21T14:45:08.180936700
1066,SOUVENIR,15.0,24,Recinto Central,2026-05-21T14:45:08.182273300
943,ENCLOSURE_FEE_VIP,75.0,24,Recinto VIP,2026-05-21T14:45:08.182273300
1067,SOUVENIR,15.0,25,Recinto Central,2026-05-21T14:45:08.183477300
911,ENCLOSURE_FEE_PREMIUM,30.0,25,Recinto Premium,2026-05-21T14:45:08.183477300
912,ENCLOSURE_FEE_PREMIUM,30.0,26,Recinto Premium,2026-05-21T14:45:08.183477300
944,ENCLOSURE_FEE_VIP,75.0,27,Recinto VIP,2026-05-21T14:45:08.184498700
917,ENCLOSURE_FEE_BASIC,10.0,28,Recinto Básico,2026-05-21T14:45:08.185494200
913,ENCLOSURE_FEE_PREMIUM,30.0,29,Recinto Premium,2026-05-21T14:45:08.185494200
1068,SOUVENIR,15.0,30,Recinto Central,2026-05-21T14:45:08.185494200
945,ENCLOSURE_FEE_VIP,75.0,30,Recinto VIP,2026-05-21T14:45:08.186945100
918,ENCLOSURE_FEE_BASIC,10.0,1,Recinto Básico,2026-05-21T14:45:08.186945100
919,ENCLOSURE_FEE_BASIC,10.0,2,Recinto Básico,2026-05-21T14:45:08.188440500
946,ENCLOSURE_FEE_VIP,75.0,3,Recinto VIP,2026-05-21T14:45:08.188440500
947,ENCLOSURE_FEE_VIP,75.0,4,Recinto VIP,2026-05-21T14:45:08.188440500
948,ENCLOSURE_FEE_VIP,75.0,5,Recinto VIP,2026-05-21T14:45:08.189803700
1069,SOUVENIR,15.0,6,Recinto Central,2026-05-21T14:45:08.189803700
949,ENCLOSURE_FEE_VIP,75.0,6,Recinto VIP,2026-05-21T14:45:08.189803700
950,ENCLOSURE_FEE_VIP,75.0,7,Recinto VIP,2026-05-21T14:45:08.191068100
920,ENCLOSURE_FEE_BASIC,10.0,8,Recinto Básico,2026-05-21T14:45:08.191068100
914,ENCLOSURE_FEE_PREMIUM,30.0,9,Recinto Premium,2026-05-21T14:45:08.191068100
1070,SOUVENIR,15.0,10,Recinto Central,2026-05-21T14:45:08.192599800
951,ENCLOSURE_FEE_VIP,75.0,10,Recinto VIP,2026-05-21T14:45:08.192599800
915,ENCLOSURE_FEE_PREMIUM,30.0,11,Recinto Premium,2026-05-21T14:45:08.192599800
921,ENCLOSURE_FEE_BASIC,10.0,12,Recinto Básico,2026-05-21T14:45:08.193615900
916,ENCLOSURE_FEE_PREMIUM,30.0,13,Recinto Premium,2026-05-21T14:45:08.193615900
1071,SOUVENIR,15.0,14,Recinto Central,2026-05-21T14:45:08.193615900
917,ENCLOSURE_FEE_PREMIUM,30.0,14,Recinto Premium,2026-05-21T14:45:08.194616500
922,ENCLOSURE_FEE_BASIC,10.0,15,Recinto Básico,2026-05-21T14:45:08.194616500
1072,SOUVENIR,15.0,16,Recinto Central,2026-05-21T14:45:08.195620200
952,ENCLOSURE_FEE_VIP,75.0,16,Recinto VIP,2026-05-21T14:45:08.195620200
1073,SOUVENIR,15.0,17,Recinto Central,2026-05-21T14:45:08.196621500
918,ENCLOSURE_FEE_PREMIUM,30.0,17,Recinto Premium,2026-05-21T14:45:08.196621500
1074,SOUVENIR,15.0,18,Recinto Central,2026-05-21T14:45:08.197612800
953,ENCLOSURE_FEE_VIP,75.0,18,Recinto VIP,2026-05-21T14:45:08.197612800
923,ENCLOSURE_FEE_BASIC,10.0,19,Recinto Básico,2026-05-21T14:45:08.197612800
924,ENCLOSURE_FEE_BASIC,10.0,20,Recinto Básico,2026-05-21T14:45:08.197612800
1075,SOUVENIR,15.0,21,Recinto Central,2026-05-21T14:45:08.198607600
954,ENCLOSURE_FEE_VIP,75.0,21,Recinto VIP,2026-05-21T14:45:08.199117800
955,ENCLOSURE_FEE_VIP,75.0,22,Recinto VIP,2026-05-21T14:45:08.199117800
956,ENCLOSURE_FEE_VIP,75.0,23,Recinto VIP,2026-05-21T14:45:08.199117800
1076,SOUVENIR,15.0,24,Recinto Central,2026-05-21T14:45:08.200130500
957,ENCLOSURE_FEE_VIP,75.0,24,Recinto VIP,2026-05-21T14:45:08.200130500
919,ENCLOSURE_FEE_PREMIUM,30.0,25,Recinto Premium,2026-05-21T14:45:08.200130500
958,ENCLOSURE_FEE_VIP,75.0,26,Recinto VIP,2026-05-21T14:45:08.201133600
1077,SOUVENIR,15.0,27,Recinto Central,2026-05-21T14:45:08.201133600
959,ENCLOSURE_FEE_VIP,75.0,27,Recinto VIP,2026-05-21T14:45:08.201133600
920,ENCLOSURE_FEE_PREMIUM,30.0,28,Recinto Premium,2026-05-21T14:45:08.202128800
925,ENCLOSURE_FEE_BASIC,10.0,29,Recinto Básico,2026-05-21T14:45:08.203136100
1078,SOUVENIR,15.0,30,Recinto Central,2026-05-21T14:45:08.203136100
921,ENCLOSURE_FEE_PREMIUM,30.0,30,Recinto Premium,2026-05-21T14:45:08.203136100
60,SPA_SERVICE,20.0,1,Baños y SPA,2026-05-21T14:45:08.204132800
926,ENCLOSURE_FEE_BASIC,10.0,1,Recinto Básico,2026-05-21T14:45:08.205125300
1079,SOUVENIR,15.0,2,Recinto Central,2026-05-21T14:45:08.205125300
927,ENCLOSURE_FEE_BASIC,10.0,2,Recinto Básico,2026-05-21T14:45:08.206126300
61,SPA_SERVICE,20.0,3,Baños y SPA,2026-05-21T14:45:08.206126300
928,ENCLOSURE_FEE_BASIC,10.0,3,Recinto Básico,2026-05-21T14:45:08.206126300
1080,SOUVENIR,15.0,4,Recinto Central,2026-05-21T14:45:08.207306400
922,ENCLOSURE_FEE_PREMIUM,30.0,4,Recinto Premium,2026-05-21T14:45:08.207306400
1081,SOUVENIR,15.0,5,Recinto Central,2026-05-21T14:45:08.207306400
929,ENCLOSURE_FEE_BASIC,10.0,5,Recinto Básico,2026-05-21T14:45:08.208308
930,ENCLOSURE_FEE_BASIC,10.0,6,Recinto Básico,2026-05-21T14:45:08.208308
1082,SOUVENIR,15.0,7,Recinto Central,2026-05-21T14:45:08.209335300
960,ENCLOSURE_FEE_VIP,75.0,7,Recinto VIP,2026-05-21T14:45:08.209335300
923,ENCLOSURE_FEE_PREMIUM,30.0,8,Recinto Premium,2026-05-21T14:45:08.209335300
924,ENCLOSURE_FEE_PREMIUM,30.0,9,Recinto Premium,2026-05-21T14:45:08.209335300
1083,SOUVENIR,15.0,10,Recinto Central,2026-05-21T14:45:08.210646900
931,ENCLOSURE_FEE_BASIC,10.0,10,Recinto Básico,2026-05-21T14:45:08.210646900
961,ENCLOSURE_FEE_VIP,75.0,11,Recinto VIP,2026-05-21T14:45:08.211646400
932,ENCLOSURE_FEE_BASIC,10.0,12,Recinto Básico,2026-05-21T14:45:08.211646400
1084,SOUVENIR,15.0,13,Recinto Central,2026-05-21T14:45:08.211646400
925,ENCLOSURE_FEE_PREMIUM,30.0,13,Recinto Premium,2026-05-21T14:45:08.211646400
926,ENCLOSURE_FEE_PREMIUM,30.0,14,Recinto Premium,2026-05-21T14:45:08.212648
927,ENCLOSURE_FEE_PREMIUM,30.0,15,Recinto Premium,2026-05-21T14:45:08.212648
928,ENCLOSURE_FEE_PREMIUM,30.0,16,Recinto Premium,2026-05-21T14:45:08.212648
929,ENCLOSURE_FEE_PREMIUM,30.0,17,Recinto Premium,2026-05-21T14:45:08.213706300
1085,SOUVENIR,15.0,18,Recinto Central,2026-05-21T14:45:08.213706300
930,ENCLOSURE_FEE_PREMIUM,30.0,18,Recinto Premium,2026-05-21T14:45:08.213706300
1086,SOUVENIR,15.0,19,Recinto Central,2026-05-21T14:45:08.215078300
931,ENCLOSURE_FEE_PREMIUM,30.0,19,Recinto Premium,2026-05-21T14:45:08.215078300
1087,SOUVENIR,15.0,20,Recinto Central,2026-05-21T14:45:08.215078300
933,ENCLOSURE_FEE_BASIC,10.0,20,Recinto Básico,2026-05-21T14:45:08.215078300
934,ENCLOSURE_FEE_BASIC,10.0,21,Recinto Básico,2026-05-21T14:45:08.216077
935,ENCLOSURE_FEE_BASIC,10.0,22,Recinto Básico,2026-05-21T14:45:08.216077
936,ENCLOSURE_FEE_BASIC,10.0,23,Recinto Básico,2026-05-21T14:45:08.216077
932,ENCLOSURE_FEE_PREMIUM,30.0,24,Recinto Premium,2026-05-21T14:45:08.217137100
937,ENCLOSURE_FEE_BASIC,10.0,25,Recinto Básico,2026-05-21T14:45:08.217137100
962,ENCLOSURE_FEE_VIP,75.0,26,Recinto VIP,2026-05-21T14:45:08.218286700
933,ENCLOSURE_FEE_PREMIUM,30.0,27,Recinto Premium,2026-05-21T14:45:08.219288
938,ENCLOSURE_FEE_BASIC,10.0,28,Recinto Básico,2026-05-21T14:45:08.219288
1088,SOUVENIR,15.0,29,Recinto Central,2026-05-21T14:45:08.219288
939,ENCLOSURE_FEE_BASIC,10.0,29,Recinto Básico,2026-05-21T14:45:08.220287300
1089,SOUVENIR,15.0,30,Recinto Central,2026-05-21T14:45:08.220287300
940,ENCLOSURE_FEE_BASIC,10.0,30,Recinto Básico,2026-05-21T14:45:08.220287300
963,ENCLOSURE_FEE_VIP,75.0,1,Recinto VIP,2026-05-21T14:45:08.221287500
1090,SOUVENIR,15.0,2,Recinto Central,2026-05-21T14:45:08.222559500
964,ENCLOSURE_FEE_VIP,75.0,2,Recinto VIP,2026-05-21T14:45:08.222559500
941,ENCLOSURE_FEE_BASIC,10.0,3,Recinto Básico,2026-05-21T14:45:08.222559500
942,ENCLOSURE_FEE_BASIC,10.0,4,Recinto Básico,2026-05-21T14:45:08.223560
934,ENCLOSURE_FEE_PREMIUM,30.0,5,Recinto Premium,2026-05-21T14:45:08.223560
62,SPA_SERVICE,20.0,6,Baños y SPA,2026-05-21T14:45:08.223560
943,ENCLOSURE_FEE_BASIC,10.0,6,Recinto Básico,2026-05-21T14:45:08.223560
965,ENCLOSURE_FEE_VIP,75.0,7,Recinto VIP,2026-05-21T14:45:08.224957600
1091,SOUVENIR,15.0,8,Recinto Central,2026-05-21T14:45:08.224957600
966,ENCLOSURE_FEE_VIP,75.0,8,Recinto VIP,2026-05-21T14:45:08.224957600
1092,SOUVENIR,15.0,9,Recinto Central,2026-05-21T14:45:08.226335500
935,ENCLOSURE_FEE_PREMIUM,30.0,9,Recinto Premium,2026-05-21T14:45:08.226335500
1093,SOUVENIR,15.0,10,Recinto Central,2026-05-21T14:45:08.227608600
944,ENCLOSURE_FEE_BASIC,10.0,10,Recinto Básico,2026-05-21T14:45:08.227608600
936,ENCLOSURE_FEE_PREMIUM,30.0,11,Recinto Premium,2026-05-21T14:45:08.227608600
1094,SOUVENIR,15.0,12,Recinto Central,2026-05-21T14:45:08.228606800
937,ENCLOSURE_FEE_PREMIUM,30.0,12,Recinto Premium,2026-05-21T14:45:08.228606800
967,ENCLOSURE_FEE_VIP,75.0,13,Recinto VIP,2026-05-21T14:45:08.228606800
968,ENCLOSURE_FEE_VIP,75.0,14,Recinto VIP,2026-05-21T14:45:08.229694400
1095,SOUVENIR,15.0,15,Recinto Central,2026-05-21T14:45:08.229694400
945,ENCLOSURE_FEE_BASIC,10.0,15,Recinto Básico,2026-05-21T14:45:08.229694400
969,ENCLOSURE_FEE_VIP,75.0,16,Recinto VIP,2026-05-21T14:45:08.229694400
970,ENCLOSURE_FEE_VIP,75.0,17,Recinto VIP,2026-05-21T14:45:08.231191600
1096,SOUVENIR,15.0,18,Recinto Central,2026-05-21T14:45:08.231191600
946,ENCLOSURE_FEE_BASIC,10.0,18,Recinto Básico,2026-05-21T14:45:08.231191600
938,ENCLOSURE_FEE_PREMIUM,30.0,19,Recinto Premium,2026-05-21T14:45:08.231191600
1097,SOUVENIR,15.0,20,Recinto Central,2026-05-21T14:45:08.232547
971,ENCLOSURE_FEE_VIP,75.0,20,Recinto VIP,2026-05-21T14:45:08.232547
939,ENCLOSURE_FEE_PREMIUM,30.0,21,Recinto Premium,2026-05-21T14:45:08.232547
947,ENCLOSURE_FEE_BASIC,10.0,22,Recinto Básico,2026-05-21T14:45:08.232547
1098,SOUVENIR,15.0,23,Recinto Central,2026-05-21T14:45:08.233997700
972,ENCLOSURE_FEE_VIP,75.0,23,Recinto VIP,2026-05-21T14:45:08.233997700
940,ENCLOSURE_FEE_PREMIUM,30.0,24,Recinto Premium,2026-05-21T14:45:08.235158900
941,ENCLOSURE_FEE_PREMIUM,30.0,25,Recinto Premium,2026-05-21T14:45:08.235158900
973,ENCLOSURE_FEE_VIP,75.0,26,Recinto VIP,2026-05-21T14:45:08.236157
974,ENCLOSURE_FEE_VIP,75.0,27,Recinto VIP,2026-05-21T14:45:08.236157
942,ENCLOSURE_FEE_PREMIUM,30.0,28,Recinto Premium,2026-05-21T14:45:08.236157
1099,SOUVENIR,15.0,29,Recinto Central,2026-05-21T14:45:08.237559600
943,ENCLOSURE_FEE_PREMIUM,30.0,29,Recinto Premium,2026-05-21T14:45:08.237559600
944,ENCLOSURE_FEE_PREMIUM,30.0,30,Recinto Premium,2026-05-21T14:45:08.237559600
1100,SOUVENIR,15.0,1,Recinto Central,2026-05-21T14:45:08.238645800
948,ENCLOSURE_FEE_BASIC,10.0,1,Recinto Básico,2026-05-21T14:45:08.239657600
945,ENCLOSURE_FEE_PREMIUM,30.0,2,Recinto Premium,2026-05-21T14:45:08.239657600
1101,SOUVENIR,15.0,3,Recinto Central,2026-05-21T14:45:08.239657600
975,ENCLOSURE_FEE_VIP,75.0,3,Recinto VIP,2026-05-21T14:45:08.239657600
946,ENCLOSURE_FEE_PREMIUM,30.0,4,Recinto Premium,2026-05-21T14:45:08.241106200
1102,SOUVENIR,15.0,5,Recinto Central,2026-05-21T14:45:08.241106200
947,ENCLOSURE_FEE_PREMIUM,30.0,5,Recinto Premium,2026-05-21T14:45:08.241106200
948,ENCLOSURE_FEE_PREMIUM,30.0,6,Recinto Premium,2026-05-21T14:45:08.241106200
949,ENCLOSURE_FEE_PREMIUM,30.0,7,Recinto Premium,2026-05-21T14:45:08.242438900
950,ENCLOSURE_FEE_PREMIUM,30.0,8,Recinto Premium,2026-05-21T14:45:08.242438900
951,ENCLOSURE_FEE_PREMIUM,30.0,9,Recinto Premium,2026-05-21T14:45:08.242438900
1103,SOUVENIR,15.0,10,Recinto Central,2026-05-21T14:45:08.243431700
952,ENCLOSURE_FEE_PREMIUM,30.0,10,Recinto Premium,2026-05-21T14:45:08.243431700
949,ENCLOSURE_FEE_BASIC,10.0,11,Recinto Básico,2026-05-21T14:45:08.243431700
1104,SOUVENIR,15.0,12,Recinto Central,2026-05-21T14:45:08.244525600
976,ENCLOSURE_FEE_VIP,75.0,12,Recinto VIP,2026-05-21T14:45:08.244525600
950,ENCLOSURE_FEE_BASIC,10.0,13,Recinto Básico,2026-05-21T14:45:08.244525600
1105,SOUVENIR,15.0,14,Recinto Central,2026-05-21T14:45:08.244525600
951,ENCLOSURE_FEE_BASIC,10.0,14,Recinto Básico,2026-05-21T14:45:08.244525600
952,ENCLOSURE_FEE_BASIC,10.0,15,Recinto Básico,2026-05-21T14:45:08.245981800
953,ENCLOSURE_FEE_PREMIUM,30.0,16,Recinto Premium,2026-05-21T14:45:08.245981800
1106,SOUVENIR,15.0,17,Recinto Central,2026-05-21T14:45:08.245981800
977,ENCLOSURE_FEE_VIP,75.0,17,Recinto VIP,2026-05-21T14:45:08.247405700
1107,SOUVENIR,15.0,18,Recinto Central,2026-05-21T14:45:08.247405700
978,ENCLOSURE_FEE_VIP,75.0,18,Recinto VIP,2026-05-21T14:45:08.247405700
979,ENCLOSURE_FEE_VIP,75.0,19,Recinto VIP,2026-05-21T14:45:08.248410
980,ENCLOSURE_FEE_VIP,75.0,20,Recinto VIP,2026-05-21T14:45:08.248410
981,ENCLOSURE_FEE_VIP,75.0,21,Recinto VIP,2026-05-21T14:45:08.248410
1108,SOUVENIR,15.0,22,Recinto Central,2026-05-21T14:45:08.249510800
982,ENCLOSURE_FEE_VIP,75.0,22,Recinto VIP,2026-05-21T14:45:08.249510800
953,ENCLOSURE_FEE_BASIC,10.0,23,Recinto Básico,2026-05-21T14:45:08.250508400
983,ENCLOSURE_FEE_VIP,75.0,24,Recinto VIP,2026-05-21T14:45:08.250508400
1109,SOUVENIR,15.0,25,Recinto Central,2026-05-21T14:45:08.251508800
954,ENCLOSURE_FEE_BASIC,10.0,25,Recinto Básico,2026-05-21T14:45:08.251508800
1110,SOUVENIR,15.0,26,Recinto Central,2026-05-21T14:45:08.252511400
955,ENCLOSURE_FEE_BASIC,10.0,26,Recinto Básico,2026-05-21T14:45:08.252511400
984,ENCLOSURE_FEE_VIP,75.0,27,Recinto VIP,2026-05-21T14:45:08.252511400
985,ENCLOSURE_FEE_VIP,75.0,28,Recinto VIP,2026-05-21T14:45:08.253514200
1111,SOUVENIR,15.0,29,Recinto Central,2026-05-21T14:45:08.253514200
956,ENCLOSURE_FEE_BASIC,10.0,29,Recinto Básico,2026-05-21T14:45:08.253514200
1112,SOUVENIR,15.0,30,Recinto Central,2026-05-21T14:45:08.253514200
957,ENCLOSURE_FEE_BASIC,10.0,30,Recinto Básico,2026-05-21T14:45:08.254870900
954,ENCLOSURE_FEE_PREMIUM,30.0,1,Recinto Premium,2026-05-21T14:45:08.254870900
958,ENCLOSURE_FEE_BASIC,10.0,2,Recinto Básico,2026-05-21T14:45:08.256229200
986,ENCLOSURE_FEE_VIP,75.0,3,Recinto VIP,2026-05-21T14:45:08.256229200
1113,SOUVENIR,15.0,4,Recinto Central,2026-05-21T14:45:08.256229200
987,ENCLOSURE_FEE_VIP,75.0,4,Recinto VIP,2026-05-21T14:45:08.257276800
955,ENCLOSURE_FEE_PREMIUM,30.0,5,Recinto Premium,2026-05-21T14:45:08.257276800
956,ENCLOSURE_FEE_PREMIUM,30.0,6,Recinto Premium,2026-05-21T14:45:08.257276800
988,ENCLOSURE_FEE_VIP,75.0,7,Recinto VIP,2026-05-21T14:45:08.258497800
957,ENCLOSURE_FEE_PREMIUM,30.0,8,Recinto Premium,2026-05-21T14:45:08.258497800
989,ENCLOSURE_FEE_VIP,75.0,9,Recinto VIP,2026-05-21T14:45:08.258497800
958,ENCLOSURE_FEE_PREMIUM,30.0,10,Recinto Premium,2026-05-21T14:45:08.258497800
1114,SOUVENIR,15.0,11,Recinto Central,2026-05-21T14:45:08.260012900
990,ENCLOSURE_FEE_VIP,75.0,11,Recinto VIP,2026-05-21T14:45:08.260012900
991,ENCLOSURE_FEE_VIP,75.0,12,Recinto VIP,2026-05-21T14:45:08.261049600
959,ENCLOSURE_FEE_BASIC,10.0,13,Recinto Básico,2026-05-21T14:45:08.261049600
1115,SOUVENIR,15.0,14,Recinto Central,2026-05-21T14:45:08.261049600
959,ENCLOSURE_FEE_PREMIUM,30.0,14,Recinto Premium,2026-05-21T14:45:08.262354700
960,ENCLOSURE_FEE_BASIC,10.0,15,Recinto Básico,2026-05-21T14:45:08.262354700
992,ENCLOSURE_FEE_VIP,75.0,16,Recinto VIP,2026-05-21T14:45:08.263354200
1116,SOUVENIR,15.0,17,Recinto Central,2026-05-21T14:45:08.263354200
961,ENCLOSURE_FEE_BASIC,10.0,17,Recinto Básico,2026-05-21T14:45:08.263354200
962,ENCLOSURE_FEE_BASIC,10.0,18,Recinto Básico,2026-05-21T14:45:08.264354300
993,ENCLOSURE_FEE_VIP,75.0,19,Recinto VIP,2026-05-21T14:45:08.264354300
1117,SOUVENIR,15.0,20,Recinto Central,2026-05-21T14:45:08.264354300
960,ENCLOSURE_FEE_PREMIUM,30.0,20,Recinto Premium,2026-05-21T14:45:08.265355100
994,ENCLOSURE_FEE_VIP,75.0,21,Recinto VIP,2026-05-21T14:45:08.266361700
961,ENCLOSURE_FEE_PREMIUM,30.0,22,Recinto Premium,2026-05-21T14:45:08.266361700
995,ENCLOSURE_FEE_VIP,75.0,23,Recinto VIP,2026-05-21T14:45:08.267352900
1118,SOUVENIR,15.0,24,Recinto Central,2026-05-21T14:45:08.267352900
963,ENCLOSURE_FEE_BASIC,10.0,24,Recinto Básico,2026-05-21T14:45:08.267352900
1119,SOUVENIR,15.0,25,Recinto Central,2026-05-21T14:45:08.268865100
962,ENCLOSURE_FEE_PREMIUM,30.0,25,Recinto Premium,2026-05-21T14:45:08.268865100
1120,SOUVENIR,15.0,26,Recinto Central,2026-05-21T14:45:08.268865100
963,ENCLOSURE_FEE_PREMIUM,30.0,26,Recinto Premium,2026-05-21T14:45:08.270281600
1121,SOUVENIR,15.0,27,Recinto Central,2026-05-21T14:45:08.270281600
964,ENCLOSURE_FEE_BASIC,10.0,27,Recinto Básico,2026-05-21T14:45:08.270281600
1122,SOUVENIR,15.0,28,Recinto Central,2026-05-21T14:45:08.271553400
965,ENCLOSURE_FEE_BASIC,10.0,28,Recinto Básico,2026-05-21T14:45:08.271553400
996,ENCLOSURE_FEE_VIP,75.0,29,Recinto VIP,2026-05-21T14:45:08.271553400
1123,SOUVENIR,15.0,30,Recinto Central,2026-05-21T14:45:08.272862200
964,ENCLOSURE_FEE_PREMIUM,30.0,30,Recinto Premium,2026-05-21T14:45:08.272862200
